{
  "songId": "billie-jean",
  "status": "aligned_ok",
  "tier": 1,
  "model": "affine",
  "params": {
    "a": 4.1857133272268605,
    "b": 1.0211880460335414
  },
  "segment": {
    "midiStart": 0,
    "midiEnd": 281.890625,
    "youtubeStart": 4.1857133272268605,
    "youtubeEnd": 292.0490498661506
  },
  "quality": {
    "anchorsCovered": 141,
    "anchorsTotal": 141,
    "coverage": 1,
    "medianMs": 8.935263942802862,
    "p95Ms": 58.652666948319165
  },
  "reason": null
}