{
  "model": "piecewise_affine",
  "params": {
    "a": 35.20000000000017,
    "b": 1.1
  },
  "quality": {
    "anchorsCovered": 208,
    "anchorsTotal": 214,
    "coverage": 0.9719626168224299,
    "energyScore": 0.9719626168224299,
    "matchToleranceSec": 0.2,
    "medianMs": 69.99999999999318,
    "p95Ms": 189.99999999999773,
    "thresholdProximity": {
      "coverageMargin": 0.27196261682242995,
      "medianMarginMs": 80.00000000000682,
      "p95MarginMs": 210.00000000000227
    }
  },
  "qualityMode": "piecewise_energy_peak",
  "reason": null,
  "reasonDetail": null,
  "segment": {
    "midiEnd": 327.8771635,
    "midiStart": 0,
    "youtubeEnd": 306.16622322300174,
    "youtubeStart": 35.20000000000017
  },
  "segments": [
    {
      "a": 35.20000000000017,
      "b": 1.1,
      "midiEnd": 227.692376,
      "midiStart": 0
    },
    {
      "a": 40.73386350400031,
      "b": 0.846,
      "midiEnd": 315.38471,
      "midiStart": 227.692376
    },
    {
      "a": -45.97385037599827,
      "b": 1.074,
      "midiEnd": 327.8771635,
      "midiStart": 315.38471
    }
  ],
  "songId": "bohemian-rhapsody",
  "status": "aligned_ok",
  "tier": 1,
  "version": "align-v3"
}
