{
  "songId": "fur-elise",
  "status": "aligned_ok",
  "tier": 1,
  "model": "piecewise_affine",
  "params": {
    "a": 34.600000000000094,
    "b": 1.1440000000000001
  },
  "segments": [
    {
      "midiStart": 0,
      "midiEnd": 36.2137894,
      "a": 34.600000000000094,
      "b": 1.1440000000000001
    },
    {
      "midiStart": 36.2137894,
      "midiEnd": 55.597412000000006,
      "a": 65.02797220639965,
      "b": 1.088
    },
    {
      "midiStart": 55.597412000000006,
      "midiEnd": 131.09667836666665,
      "a": 46.08319291039954,
      "b": 1.096
    }
  ],
  "segment": {
    "midiStart": 0,
    "midiEnd": 131.09667836666665,
    "youtubeStart": 34.600000000000094,
    "youtubeEnd": 189.7651524002662
  },
  "quality": {
    "anchorsCovered": 93,
    "anchorsTotal": 116,
    "coverage": 0.9029126213592233,
    "medianMs": 69.99999999999318,
    "p95Ms": 200.00000000000284,
    "energyScore": 0.9029126213592233
  },
  "reason": null
}