{
  "model": "affine",
  "params": {
    "a": 0.8319187547238234,
    "b": 1.029457583726297
  },
  "quality": {
    "anchorsCovered": 69,
    "anchorsTotal": 72,
    "coverage": 0.9583333333333334,
    "matchToleranceSec": 0.2,
    "medianMs": 3.234200094164308,
    "p95Ms": 55.18134105287231,
    "thresholdProximity": {
      "coverageMargin": 0.05833333333333335,
      "medianMarginMs": 116.76579990583569,
      "p95MarginMs": 244.8186589471277
    }
  },
  "qualityMode": "analysis_downbeat",
  "reason": null,
  "reasonDetail": null,
  "segment": {
    "midiEnd": 243.42861200000002,
    "midiStart": 0,
    "youtubeEnd": 251.4313494740901,
    "youtubeStart": 0.8319187547238234
  },
  "songId": "let-it-be",
  "status": "aligned_ok",
  "tier": 1,
  "version": "align-v3"
}
