{
  "songId": "let-it-be",
  "status": "aligned_ok",
  "tier": 1,
  "model": "affine",
  "params": {
    "a": 0.8319187547238234,
    "b": 1.029457583726297
  },
  "segment": {
    "midiStart": 0,
    "midiEnd": 243.42861200000002,
    "youtubeStart": 0.8319187547238234,
    "youtubeEnd": 251.4313494740901
  },
  "quality": {
    "anchorsCovered": 69,
    "anchorsTotal": 72,
    "coverage": 0.9583333333333334,
    "medianMs": 3.234200094164308,
    "p95Ms": 55.18134105287231
  },
  "reason": null
}