{
  "songId": "piano-man",
  "status": "aligned_ok",
  "tier": 2,
  "model": "affine",
  "params": {
    "a": 140.59999999999948,
    "b": 1.108
  },
  "segment": {
    "midiStart": 0,
    "midiEnd": 169.96499999999997,
    "youtubeStart": 140.59999999999948,
    "youtubeEnd": 328.9212199999995
  },
  "quality": {
    "anchorsCovered": 92,
    "anchorsTotal": 95,
    "coverage": 0.968421052631579,
    "medianMs": 50.00000000001137,
    "p95Ms": 189.99999999999773,
    "energyScore": 0.968421052631579
  },
  "reason": null
}