{
  "songId": "stand-by-me",
  "status": "aligned_ok",
  "tier": 2,
  "model": "affine",
  "params": {
    "a": 20.400000000000027,
    "b": 1.012
  },
  "segment": {
    "midiStart": 0,
    "midiEnd": 112.0390625,
    "youtubeStart": 20.400000000000027,
    "youtubeEnd": 133.78353125000004
  },
  "quality": {
    "anchorsCovered": 57,
    "anchorsTotal": 57,
    "coverage": 1,
    "medianMs": 40.00000000000625,
    "p95Ms": 200.00000000000284,
    "energyScore": 1
  },
  "reason": null
}