{
  "version": 1,
  "progressions": [
    {
      "name": "Default",
      "chords": [
        "G",
        "D",
        "A",
        "G"
      ],
      "color": "#e74c3c"
    }
  ],
  "nodePositions": {
    "G": {
      "x": 689.5927240803636,
      "y": 194.79913664242764
    },
    "D": {
      "x": 348.79628910680003,
      "y": 543.5975967694735
    },
    "A": {
      "x": 181.59808041127272,
      "y": 115.59949350187482
    }
  }
}