loop,loop_back,length,song_count,total_occurrences,example_songs
G C,→ G,2,673,2199,Air Supply - All Out of Love|Bette Midler - The Rose|Billie Eilish - Ocean Eyes|Billy Joel - Piano Man|Cat Stevens - Wild World|Christmas - Winter Wonderland|Chrstimas - Silent Night - key of G|Creedence Clearwater Revival - Have You Ever Seen The Rain
C G,→ C,2,651,1983,Billie Eilish - Ocean Eyes|Cat Stevens - Wild World|Christmas - O Holy Night|Chrstimas - Silent Night - key of G|Creedence Clearwater Revival - Have You Ever Seen The Rain|Elton John - Daniel|Elvis Presley - Always On My Mind|Elvis Presley - If I Can Dream
C F,→ C,2,554,1674,Air Supply - All Out of Love|Audrey Hepburn - Moon River|Billy Joel - Piano Man|Billy Joel - Vienna|Cat Stevens - Wild World|Christmas - O Holy Night|Christmas - Silent Night - key of C|David Bowie - Space Oddity
G D,→ G,2,507,1614,Alessia Cara - Out Of Love|Bob Dylan - Blowin' in the Wind|Bob Marley & The Wailers - Three Little Birds (D)|Dua Lipa - Don't Start Now|Frank Sinatra - My Way|Johnny Nash - I Can See Clearly Now|Luke Hemmings - Starting Line|Neil Young - After The Gold Rush
F C,→ F,2,465,1464,Air Supply - All Out of Love|Audrey Hepburn - Moon River|Barry Manilow - Mandy|Billy Joel - Piano Man|Christmas - Silent Night - key of C|David Bowie - Space Oddity|David Bowie - The Man Who Sold The World|Elton John - Daniel
D G,→ D,2,464,1612,Barry Manilow - Mandy|Billy Joel - She's Got A Way|Bob Dylan - Blowin' in the Wind|Bob Marley & The Wailers - Three Little Birds (D)|Cat Stevens - Father And Son|Dua Lipa - Don't Start Now|Elvis Presley - Always On My Mind|Elvis Presley - If I Can Dream
D A,→ D,2,395,1236,"ABBA - Waterloo|Bob Marley & The Wailers - Three Little Birds (A)|Bob Marley & The Wailers - Three Little Birds (D)|Crosby, Stills, Nash, & Young - Our House|Elvis Presley - Can't Help Falling In Love|Patti Smith - Because the Night|Pink - Just Give Me A Reason|Pink Floyd - Comfortably Numb"
A D,→ A,2,395,1239,"ABBA - Waterloo|Bob Marley & The Wailers - Three Little Birds (A)|Crosby, Stills, Nash, & Young - Our House|Eric Clapton - Tears in Heaven|John Denver - Take Me Home Country Roads|Patti Smith - Because the Night|Pink Floyd - Comfortably Numb|The Beatles - Here Comes The Sun"
E A,→ E,2,369,1275,Bee Gees - To Love Somebody|Big Thief - Masterpiece|Blondie - Heart Of Glass|Bo Burnham - That Funny Feeling|Bonnie Raitt - John Prine - Angel from Montgomery|Christmas - Winter Wonderland|Eagles & Charles Brown - Please Come Home for Christmas |Eric Clapton - Tears in Heaven
A E,→ A,2,363,1157,Bee Gees - To Love Somebody|Big Thief - Masterpiece|Blondie - Heart Of Glass|Bo Burnham - That Funny Feeling|Bob Marley & The Wailers - Three Little Birds (A)|Bonnie Raitt - John Prine - Angel from Montgomery|Christmas - Winter Wonderland|Eric Clapton - Tears in Heaven
G Em,→ G,2,267,687,Chrstimas - Silent Night - key of G|Cyndi Lauper - Girls Just Want To Have Fun|Neil Young - Heart of Gold|Nick Cave & The Bad Seeds - Into My Arms|Procol Harum - A Whiter Shade of Pale|Simon & Garfunkel_Traditional - Scarborough Fair|ABBA - does your mother know|ABBA - eagle
F A#,→ F,2,252,747,ABBA - i have a dream|ABBA - move on|Ace Of Base - lucky love|ace_of_base - lucky love|adams_bryan - summer of 69|aerosmith - what it takes|Bangles - hazy|BareNaked Ladies - The Old Apartment
G A,→ G,2,226,670,Otis Redding - (Sittin’ On) the Dock of the Bay|Psycho Killer - Talking Heads|Sam Cooke - Bring It On Home to Me|Tears For Fears - Everybody Wants To Rule The World|The Beach Boys - God Only Knows|The Moody Blues - Nights In White Satin|ABBA - just like that|AC DC - highway to hell
C D,→ C,2,223,422,Barry Manilow - Mandy|Billy Joel - She's Got A Way|Billy Joel - Vienna|David Bowie - Space Oddity|Pure Prairie League - Amie|Rod Stewart - Reason To Believe|Sam Cooke - Bring It On Home to Me|Seals & Crofts - Summer Breeze
A# F,→ A#,2,223,642,ABBA - i have a dream|ABBA - move on|Ace Of Base - lucky love|ace_of_base - lucky love|aerosmith - what it takes|BareNaked Ladies - The Old Apartment|Barry Manilow - Mandy|Beat - backassup
G C G C,→ G,4,216,699,Creedence Clearwater Revival - Have You Ever Seen The Rain|Grateful Dead - Ripple|John Denver - Leaving on a Jet Plane|John Lennon - Jealous Guy|Queen - You're My Best Friend|AC DC - you shook me|ac_dc - you shook me|America - America TinMan
C Am,→ C,2,216,450,Christmas - Silent Night - key of C|Elvis Presley - If I Can Dream|Leonard Cohen - Hallelujah|Miley Cyrus - Midnight Sky|The Beatles - Let It Be|ABBA - eagle|ABBA - like an angel passing through my room|ABBA - like an angel pŠugh my room
G Am,→ G,2,214,500,Gerry Rafferty - Right Down The Line|Gillian Welch - Look At Miss Ohio|Jackson Browne - Late For The Sky|Jeremy Zucker - Comethru|Led Zeppelin - D’yer Mak’er|Oh Shenandoah|Pink - Just Give Me A Reason|Pink Floyd - Wish You Were Here
G F,→ G,2,210,634,Air Supply - All Out of Love|Bette Midler - The Rose|Bob Dylan - Like a Rolling Stone|Bruno Mars - Count On Me|Cat Stevens - Wild World|Elton John - I Guess That's Why They Call It The Blues|Elvis Presley - If I Can Dream|Fleetwood Mac - Dreams
C G C G,→ C,4,205,664,Creedence Clearwater Revival - Have You Ever Seen The Rain|Grateful Dead - Ripple|John Denver - Leaving on a Jet Plane|John Lennon - Jealous Guy|Leonard Cohen - Hallelujah|Queen - You're My Best Friend|AC DC - you shook me|ac_dc - you shook me
A G,→ A,2,205,589,ABBA - Waterloo|Bee Gees - To Love Somebody|Neil Young - After The Gold Rush|Psycho Killer - Talking Heads|Sam Cooke - Bring It On Home to Me|Tears For Fears - Everybody Wants To Rule The World|The Beach Boys - God Only Knows|The Cure - Friday I'm In Love
D C,→ D,2,202,434,Barry Manilow - Mandy|Billy Joel - She's Got A Way|Finneas - Break My Heart Again|Pure Prairie League - Amie|Radiohead - Karma Police|Rod Stewart - Reason To Believe|Sam Cooke - Bring It On Home to Me|Seals & Crofts - Summer Breeze
C Dm,→ C,2,202,544,Bill Withers - Lean on Me|Black Sabbath - Changes|Elton John - I Guess That's Why They Call It The Blues|Joni Mitchell - River|Louis Armstrong - What A Wonderful World|Nick Cave & The Bad Seeds - Into My Arms|Paul McCartney - Live and Let Die|R.E.M. - Losing My Religion
Em G,→ Em,2,201,538,Cyndi Lauper - Girls Just Want To Have Fun|John Lennon - Jealous Guy|Seals & Crofts - Summer Breeze|Simon & Garfunkel_Traditional - Scarborough Fair|ABBA - eagle|ABBA - super trouper|AC DC - for those about to rock|AC DC - you shook me
F G,→ F,2,200,606,Barry Manilow - Mandy|Billy Joel - Piano Man|Bob Dylan - Like a Rolling Stone|Cat Stevens - Wild World|Elton John - Daniel|Elton John - I Guess That's Why They Call It The Blues|Fleetwood Mac - Dreams|Jackson Browne - Late For The Sky
D# A#,→ D#,2,185,473,ABBA - move on|Ace Of Base - Always Have Always Will|Air Supply - All Out Of Love|Barry Manilow - Mandy|Beach Boys - i m waiting for an answer|beach_boys - i'm waiting for an answer|Beatles - chains|Beatles - revolution
C Em,→ C,2,183,420,Bruno Mars - Count On Me|David Bowie - Space Oddity|Pink - Just Give Me A Reason|The La's - There She Goes|The Moody Blues - Nights In White Satin|ABBA - super trouper|adams_bryan - have you ever really loved a woman|aerosmith - the other side
E B,→ E,2,180,577,Céline Dion - My Heart Will Go On|Phoebe Bridgers - That Funny Feeling|Sasha Sloan - Dancing With Your Ghost|The Beatles - With A Little Help From My Friends|Wheatus - Teenage Dirtbag|311 - down|ABBA - hole in your soul|abdul_paula - rush rush
A# D#,→ A#,2,178,479,ABBA - move on|Ace Of Base - Always Have Always Will|Air Supply - All Out Of Love|Barry Manilow - Mandy|Beach Boys - i m waiting for an answer|beach_boys - i'm waiting for an answer|Beat - blue|Beatles - chains
Am C,→ Am,2,167,362,Elvis Presley - If I Can Dream|Led Zeppelin - D’yer Mak’er|Leonard Cohen - Hallelujah|ABBA - eagle|America - america sandman|BabyFace - babyface when|Beach Boys - i m waiting for an answer|beach_boys - i'm waiting for an answer
D Em,→ D,2,166,561,America - A Horse with No Name|Dua Lipa - Don't Start Now|Nirvana - Come As You Are|Pink - Just Give Me A Reason|Rod Stewart - Reason To Believe|Simon & Garfunkel_Traditional - Scarborough Fair|Taylor Swift - Lover|The Moody Blues - Nights In White Satin
C F C F,→ C,4,162,499,Air Supply - All Out of Love|Audrey Hepburn - Moon River|Billy Joel - Piano Man|Elton John - Daniel|Jackson Browne - Late For The Sky|John Lennon - Imagine|John Lennon - Watching The Wheels|Nick Cave & The Bad Seeds - Into My Arms
C A#,→ C,2,162,394,ABBA - summer night city|Ace Of Base - lucky love|ace_of_base - lucky love|aerosmith - walk this way|aerosmith - what it takes|Air Supply - Even The Nights Are Better|BabyFace - babyface everytime|Bangles - hazy
B E,→ B,2,157,497,Céline Dion - My Heart Will Go On|Neil Diamond - Sweet Caroline|Phoebe Bridgers - That Funny Feeling|Sasha Sloan - Dancing With Your Ghost|The Beatles - Hey Bulldog|The Beatles - With A Little Help From My Friends|The Kinks - Waterloo Sunset|Wheatus - Teenage Dirtbag
F C F C,→ F,4,153,464,Air Supply - All Out of Love|Audrey Hepburn - Moon River|Billy Joel - Piano Man|Elton John - Daniel|Jackson Browne - Late For The Sky|John Lennon - Imagine|John Lennon - Watching The Wheels|Nick Cave & The Bad Seeds - Into My Arms
Dm C,→ Dm,2,151,457,Bill Withers - Lean on Me|Black Sabbath - Changes|Elton John - I Guess That's Why They Call It The Blues|Joni Mitchell - River|Louis Armstrong - What A Wonderful World|Nick Cave & The Bad Seeds - Into My Arms|R.E.M. - Losing My Religion|The Beatles - Now And Then
G# D#,→ G#,2,150,370,ABBA - tiger|alan_parsons_project - the raven|Beach Boys - surfer girl|Beach Boys - surfs up|beach_boys - surfer girl|beach_boys - surfs up|Beatles - piggies|Bee Bees - don t forget to remember
A E A E,→ A,4,147,438,Blondie - Heart Of Glass|Bo Burnham - That Funny Feeling|Bonnie Raitt - John Prine - Angel from Montgomery|John Denver - Take Me Home Country Roads|2 Unlimited - are you ready for this|ABBA - dancing queen|adams_bryan - thought i'd died and gone to heaven|Allman Brothers Band - blue sky
D G D G,→ D,4,146,537,Bob Marley & The Wailers - Three Little Birds (D)|Luke Hemmings - Starting Line|Neil Young - After The Gold Rush|R.E.M. - Everybody Hurts|Radiohead - Karma Police|adams_bryan - all for love|America - america Ventura hwy|Bananorama - Venus
E A E A,→ E,4,145,457,Blondie - Heart Of Glass|Bo Burnham - That Funny Feeling|Bonnie Raitt - John Prine - Angel from Montgomery|Christmas - Winter Wonderland|Sufjan Stevens - Fourth of July|2 Unlimited - are you ready for this|ABBA - dancing queen|adams_bryan - thought i'd died and gone to heaven
D# G#,→ D#,2,145,380,ABBA - tiger|Barry Manilow - Mandy|Beach Boys - surfer girl|beach_boys - surfer girl|Beatles - long and winding road|Beatles - nowhere man|Beatles - piggies|Beatles - the inner light
Em C,→ Em,2,144,330,Bruno Mars - Count On Me|Cyndi Lauper - Girls Just Want To Have Fun|David Bowie - Space Oddity|The Cranberries - Zombie|The La's - There She Goes|The Moody Blues - Nights In White Satin|ABBA - super trouper|aerosmith - the other side
Am G,→ Am,2,143,343,Led Zeppelin - D’yer Mak’er|Psycho Killer - Talking Heads|R.E.M. - Losing My Religion|Simon & Garfunkel - The Boxer|The Beatles - Here There And Everywhere|adams_bryan - heaven|alan_parsons_project - the raven|Allman Brothers Band - in memory elizabeth
G D G D,→ G,4,141,513,Bob Marley & The Wailers - Three Little Birds (D)|Johnny Nash - I Can See Clearly Now|Neil Young - After The Gold Rush|R.E.M. - Everybody Hurts|ABBA - eagle|adams_bryan - all for love|America - america Ventura hwy|Bananorama - Venus
D A D A,→ D,4,140,439,"ABBA - Waterloo|Bob Marley & The Wailers - Three Little Birds (A)|Crosby, Stills, Nash, & Young - Our House|The Beatles - I'm So Tired|The Beatles - Lady Madonna|The Pogues - Fairytale of New York|ABBA - chiquitita|ABBA - dancing queen"
G A D,→ G,3,137,294,Bob Dylan - Blowin' in the Wind|Johnny Nash - I Can See Clearly Now|The Pogues - Fairytale of New York|Beach Boys - surfer girl|beach_boys - surfer girl|Beatles - act naturaly|Beatles - drive my car|Beatles - honey pie
C F G,→ C,3,136,297,Bob Dylan - Like a Rolling Stone|Creedence Clearwater Revival - Have You Ever Seen The Rain|Elton John - Daniel|Lady Gaga - Always Remember Us This Way|Taylor Swift - Nothing New|adams_bryan - heaven|Beatles - flying|Beatles - imagine
A# C,→ A#,2,135,332,ABBA - summer night city|aerosmith - walk this way|BabyFace - babyface everytime|Beatles - blackbird|Beatles - i will|Ben Folds Five - song for the dumped|Bon Jovi - keepthefaith|Bon Jovi - keep the faith bon jovi
C D G,→ C,3,133,269,Elvis Presley - Always On My Mind|John Denver - Leaving on a Jet Plane|Mariah Carey - All I Want For Christmas|The Beatles - Lucy In The Sky With Diamonds|aerosmith - pink|aerosmith - the other side|America - america lonely people|Beach Boys - kokomo
Em D,→ Em,2,133,493,America - A Horse with No Name|Nirvana - Come As You Are|Simon & Garfunkel_Traditional - Scarborough Fair|The Moody Blues - Nights In White Satin|ABBA - just like that|ABBA - my love my life|Ace Of Base - Dont Turn Around|Ace Of Base - don t turn around
A D A D,→ A,4,131,442,"ABBA - Waterloo|Bob Marley & The Wailers - Three Little Birds (A)|Crosby, Stills, Nash, & Young - Our House|The Beatles - I'm So Tired|The Beatles - Lady Madonna|ABBA - chiquitita|ABBA - dancing queen|ABBA - i am the city"
G C D,→ G,3,131,291,Elvis Presley - Always On My Mind|John Denver - Leaving on a Jet Plane|The Beatles - Lucy In The Sky With Diamonds|The La's - There She Goes|98 Degrees - I Do Cherish You|AC DC - you shook me|ac_dc - you shook me|aerosmith - the other side
D E,→ D,2,127,319,David Bowie - Moonage Daydream|The Beatles - I Am The Walrus|The Beatles - Strawberry Fields Forever|adams_bryan - can't stop this thing we started|adams_bryan - please forgive me|aerosmith - crazy|BareNaked Ladies - One Week|Beatles - here comes the sun
E D,→ E,2,127,346,David Bowie - Moonage Daydream|Linda Ronstadt - Long Long Time|Sufjan Stevens - Fourth of July|The Moody Blues - Nights In White Satin|Tracy Chapman - Fast Car|a-ha - Take On Me|ABBA - chiquitita|adams_bryan - can't stop this thing we started
A B,→ A,2,122,316,America - Sister Golden Hair|Carpenters - Yesterday Once More|The Beatles - Here Comes The Sun|abdul_paula - blowing kisses in the wind|adams_bryan - thought i'd died and gone to heaven|Air Supply - She Never Heard Me Call|Alice In Chains - no excuses|alice_in_chains - no excuses
C G F,→ C,3,121,295,Billy Joel - Piano Man|Carly Simon - You're So Vain|Elton John - I Guess That's Why They Call It The Blues|Gerry & The Pacemakers - You'll Never Walk Alone|Gillian Welch - Look At Miss Ohio|Jackson Browne - Late For The Sky|Lady Gaga - Always Remember Us This Way|Nazareth - Love Hurts
D G A,→ D,3,118,281,ABBA - Waterloo|Bob Dylan - Blowin' in the Wind|John Lennon - Love|Johnny Nash - I Can See Clearly Now|Lana Del Rey - Young And Beautiful|Rod Stewart - Reason To Believe|The Pogues - Fairytale of New York|Beach Boys - surfer girl
A Bm,→ A,2,118,321,Chris Stapleton - Tennessee Whiskey|Oh Wonder - Drive|Patti Smith - Because the Night|The Cure - Friday I'm In Love|ABBA - knowing me knowing you|ABBA - waterloo|Alice In Chains - over now|alice_in_chains - over now
F C G,→ F,3,115,234,Air Supply - All Out of Love|Billy Joel - Piano Man|Carly Simon - You're So Vain|Cat Stevens - Wild World|Elton John - I Guess That's Why They Call It The Blues|Gillian Welch - Look At Miss Ohio|Jackson Browne - Late For The Sky|Lady Gaga - Always Remember Us This Way
F G C,→ F,3,113,237,Air Supply - All Out of Love|Bob Dylan - Like a Rolling Stone|Creedence Clearwater Revival - Have You Ever Seen The Rain|Gerry & The Pacemakers - You'll Never Walk Alone|Jackson Browne - Late For The Sky|Joni Mitchell - River|Lady Gaga - Always Remember Us This Way|Psycho Killer - Talking Heads
A D G,→ A,3,110,261,ABBA - Waterloo|Bob Dylan - Blowin' in the Wind|John Lennon - Happy Xmas (War Is Over)|John Lennon - Love|The Beatles - Something|The Pogues - Fairytale of New York|Ace Of Base - life is a flower|Beatles - maxwell's silver hammer
A F#m,→ A,2,110,289,Lana Del Rey - Video Games|Oasis - Wonderwall|The Beatles - Free As A Bird|adams_bryan - run to you|aerosmith - boogie man|Air Supply - Two Less Lonely People|America - america Sister goldenhair|Beat - tha cros
B A,→ B,2,108,332,Carpenters - Yesterday Once More|Céline Dion - My Heart Will Go On|The Beatles - Here Comes The Sun|The Kinks - Waterloo Sunset|The Moody Blues - Nights In White Satin|adams_bryan - run to you|Air Supply - She Never Heard Me Call|Alice In Chains - no excuses
G# C#,→ G#,2,106,384,Radiohead - Let Down|ABBA - tiger|Alice In Chains - rooster|alice_in_chains - rooster|Bee Bees - don t forget to remember|beegees - don't forget to remember|Blur - ecco song|Blur - song 2
C# F#,→ C#,2,106,332,The Turtles - Happy Together|aerosmith - janie's got a gun|aerosmith - janie s got a gun|Alice In Chains - i stay away|alice_in_chains - i stay away|Asia - heat of the moment|Bob Seger - BobSeger OldTimeRnR|Bon Jovi - one sweet day
C# G#,→ C#,2,105,383,ABBA - tiger|Ace Of Base - all that she wants|ace_of_base - all that she wants|Bee Bees - too much heaven|beegees - too much heaven|Bob Seger - BobSeger Mainstreet|Bon Jovi - one sweet day|Bonnie Raitt - Something to Talk About
F D#,→ F,2,105,222,Air Supply - All Out Of Love|alan_parsons_project - the cask of amontillado|BareNaked Ladies - The Old Apartment|Beatles - chains|Beatles - ob la di ob la da|Billy Joel - Its Still Rock and Roll To|Billy Joel - its still rock and roll to me|Blues Brothers - peter gunn
F# C#,→ F#,2,102,298,Sonny & Cher - I Got You Babe|The Turtles - Happy Together|aerosmith - janie's got a gun|aerosmith - janie s got a gun|Alice In Chains - i stay away|alice_in_chains - i stay away|Asia - heat of the moment|Backstreet Boys - everybody
F Am,→ F,2,100,251,Jackson Browne - Late For The Sky|Leonard Cohen - Hallelujah|Red Hot Chili Peppers - Californication|3t - i need you|3t - i want you|AC DC - who made who|ac_dc - who made who|adams_bryan - heaven
F Gm,→ F,2,99,313,Lou Reed - Perfect Day|Louis Armstrong - What A Wonderful World|Lukas Graham - 7 Years|3t - i need you|3t - i want you|Air Supply - All Out Of Love|BareNaked Ladies - The Old Apartment|beach_boys - i just wasnt made for these times
G Bm,→ G,2,99,239,Psycho Killer - Talking Heads|The Rolling Stones - Wild Horses|Ace Of Base - Dont Turn Around|Ace Of Base - don t turn around|ace_of_base - don't turn around|alan_parsons_project - eye in the sky|All 4 One - i swear|all_4_one - i swear
F# B,→ F#,2,97,301,Simon & Garfunkel - The Sound of Silence|Sonny & Cher - I Got You Babe|3t - why|ABBA - that's me|ABBA - that s me|aerosmith - janie's got a gun|aerosmith - janie s got a gun|Bon Jovi - bed of roses
B F#,→ B,2,96,287,Lewis Capaldi - Hold Me While You Wait|Neil Diamond - Sweet Caroline|Simon & Garfunkel - The Sound of Silence|Sonny & Cher - I Got You Babe|The Beatles - Hey Bulldog|The Cars - Drive|ABBA - angel eyes|Beach Boys - fun fun fun
G C F,→ G,3,95,244,Bob Dylan - Like a Rolling Stone|Creedence Clearwater Revival - Have You Ever Seen The Rain|Lady Gaga - Always Remember Us This Way|Leonard Cohen - Hallelujah|Psycho Killer - Talking Heads|Taylor Swift - Nothing New|The Righteous Brothers - Unchained Melody|Atlantic Starr - i ll remember you
D G C,→ D,3,93,194,Elvis Presley - Always On My Mind|The Beatles - Lucy In The Sky With Diamonds|ABBA - i'm a marionette|ABBA - i m a marionette|aerosmith - pink|aerosmith - the other side|America - america lonely people|Beatles - baby it's you
C Am G,→ C,3,92,150,Oasis - Don't Look Back In Anger|Pink Floyd - Wish You Were Here|The La's - There She Goes|The Righteous Brothers - Unchained Melody|Atlantic Starr - always|atlantic_starr - always|Beatles - act naturaly|Beatles - got to get you into my life
D Bm,→ D,2,92,174,Elvis Presley - If I Can Dream|Radiohead - Karma Police|Red Hot Chili Peppers - Californication|Sufjan Stevens - Fourth of July|The Pogues - Fairytale of New York|adams_bryan - all for love|aerosmith - livin on the edge|Air Supply - Making Love Out Of Nothing
C Gm,→ C,2,92,182,Sonny & Cher - I Got You Babe|The Strokes - The Adults Are Talking|Allman Brothers Band - midnight rider|BabyFace - babyface everytime|Backstreet Boys - anywhere for you|backstreet_boys - anywhere for you|Bangles - hazy|Barry Manilow - BarryMannilow IWriteTheSongs
G D C,→ G,3,91,265,Bob Dylan - Knockin' On Heaven's Door|Cat Stevens - Father And Son|Grateful Dead - Ripple|Johnny Nash - I Can See Clearly Now|Otis Redding - (Sittin’ On) the Dock of the Bay|Pink Floyd - Wish You Were Here|Shawn Mendes - It'll Be Okay|Taylor Swift - Lover
E F#m,→ E,2,91,261,"King Princess - 1950|Linda Ronstadt - Long Long Time|a-ha - Take On Me|gnash (feat. olivia o'brien) - i hate u, i love u|ABBA - dancing queen|ABBA - name of the game|Ace Of Base - happy nation|ace_of_base - happy nation"
G F C,→ G,3,89,201,Billy Joel - Piano Man|Cat Stevens - Wild World|Elton John - Daniel|Elton John - I Guess That's Why They Call It The Blues|Gerry & The Pacemakers - You'll Never Walk Alone|Gillian Welch - Look At Miss Ohio|Jackson Browne - Late For The Sky|Nazareth - Love Hurts
C G D,→ C,3,89,260,Cat Stevens - Father And Son|Grateful Dead - Ripple|Johnny Nash - I Can See Clearly Now|Shawn Mendes - It'll Be Okay|Taylor Swift - Lover|The Beatles - Real Love|The La's - There She Goes|Van Morrison - And It Stoned Me
F Dm,→ F,2,89,194,Jackson Browne  - Doctor My Eyes|Olivia Rodrigo - Drivers License|The Strokes - The Adults Are Talking|ABBA - summer night city|adams_bryan - everything i do|adams_bryan - heaven|Alice In Chains - brother|alice_in_chains - brother
G# A#,→ G#,2,89,277,alan_parsons_project - the tell tale heart|Alice In Chains - rooster|alice_in_chains - rooster|Aqua - roses are red|Beach Boys - i get around|beach_boys - i get around|Beat - honey|Beat - jamaroqui virtual
G D A,→ G,3,88,193,Bob Marley & The Wailers - Three Little Birds (D)|Elvis Presley - Can't Help Falling In Love|Neil Young - After The Gold Rush|Neil Young - Helpless - (D)|Pure Prairie League - Amie|Tears For Fears - Everybody Wants To Rule The World|The Cure - Friday I'm In Love|Ace Of Base - Dont Turn Around
C G C F,→ C,4,87,166,Christmas - O Holy Night|Elvis Presley - If I Can Dream|Nick Cave & The Bad Seeds - Into My Arms|ABBA - my love my life|adams_bryan - everything i do|Beatles - flying|brooks_garth - top gun|Bryan Adams - Back To You
A# G#,→ A#,2,86,251,Mac Demarco - Chamber of Reflection|Alice In Chains - rooster|alice_in_chains - rooster|Aqua - roses are red|Beat - honey|Beatles - nowhere man|Beatles - piggies|Billy Joel - The Longest Time
D A G,→ D,3,85,193,Bob Marley & The Wailers - Three Little Birds (D)|Neil Young - Helpless - (D)|Pure Prairie League - Amie|Tears For Fears - Everybody Wants To Rule The World|The Pogues - Fairytale of New York|Ace Of Base - Dont Turn Around|Ace Of Base - don t turn around|ace_of_base - don't turn around
F A# F A#,→ F,4,84,235,ABBA - i have a dream|BareNaked Ladies - The Old Apartment|Beatles - i will|Beatles - revolution|Beatles - there's a place|Beatles - there s a place|Beatles - you never give me your money|Ben Folds Five - missing the war
G C G D,→ G,4,83,195,Van Morrison - Brown Eyed Girl|Beatles - i don't want to spoil the party|Bee Bees - massachusetts|beegees - massachusetts|Bon Jovi - blaze of glory|Bon Jovi - Wanted Dead Or Alive|buffet_jimmy - when the volcano blows|Christian Music - go tell it on the mountain
G C Am,→ G,3,83,153,Oasis - Don't Look Back In Anger|Simon & Garfunkel - The Boxer|The La's - There She Goes|The Righteous Brothers - Unchained Melody|Atlantic Starr - always|atlantic_starr - always|Beatles - act naturaly|Beatles - i want to hold your hand
D E A,→ D,3,82,136,The Beatles - Lady Madonna|The Pogues - Fairytale of New York|adams_bryan - can't stop this thing we started|aerosmith - crazy|Air Supply - Come What May|Beatles - here comes the sun|Billy Joel - You May Be Right|Blur - country house
G D G C,→ G,4,81,200,Van Morrison - Brown Eyed Girl|ABBA - does your mother know|Billy Joel - River of Dreams|Bob Seger - BobSeger AgainstWind|Boston - more than a feeling|buffet_jimmy - when the volcano blows|Chicago - saturday in the park|Christian Music - go tell it on the mountain
Dm F,→ Dm,2,81,206,David Bowie - The Man Who Sold The World|Jackson Browne  - Doctor My Eyes|The Strokes - The Adults Are Talking|3t - i need you|3t - i want you|ABBA - summer night city|adams_bryan - everything i do|Beach Boys - surfs up
Em A,→ Em,2,81,168,R.E.M. - Everybody Hurts|ABBA - knowing me knowing you|AC DC - back in black|Ace Of Base - Dont Turn Around|Ace Of Base - don t turn around|ace_of_base - don't turn around|ac_dc - back in black|Alice In Chains - no excuses
Am Em,→ Am,2,81,180,R.E.M. - Losing My Religion|ABBA - eagle|aerosmith - walk this way|alan_parsons_project - the raven|America - america sandman|Beat - CantTouchThis|Beatles - can't buy me love|Beatles - can t buy me love
Gm A#,→ Gm,2,81,176,ABBA - like an angel passing through my room|ABBA - like an angel pŠugh my room|Barry Manilow - Copacabana|Beach Boys - good vibrations|beach_boys - good vibrations|Beat - summer|Christian Music - my sins are gone|Christian Music - the lord s prayer
D# F,→ D#,2,81,193,ABBA - summer night city|BareNaked Ladies - The Old Apartment|Barry Manilow - Mandy|Billy Joel - Honesty|carey_mariah - i've been thinking about you|CCR - Long As I Can See The Light|Christofer Cross - Ride Like the Wind|COREL COLLECTION - CLAS 22
C F C G,→ C,4,80,164,Jackson Browne - Late For The Sky|Nick Cave & The Bad Seeds - Into My Arms|Queen - You're My Best Friend|Sam Cooke - Bring It On Home to Me|Billy Joel - Piano Man|Bryan Adams - Back To You|Bryan Adams - Lets Make A Night To Rememb|carey_mariah - human touch
A# Gm,→ A#,2,80,160,Beach Boys - good vibrations|beach_boys - good vibrations|Beat - summer|Beatles - being for the benefit of mr kite|CCR - Lookin Out My Back Door|Christian Music - my sins are gone|Christian Music - praise the lord|Christian Music - savior of the nations come
A G D,→ A,3,79,185,ABBA - Waterloo|Neil Young - Helpless - (D)|Patti Smith - Because the Night|Pure Prairie League - Amie|Tears For Fears - Everybody Wants To Rule The World|The Beach Boys - God Only Knows|Alice In Chains - don t follow|alice_in_chains - don't follow
F#m A,→ F#m,2,79,245,Lana Del Rey - Video Games|Oasis - Wonderwall|The Beatles - Free As A Bird|The Beatles - Hey Bulldog|ABBA - fernando|AC DC - highway to hell|ac_dc - highway to hell|adams_bryan - run to you
D# Cm,→ D#,2,79,237,a-ha - the living daylights|Backstreet Boys - i'll never break your heart|Backstreet Boys - i ll never break your heart|backstreet_boys - i'll never break your heart|Beat - gangstasparadise|Beat - s Paradise|Bob Seger - BobSeger BlindLove|carey_mariah - open arms
Am F,→ Am,2,78,196,John Lennon - Watching The Wheels|Leonard Cohen - Hallelujah|Noah Cyrus - July|Red Hot Chili Peppers - Californication|Taylor Swift - My Tears Ricochet|ABBA - money money money|adams_bryan - heaven|Asia - only time will tell
A Em,→ A,2,78,164,R.E.M. - Everybody Hurts|ABBA - just like that|ABBA - knowing me knowing you|AC DC - highway to hell|ac_dc - highway to hell|Alice In Chains - no excuses|alice_in_chains - no excuses|Beat - daftpunk
D C G,→ D,3,77,242,Bob Dylan - Knockin' On Heaven's Door|Cat Stevens - Father And Son|Johnny Nash - I Can See Clearly Now|Shawn Mendes - It'll Be Okay|Taylor Swift - Lover|The Beatles - Real Love|The La's - There She Goes|Van Morrison - And It Stoned Me
A D E,→ A,3,76,136,ABBA - Waterloo|Bonnie Raitt - John Prine - Angel from Montgomery|The Beatles - Strawberry Fields Forever|ABBA - name of the game|adams_bryan - can't stop this thing we started|adams_bryan - please forgive me|Air Supply - Come What May|Beatles - here comes the sun
D Am,→ D,2,76,164,Lady Gaga and Bradley Cooper - Shallow|Radiohead - Karma Police|The Beatles - Now And Then|Air Supply - Making Love Out Of Nothing|Allman Brothers Band - in memory elizabeth|Barry Manilow - BarryManilow CantSmileWithoutYou|Beatles - i don't want to spoil the party|Beatles - she's a woman
Bm D,→ Bm,2,75,139,Elvis Presley - If I Can Dream|Radiohead - Karma Police|alan_parsons_project - eye in the sky|America - america a horse with no name1|Beach Boys - god only knows|beach_boys - god only knows|Beatles - she loves you|Beatles - what goes on
F#m E,→ F#m,2,74,223,311 - down|ABBA - dancing queen|ABBA - name of the game|Ace Of Base - happy nation|ace_of_base - happy nation|aerosmith - boogie man|Air Supply - Two Less Lonely People|Alice In Chains - what the hell have i
Em G Em G,→ Em,4,73,201,Alice In Chains - nutshell|alice_in_chains - nutshell|America - america a horse with no name1|Beat - fantasy|Beatles - baby it's you|Beatles - baby it s you|Billy Joel - Big Shot|Bryan Adams - This Time
Gm F,→ Gm,2,73,238,Louis Armstrong - What A Wonderful World|ABBA - like an angel passing through my room|ABBA - like an angel pŠugh my room|beach_boys - i just wasnt made for these times|Beat - blue|Beatles - and i love her|Beatles - til there was you|Ben Folds Five - missing the war
G C F C,→ G,4,72,134,Cat Stevens - Wild World|Nick Cave & The Bad Seeds - Into My Arms|Queen - You're My Best Friend|Backstreet Boys - as long as you love me|backstreet_boys - as long as you love me|Billy Joel - Big Shot|Bryan Adams - Back To You|carey_mariah - human touch
A G A G,→ A,4,72,242,Psycho Killer - Talking Heads|Tears For Fears - Everybody Wants To Rule The World|AC DC - highway to hell|Ace Of Base - life is a flower|ac_dc - highway to hell|adams_bryan - summer of 69|BareNaked Ladies - Shoe Box|Beatles - anytime at all
C G Em,→ C,3,72,151,Cavetown - This Is Home|Nazareth - Love Hurts|Neil Young - Heart of Gold|Rod Stewart - Reason To Believe|ABBA - super trouper|aerosmith - what it takes|Beatles - a day in the life|Beatles - baby it's you
F A# C,→ F,3,72,117,BabyFace - babyface everytime|Beatles - all together now|Beatles - and i love her|Ben Folds Five - missing the war|Christian Music - come thou almighty king|Christian Music - largo|Christian Music - trust and obey|Christian Music - who cares
Em Am,→ Em,2,71,173,Elvis Presley - If I Can Dream|R.E.M. - Losing My Religion|ABBA - eagle|Beat - CantTouchThis|Beatles - can't buy me love|Beatles - can t buy me love|Bon Jovi - Shes A Little Runaway|Bryan Adams - Back To You
Bm G,→ Bm,2,71,162,Psycho Killer - Talking Heads|The Rolling Stones - Wild Horses|alan_parsons_project - eye in the sky|All 4 One - i swear|Allman Brothers Band - whipping post|all_4_one - i swear|Beatles - here there and everywhere|Beatles - run for your life
F Em,→ F,2,71,152,ABBA - i wonder|adams_bryan - heaven|Alice In Chains - brother|alice_in_chains - brother|Alien Ant Farm - smoothcriminal|Asia - only time will tell|Billy Joel - Its Still Rock and Roll To|Billy Joel - its still rock and roll to me
G A G A,→ G,4,70,259,Psycho Killer - Talking Heads|Tears For Fears - Everybody Wants To Rule The World|AC DC - highway to hell|Ace Of Base - life is a flower|ac_dc - highway to hell|BareNaked Ladies - Shoe Box|Ben Folds Five - brick|Chumba Wumba - Tubthumping
C G D G,→ C,4,70,159,The Beatles - Lucy In The Sky With Diamonds|Van Morrison - Brown Eyed Girl|Bob Seger - BobSeger AgainstWind|Bon Jovi - Wanted Dead Or Alive|buffet_jimmy - when the volcano blows|Bush - cold contagious|Christian Music - go tell it on the mountain|Christian Music - jesus jesus how i love thee
E C#m,→ E,2,70,148,"Big Thief - Masterpiece|Carpenters - Yesterday Once More|The Beatles - All My Loving|gnash (feat. olivia o'brien) - i hate u, i love u|Alice In Chains - i stay away|alice_in_chains - i stay away|Allman Brothers Band - melissa|Backstreet Boys - i'll never break your heart"
A# Dm,→ A#,2,70,132,98 Degrees - The Hardest Thing|Ace Of Base - Always Have Always Will|Beat - backassup|brooks_garth - thunder rolls|Christian Music - mighty is our god|Christian Music - praise the lord|christian_music - praise the lord|cocker_joe - summer in the city
A# F A# F,→ A#,4,69,215,ABBA - i have a dream|Beatles - i will|Beatles - revolution|Beatles - there's a place|Beatles - there s a place|Beatles - you never give me your money|Ben Folds Five - missing the war|Christian Music - angels watching over me
G Em G Em,→ G,4,69,208,AC DC - you shook me|ac_dc - you shook me|Alice In Chains - nutshell|alice_in_chains - nutshell|America - america I Need You sll|Beat - fantasy|Beatles - baby it's you|Beatles - baby it s you
G Dm,→ G,2,69,149,Beach Boys - i get around|beach_boys - i get around|Beatles - pennylane|Beatles - the end|Bon Jovi - blaze of glory|Bryan Adams - When Youre Gone|Christmas - 12 days of christmas|Christmas - chipmunks christmas
Bm A,→ Bm,2,68,219,"Bob Dylan - Lay, Lady, Lay|Chris Stapleton - Tennessee Whiskey|The Cure - Friday I'm In Love|2 Unlimited - are you ready for this|ABBA - knowing me knowing you|ABBA - waterloo|Alice In Chains - over now|alice_in_chains - over now"
C G Am,→ C,3,67,129,Elton John - I Guess That's Why They Call It The Blues|Lynyrd Skynyrd - Simple Man|Pink - Just Give Me A Reason|Blues Traveller - crash and burn|blues_traveller - crash and burn|Bob Seger - BobSeger TillItShines|Chicago - chihard|Christian Music - awesome god
A B E,→ A,3,66,128,10cc - I'm Not In Love|The Beach Boys - Don't Worry Baby|Air Supply - She Never Heard Me Call|Beatles - i saw her standing there|Beatles - oh darling|Bon Jovi - in these arms|Boston - piece of mind|buffet_jimmy - changes in latitude
C F A#,→ C,3,66,103,BabyFace - babyface everytime|Christian Music - come thou almighty king|Christian Music - it is well with my soul|Christian Music - i love you lord|Christian Music - largo|Christian Music - my jesus i love thee|Christian Music - praise the lord|Christian Music - trust and obey
C Dm G,→ C,3,66,119,Backstreet Boys - anywhere for you|backstreet_boys - anywhere for you|Beatles - carry that weight|Beatles - fixing a hole|Beatles - i don't want to spoil the party|Beatles - paperback writer|Billy Joel - Uptown Girl|Bryan Adams - When Youre Gone
F#m D,→ F#m,2,66,162,Oasis - Wonderwall|Red Hot Chili Peppers - Californication|311 - down|a-ha - take on me|AC DC - highway to hell|ac_dc - highway to hell|aerosmith - crazy|Beat - g thang
E F#,→ E,2,65,165,Ben E. King - Stand By Me|Harry Nilsson - Without You|Red Hot Chili Peppers - Californication|The Beach Boys - God Only Knows|The Moody Blues - Nights In White Satin|The Pogues - Fairytale of New York|The Police - Every Breath You Take|Ace Of Base - happy nation
E Em,→ E,2,64,156,All 4 One - i swear|all_4_one - i swear|Beatles - boys|Beatles - eight days a week|Beatles - magical mystery tour|Beatles - only a northern song|Beatles - please please me|Bon Jovi - bad medicine
G F G F,→ G,4,63,241,Bob Dylan - Like a Rolling Stone|Fleetwood Mac - Dreams|Taylor Swift - Nothing New|Beatles - hard days night|Beatles - let it be|Beatles - old brown shoe|Bon Jovi - Wanted Dead Or Alive|Bryan Adams - Christmas Time
D A D G,→ D,4,63,108,Bob Marley & The Wailers - Three Little Birds (D)|The Cure - Friday I'm In Love|The Pogues - Fairytale of New York|Alice In Chains - don t follow|alice_in_chains - don't follow|Beatles - drive my car|BTO - Hey You|Christian Music - i know whom i have believed
Am D,→ Am,2,63,156,The Beatles - Now And Then|alan_parsons_project - the raven|Allman Brothers Band - in memory elizabeth|BabyFace - babyface when|beegees - new york mining disaster 1941|carey_mariah - hero|Christian Music - majesty|cocker_joe - the letter
Dm G,→ Dm,2,63,132,Beach Boys - i get around|beach_boys - i get around|Broadway Shows - think of me|broadway_shows - think of me|brooks_garth - the good|Bush - machine head|carey_mariah - when i saw you|Carpenters - top of the world
D G C G,→ D,4,62,155,Lady Gaga and Bradley Cooper - Shallow|Van Morrison - Brown Eyed Girl|Beatles - i don't want to spoil the party|Boston - more than a feeling|buffet_jimmy - when the volcano blows|Christian Music - jesus jesus how i love thee|Christian Music - joyful joyful we adore thee|christian_music - jesus jesus how i love thee
F C G C,→ F,4,62,125,Nick Cave & The Bad Seeds - Into My Arms|adams_bryan - everything i do|Beatles - misery|brooks_garth - top gun|Bryan Adams - Back To You|Bryan Adams - Lets Make A Night To Rememb|Christian Music - god s choir in the sky|christian_music - god's choir in the sky
A E D,→ A,3,62,162,Bee Gees - To Love Somebody|Bob Marley & The Wailers - Three Little Birds (A)|Bonnie Raitt - John Prine - Angel from Montgomery|John Denver - Take Me Home Country Roads|Neil Young - Helpless (A)|Old Crow Medicine Show - Wagon Wheel|The Band - The Weight|The Beatles - I'm So Tired
C#m E,→ C#m,2,62,126,Big Thief - Masterpiece|Carpenters - Yesterday Once More|The Beatles - All My Loving|Alice In Chains - dam that river|Alice In Chains - i stay away|alice_in_chains - dam that river|alice_in_chains - i stay away|Bananorama - Cruel Summer
Em E,→ Em,2,62,145,Bon Jovi - bad medicine|CCR - Green River|COREL COLLECTION - SEA 02|COUNTRY - rodeo|COUNTRY - TheRodeo2|COUNTRY - wholelot|Def Leppard - armageddon it|def_leppard - armageddon it
E B E B,→ E,4,61,210,Phoebe Bridgers - That Funny Feeling|Sasha Sloan - Dancing With Your Ghost|ABBA - hole in your soul|Ace Of Base - happy nation|ace_of_base - happy nation|adams_bryan - thought i'd died and gone to heaven|Alice In Chains - sludge factory|alice_in_chains - sludge factory
G Em C,→ G,3,61,148,Cavetown - This Is Home|ABBA - super trouper|aerosmith - what it takes|Beatles - a day in the life|Beatles - baby it's you|Beatles - baby it s you|Beatles - hard days night|Celine Dion - Thats The Way It Is
Em C G,→ Em,3,61,126,Cavetown - This Is Home|Pink - Just Give Me A Reason|ABBA - super trouper|aerosmith - what it takes|Atlantic Starr - i ll remember you|atlantic_starr - i'll remember you|Beatles - a day in the life|Cake - frank sinatra
A# C F,→ A#,3,61,101,BabyFace - babyface everytime|Ben Folds Five - missing the war|Christian Music - it is well with my soul|Christian Music - largo|christian_music - it is well with my soul|COREL COLLECTION - MOOD 04|COREL COLLECTION - WEST 01|Counting Crows - raining in baltimore
D F#m,→ D,2,61,142,Red Hot Chili Peppers - Californication|Sia - Unstoppable|a-ha - take on me|aerosmith - crazy|Air Supply - Come What May|Beat - g thang|Beatles - free as a bird|Beatles - only a northern song
F G F G,→ F,4,60,251,Bob Dylan - Like a Rolling Stone|Fleetwood Mac - Dreams|Beatles - let it be|Bon Jovi - Wanted Dead Or Alive|Bryan Adams - Christmas Time|Bryan Adams - Lets Make A Night To Rememb|Bryan Adams - Somebody|CCR - Down On The Corner
A E B,→ A,3,60,147,America - Sister Golden Hair|Big Thief - Masterpiece|Céline Dion - My Heart Will Go On|The Kinks - Waterloo Sunset|America - america Sister goldenhair|Beach Boys - fun fun fun|beach_boys - fun fun fun|Beatles - boys
D# F A#,→ D#,3,60,112,ABBA - move on|Air Supply - All Out Of Love|Barry Manilow - Mandy|Beatles - chains|Beatles - revolution|Billy Joel - Honesty|Billy Joel - Shes Always a Woman to Me|carey_mariah - endless love
Dm Am,→ Dm,2,60,150,The Rolling Stones - Angie|Beatles - and i love her|Bee Bees - massachusetts|beegees - massachusetts|brooks_garth - the good|Celine Dion - Immortality|Christian Music - lord is my shepherd|collins_phil - do you remember
D# C#,→ D#,2,59,112,Mac Demarco - Chamber of Reflection|ABBA - tiger|aerosmith - dream on|Alice In Chains - what the hell have i|alice_in_chains - what the hell have i|Bryan Adams - BRYAN ADAMS here i am|carey_mariah - jesus born on this day|carey_mariah - open arms
F# E,→ F#,2,58,146,Ben E. King - Stand By Me|Céline Dion - My Heart Will Go On|Glass Animals - Heat Waves|Neil Diamond - Sweet Caroline|Red Hot Chili Peppers - Californication|The Moody Blues - Nights In White Satin|The Police - Every Breath You Take|3t - why
Dm A#,→ Dm,2,58,121,adams_bryan - have you ever really loved a woman|Beat - backassup|brooks_garth - thunder rolls|Bryan Adams - have you ever rŠved a woman|cocker_joe - summer in the city|collins_phil - do you remember|collins_phil - in the air tonight|COREL COLLECTION - INTL 06
E A E B,→ E,4,57,102,The Beatles - With A Little Help From My Friends|Wheatus - Teenage Dirtbag|adams_bryan - thought i'd died and gone to heaven|Beach Boys - fun fun fun|beach_boys - fun fun fun|Beatles - i saw her standing there|Bon Jovi - one sweet day|Boston - piece of mind
E B E A,→ E,4,57,104,Wheatus - Teenage Dirtbag|Beach Boys - fun fun fun|beach_boys - fun fun fun|bolton_michael - heart and soul|Bon Jovi - one sweet day|boys_2_men - one sweet day|Boyz II Men - one sweet day|Brooks N Dunn - boot scoot and boogie
B E A E,→ B,4,57,90,Wheatus - Teenage Dirtbag|Beach Boys - fun fun fun|beach_boys - fun fun fun|Beatles - boys|bolton_michael - heart and soul|Bon Jovi - one sweet day|boys_2_men - one sweet day|Boyz II Men - one sweet day
G E,→ G,2,57,104,Lynyrd Skynyrd - Simple Man|Otis Redding - (Sittin’ On) the Dock of the Bay|The Moody Blues - Nights In White Satin|Van Morrison - Brown Eyed Girl|BareNaked Ladies - Shoe Box|Beat - books|Beatles - eight days a week|Beatles - magical mystery tour
F# D#m,→ F#,2,56,148,Simon & Garfunkel - The Sound of Silence|Alice In Chains - heaven beside you|Alice In Chains - man in a box|alice_in_chains - heaven beside you|alice_in_chains - man in a box|Beach Boys - good vibrations|beach_boys - good vibrations|Bee Bees - too much heaven
A# Cm,→ A#,2,56,140,ABBA - i have a dream|Barry Manilow - Mandy|Beat - honey|Beatles - help things we said today|bolton_michael - how am i supposed to live without you|carey_mariah - honey|Christian Music - closer walk with thee|Christian Music - god hath not promised
E B A,→ E,3,55,153,America - Sister Golden Hair|Big Thief - Masterpiece|Céline Dion - My Heart Will Go On|The Kinks - Waterloo Sunset|Beach Boys - fun fun fun|beach_boys - fun fun fun|Beatles - boys|Beatles - i saw her standing there
Gm C,→ Gm,2,55,134,Sonny & Cher - I Got You Babe|Allman Brothers Band - midnight rider|BabyFace - babyface everytime|Backstreet Boys - anywhere for you|backstreet_boys - anywhere for you|collins_phil - inside out|collins_phil - sussudio|COREL COLLECTION - CLAS 17
D# Fm,→ D#,2,55,90,Ace Of Base - wheel of fortune|ace_of_base - wheel of fortune|Beatles - chains|Beatles - the inner light|Billy Joel - Tell Her About It|Bjork - oh so quiet|collins_phil - everyday|COREL COLLECTION - NEWA 03
D G D A,→ D,4,54,97,Bob Marley & The Wailers - Three Little Birds (D)|The Pogues - Fairytale of New York|Alice In Chains - don t follow|alice_in_chains - don't follow|Beatles - twist and shout|Christian Music - i know whom i have believed|christian_music - i know whom i have believed|christian_music - shall we gather at the river
Am Dm,→ Am,2,54,139,Noah Cyrus - July|The Animals - House of the Rising Sun|The Rolling Stones - Angie|Beatles - and i love her|brooks_garth - the good|Celine Dion - Falling Into You|Christian Music - lord is my shepherd|Christian Music - now thank we all our god
C A,→ C,2,54,129,Sam Cooke - Bring It On Home to Me|Allman Brothers Band - one way out|Beatles - eleanor rigby|Beatles - i want to hold your hand|Beatles - the end|Bee Bees - massachusetts|beegees - massachusetts|cocker_joe - summer in the city
E A B,→ E,3,53,115,The Beach Boys - Don't Worry Baby|Beatles - and your bird can sing|Beatles - i saw her standing there|Ben Folds Five - underground|buffet_jimmy - changes in latitude|Carpenters - hurting each other|carpenters_the - hurting each other|CCR - Susie Q
D Dm,→ D,2,53,107,AC DC - you shook me|ac_dc - you shook me|aerosmith - crazy|Beck - devil s haircut|brown_james - i feel good|Christina Aguilera - Reflection|COREL COLLECTION - POP 08|COREL COLLECTION - ROCK 03
Em D Em D,→ Em,4,52,237,America - A Horse with No Name|Nirvana - Come As You Are|Simon & Garfunkel_Traditional - Scarborough Fair|The Moody Blues - Nights In White Satin|Ace Of Base - the sign|ace_of_base - the sign|America - america A horse with no name|Bangles - manic monday
D C D C,→ D,4,52,100,2 Unlimited - are you ready for this|adams_bryan - have you ever really loved a woman|Beatles - eleanor rigby|Beatles - taxman|Beck - devil s haircut|Bryan Adams - have you ever rŠved a woman|buffet_jimmy - when the volcano blows|christian_music - humble thyself in the presence of the lord
D A E,→ D,3,52,142,Bee Gees - To Love Somebody|Bob Marley & The Wailers - Three Little Birds (A)|Bonnie Raitt - John Prine - Angel from Montgomery|John Denver - Take Me Home Country Roads|Neil Young - Helpless (A)|Old Crow Medicine Show - Wagon Wheel|The Band - The Weight|The Beatles - With A Little Help From My Friends
Em F,→ Em,2,52,108,Bill Withers - Lean on Me|ABBA - i wonder|ABBA - super trouper|Alien Ant Farm - smoothcriminal|Billy Joel - Its Still Rock and Roll To|Billy Joel - its still rock and roll to me|Bob Carlisle - butterfly kisses|Bon Jovi - Shes A Little Runaway
F# G#,→ F#,2,52,204,Céline Dion - My Heart Will Go On|Asia - heat of the moment|Backstreet Boys - all i have to give|Beat - jamaroqui virtual|Bee Bees - too much heaven|beegees - too much heaven|Boston - foreplay|COREL COLLECTION - JAZZ 08
E G,→ E,2,52,128,Lynyrd Skynyrd - Simple Man|Otis Redding - (Sittin’ On) the Dock of the Bay|Van Morrison - Brown Eyed Girl|Backstreet Boys - get down|backstreet_boys - get down|BareNaked Ladies - Shoe Box|Beat - jamaroqui virtual|Beatles - boys
E Bm,→ E,2,52,110,a-ha - Take On Me|a-ha - take on me|Bangles - walklikeanegyptian|Bangles - walk like an egyptian|Beatles - birthday|Beatles - daytripper|brooks_meridith - bitch|CCR - Born On A Bayou
Cm D#,→ Cm,2,52,214,a-ha - the living daylights|Beat - gangstasparadise|Beat - s Paradise|Bob Seger - BobSeger BlindLove|collins_phil - easy lover|collins_phil - saturday night and sunday morning|COREL COLLECTION - ROCK 08|COREL COLLECTION - WEST 02
D Em D Em,→ D,4,51,227,America - A Horse with No Name|Nirvana - Come As You Are|Simon & Garfunkel_Traditional - Scarborough Fair|The Moody Blues - Nights In White Satin|Ace Of Base - the sign|ace_of_base - the sign|America - america A horse with no name|Bangles - manic monday
Am G C,→ Am,3,51,82,Simon & Garfunkel - The Boxer|The La's - There She Goes|The Righteous Brothers - Unchained Melody|Beatles - i want to hold your hand|Bee Bees - massachusetts|beegees - massachusetts|Bob Carlisle - butterfly kisses|Bush - cold contagious
C F Dm,→ C,3,51,75,Air Supply - Even The Nights Are Better|Beach Boys - surfs up|beach_boys - surfs up|Beatles - misery|Beatles - no reply|Bryan Adams - Christmas Time|carey_mariah - jesus born on this day|Celine Dion - Its All Coming Back To Me
Cm A#,→ Cm,2,51,132,a-ha - the living daylights|ABBA - i have a dream|alan_parsons_project - dr tarr and professor|Beat - honey|bolton_michael - how am i supposed to live without you|carey_mariah - honey|COREL COLLECTION - JAZZ 03|COREL COLLECTION - LITE 04
B E B E,→ B,4,50,190,Phoebe Bridgers - That Funny Feeling|Sasha Sloan - Dancing With Your Ghost|ABBA - hole in your soul|abdul_paula - rush rush|Ace Of Base - happy nation|ace_of_base - happy nation|adams_bryan - thought i'd died and gone to heaven|Alice In Chains - sludge factory
C D C D,→ C,4,50,101,2 Unlimited - are you ready for this|Beatles - i follow the sun|Beatles - you never give me your money|Beck - devil s haircut|buffet_jimmy - when the volcano blows|christian_music - humble thyself in the presence of the lord|COUNTRY - bd neonmoon|COUNTRY - closeruget
B E A,→ B,3,50,114,The Beach Boys - Don't Worry Baby|The Beatles - For No One|Air Supply - She Never Heard Me Call|Beatles - and your bird can sing|Beatles - i saw her standing there|Ben Folds Five - underground|Boston - piece of mind|buffet_jimmy - changes in latitude
E A F#m,→ E,3,50,75,ABBA - dancing queen|ABBA - name of the game|Allman Brothers Band - blue sky|Beatles - please please me|Beatles - real love|Bee Bees - to love somebody|beegees - to love somebody|Big Mountain - baby i love your way
A# D# F,→ A#,3,50,109,ABBA - move on|Barry Manilow - Mandy|Beatles - chains|Beatles - revolution|carey_mariah - endless love|carey_mariah - whenever|Christian Music - angels watching over me|Christian Music - low in the grave he lay
G# Cm,→ G#,2,50,160,alan_parsons_project - the tell tale heart|Aqua - roses are red|Beat - s Paradise|Bee Bees - stayin alive|beegees - stayin alive|Bush - greedy fly|carey_mariah - i've been thinking about you|carey_mariah - open arms
Cm G#,→ Cm,2,50,193,alan_parsons_project - the tell tale heart|Aqua - roses are red|Beat - s Paradise|Bee Bees - stayin alive|beegees - stayin alive|Bon Jovi - bonjovi itsmylife|Bon Jovi - it's my life|Bush - greedy fly
A# D# A# D#,→ A#,4,49,129,ABBA - move on|Barry Manilow - Mandy|Beatles - chains|Beatles - revolution|Boston - long time|Christian Music - angels watching over me|Christian Music - count your blessings|Christian Music - god hath not promised
C Dm C Dm,→ C,4,48,200,Black Sabbath - Changes|Elton John - I Guess That's Why They Call It The Blues|Joni Mitchell - River|a-ha - the living daylights|Beat - whatitslike|Beatles - i follow the sun|carey_mariah - anytime|carey_mariah - slipping away
A E A D,→ A,4,48,82,Bob Marley & The Wailers - Three Little Birds (A)|ABBA - dancing queen|ABBA - i am the city|Beatles - birthday|Beatles - i've just seen a face|Beatles - i ve just seen a face|Beatles - two of us|Bryan Adams - Straight From The Heart
G Am G C,→ G,4,48,77,adams_bryan - heaven|Beatles - baby you're a rich man|Beatles - baby you re a rich man|Bee Bees - massachusetts|beegees - massachusetts|Bob Seger - BobSeger TillItShines|Bon Jovi - blaze of glory|Bryan Adams - heaven
C Am F,→ C,3,48,81,Audrey Hepburn - Moon River|Gerry Rafferty - Right Down The Line|Lady Gaga - Always Remember Us This Way|Bryan Adams - Its Only Love|carey_mariah - when i saw you|CCR - CCR Medley|cocker_joe - unchain my heart|Coolio - too hot
E A D,→ E,3,48,83,Bonnie Raitt - John Prine - Angel from Montgomery|adams_bryan - can't stop this thing we started|Air Supply - Come What May|Beatles - here comes the sun|Beatles - maxwell's silver hammer|Beatles - maxwell s silver hammer|Billy Joel - You May Be Right|Bryan Adams - Cant Stop That Thing We Sta
F C A#,→ F,3,48,78,Aqua - my oh my|Beatles - you never give me your money|Broadway Shows - think of me|broadway_shows - think of me|Christian Music - celebrate jesus|Christian Music - family of god|Christian Music - he s everything to me|Christian Music - largo
C Bm,→ C,2,48,113,Tears For Fears - Everybody Wants To Rule The World|Bangles - eternal flame|Beatles - what goes on|Bee Bees - i started a joke|beegees - i started a joke|Billy Joel - Allentown|Bon Jovi - bonlivina2|Christian Music - bring back the springtime
D# Gm,→ D#,2,48,110,BareNaked Ladies - The Old Apartment|Blackstreet - good lovin|Bon Jovi - keepthefaith|Bon Jovi - keep the faith bon jovi|Bon Jovi - keep the faith|Bon Jovi - kepfaith|Bon Jovi - you give love a bad name|Christian Music - this is my father s world
B A E,→ B,3,47,101,America - Sister Golden Hair|Big Thief - Masterpiece|Céline Dion - My Heart Will Go On|The Kinks - Waterloo Sunset|Beach Boys - fun fun fun|beach_boys - fun fun fun|Beatles - a taste of honey|Beatles - lovely rita
G Am G Am,→ G,4,46,132,Led Zeppelin - D’yer Mak’er|Psycho Killer - Talking Heads|R.E.M. - Losing My Religion|alan_parsons_project - the raven|America - america sandman|Beatles - baby you're a rich man|Beatles - baby you re a rich man|Beatles - free as a bird
C A# C A#,→ C,4,46,116,aerosmith - walk this way|BabyFace - babyface everytime|Ben Folds Five - song for the dumped|Bon Jovi - keepthefaith|Bon Jovi - keep the faith bon jovi|Bon Jovi - keep the faith|Bon Jovi - kepfaith|Celine Dion - My Heart Will Go On Techno
A# C A# C,→ A#,4,46,96,aerosmith - walk this way|Ben Folds Five - song for the dumped|Bon Jovi - keepthefaith|Bon Jovi - keep the faith bon jovi|Bon Jovi - keep the faith|Bon Jovi - kepfaith|Christian Music - old rugged cross|collins_phil - do you remember
F A# F C,→ F,4,46,85,Beatles - ob la di ob la da|Christian Music - celebrate jesus|Christian Music - come thou almighty king|Christian Music - now thank we all our god|Christian Music - praise the lord|Christian Music - we ll talk it over|christian_music - celebrate jesus|christian_music - come thou almighty king
G Em D,→ G,3,46,55,Cat Stevens - Father And Son|98 Degrees - I Do Cherish You|ABBA - just like that|Bangles - Bangles eternal flame|Beatles - lucy in the sky with diamonds|Boston - more than a feeling|CCR - Wholl Stop The Rain|Celine Dion - Thats The Way It Is
Em Bm,→ Em,2,46,102,Miley Cyrus - Midnight Sky|ABBA - just like that|AC DC - for those about to rock|ac_dc - for those about to rock|America - america A horse with no name|America - america a horse with no name1|BabyFace - babyface when|Bon Jovi - bonlivina2
Fm G#,→ Fm,2,46,170,2 Unlimited - twilight zone|2_unlimited - twilight zone|Beach Boys - good vibrations|beach_boys - good vibrations|Beatles - long and winding road|Bee Bees - stayin alive|beegees - stayin alive|Ben Folds Five - uncle walter
Fm D#,→ Fm,2,46,72,Ace Of Base - beautiful life|Ace Of Base - wheel of fortune|ace_of_base - beautiful life|ace_of_base - wheel of fortune|Beatles - the inner light|Billy Joel - Tell Her About It|collins_phil - everyday|COREL COLLECTION - LITE 04
C# A#m,→ C#,2,46,79,Backstreet Boys - everybody|backstreet_boys - everybody|Bon Jovi - one sweet day|boys_2_men - ill make love to you|boys_2_men - one sweet day|Boyz II Men - ill make love to you|Boyz II Men - one sweet day|carey_mariah - one sweet day
A D G D,→ A,4,45,84,Bob Marley & The Wailers - Three Little Birds (D)|The Cure - Friday I'm In Love|The Pogues - Fairytale of New York|Alice In Chains - don t follow|alice_in_chains - don't follow|brown_james - i feel good|Christian Music - i know whom i have believed|christian_music - i know whom i have believed
G C Dm,→ G,3,45,84,Elton John - Daniel|Backstreet Boys - anywhere for you|backstreet_boys - anywhere for you|Beach Boys - i get around|beach_boys - i get around|Beatles - got to get you into my life|Beatles - i don't want to spoil the party|Beatles - paperback writer
G Am C,→ G,3,45,101,Lynyrd Skynyrd - Simple Man|Pink - Just Give Me A Reason|Beatles - happiness is a warm gun|Bruce Hornsby - The Way It Is|Carpenters - yesterday once more|carpenters_the - yesterday once more|Christmas - jolly old saint nicholas|COUNTRY - 26cents
C A# F,→ C,3,45,77,Aqua - my oh my|Beatles - you never give me your money|Christian Music - family of god|Christian Music - he s everything to me|Christian Music - largo|Christian Music - trust and obey|Christian Music - we ll talk it over|christian_music - angels we have heard on high
Dm C Dm C,→ Dm,4,44,193,Black Sabbath - Changes|Elton John - I Guess That's Why They Call It The Blues|Joni Mitchell - River|Louis Armstrong - What A Wonderful World|a-ha - the living daylights|Beat - whatitslike|Beatles - i follow the sun|Beatles - i will
A E B E,→ A,4,44,82,Wheatus - Teenage Dirtbag|Beach Boys - fun fun fun|beach_boys - fun fun fun|Beatles - i saw her standing there|Boston - piece of mind|Brooks N Dunn - boot scoot and boogie|buffet_jimmy - changes in latitude|COREL COLLECTION - NEWA 14
A# F C,→ A#,3,44,72,Aqua - my oh my|Beatles - you never give me your money|Christian Music - precious lord take my hand|Christian Music - the solid rock|Christian Music - we ll talk it over|christian_music - precious lord take my hand|christian_music - the solid rock|christian_music - we'll talk it over
F# G#m,→ F#,2,44,98,Glass Animals - Heat Waves|Sasha Sloan - Dancing With Your Ghost|adams_bryan - thought i'd died and gone to heaven|Beat - jamaroqui virtual|Bee Bees - woman in love|beegees - woman in love|bolton_michael - steel bars|bolton_michael - when a man loves a woman
A C,→ A,2,44,91,The Velvet Underground - Sunday Morning|Beatles - i want to hold your hand|brooks_garth - thunder rolls|christian_music - church in the little green valley|cocker_joe - summer in the city|COREL COLLECTION - LITE 05|COREL COLLECTION - MISC 01|COUNTRY - allyoueverdo
C# D#,→ C#,2,44,86,aerosmith - dream on|Alice In Chains - what the hell have i|alice_in_chains - what the hell have i|carey_mariah - jesus born on this day|carey_mariah - prisoner|Celine Dion - Power Of Love|Christian Music - i am loved|christian_music - i am loved
E G#m,→ E,2,44,90,Bananorama - Cruel Summer|Beatles - and your bird can sing|Big Mountain - baby i love your way|big_mountain - baby i love your way|Blur - stereotypes|bolton_michael - steel bars|Bon Jovi - someday i'll beurday night|cetera_peter - if you leave me now
Em C Em C,→ Em,4,43,118,David Bowie - Space Oddity|Alice In Chains - nutshell|alice_in_chains - nutshell|carey_mariah - all i want for christmas|Counting Crows - anna begins|counting_crows - anna begins|cure_the - hot hot hot|daft_punk - around the world
A C#m,→ A,2,43,63,"Bob Dylan - Lay, Lady, Lay|ABBA - hole in your soul|adams_bryan - run to you|Beatles - because|Beatles - while my guitar gently weeps|Big Mr - to be with you|big_mr - to be with you|Bon Jovi - always"
G# Fm,→ G#,2,43,185,Beach Boys - good vibrations|beach_boys - good vibrations|Beatles - long and winding road|Bee Bees - stayin alive|beegees - stayin alive|Bone - days of our livez|Bryan Adams - BRYAN ADAMS here i am|carey_mariah - jesus born on this day
A D A E,→ A,4,42,68,Bob Marley & The Wailers - Three Little Birds (A)|Eric Clapton - Tears in Heaven|Beatles - birthday|Beatles - i've just seen a face|Beatles - i ve just seen a face|Beatles - two of us|Billy Joel - You May Be Right|Bryan Adams - Straight From The Heart
C Am C Am,→ C,4,42,81,Leonard Cohen - Hallelujah|ABBA - eagle|Beatles - from me to you|Beatles - misery|Beatles - the end|Bob Carlisle - butterfly kisses|carlislie_bob - butterfly kisses|Celine Dion - Falling Into You
G# C# G# C#,→ G#,4,42,164,ABBA - tiger|Bon Jovi - one sweet day|boys_2_men - one sweet day|Boyz II Men - one sweet day|carey_mariah - one sweet day|Christian Music - i love to tell the story|Christian Music - victory in jesus|christian_music - i love to tell the story
E D E D,→ E,4,42,110,adams_bryan - please forgive me|Beatles - with a little help from my friends|Blues Brothers - soul man|blues_brothers - soul man|Bryan Adams - Please Forgive Me|COREL COLLECTION - WEST 08|COUNTRY - everybodyknows trisha|COUNTRY - pkisses
F# C# F# C#,→ F#,4,42,105,aerosmith - janie's got a gun|aerosmith - janie s got a gun|Alice In Chains - i stay away|alice_in_chains - i stay away|Asia - heat of the moment|Brian McKnight - Anytime|Collective Soul - shine|collective_soul - shine
F C F A#,→ F,4,42,91,Beatles - all together now|Beatles - ob la di ob la da|Christian Music - celebrate jesus|Christian Music - come thou almighty king|Christian Music - now thank we all our god|Christian Music - we ll talk it over|christian_music - celebrate jesus|christian_music - come thou almighty king
F Dm C,→ F,3,42,59,David Bowie - The Man Who Sold The World|The Strokes - The Adults Are Talking|Beatles - no reply|carey_mariah - jesus born on this day|Celine Dion - Its All Coming Back To Me|christian_music - great and mighty is the lord|collins_phil - do you remember|COREL COLLECTION - LITE 09
Bm C,→ Bm,2,42,100,Radiohead - Karma Police|Tears For Fears - Everybody Wants To Rule The World|Bangles - eternal flame|Beatles - what goes on|Bee Bees - i started a joke|beegees - i started a joke|Billy Joel - Allentown|carey_mariah - there's got to be a way
D#m F#,→ D#m,2,42,116,Alice In Chains - heaven beside you|alice_in_chains - heaven beside you|Beach Boys - good vibrations|beach_boys - good vibrations|Bee Bees - too much heaven|beegees - too much heaven|boys_2_men - ill make love to you|Boyz II Men - ill make love to you
G# F#,→ G#,2,42,174,"Asia - heat of the moment|Backstreet Boys - all i have to give|Christian Music - oh holy night|COUNTRY - biglove tbyrd|COUNTRY - dontimpressmemuchshania|COUNTRY - First degree(VERN)|COUNTRY - loveinfirstde al|COUNTRY - Rimes,LeAnn OneWayTicket"
D E D E,→ D,4,41,106,David Bowie - Moonage Daydream|adams_bryan - please forgive me|aerosmith - crazy|Beatles - here comes the sun|Beatles - with a little help from my friends|Bryan Adams - Please Forgive Me|carey_mariah - all i've ever wanted|COREL COLLECTION - WEST 08
F# B F# B,→ F#,4,41,114,Simon & Garfunkel - The Sound of Silence|Sonny & Cher - I Got You Babe|Bon Jovi - bed of roses|Bryan Adams - I Finally Found Someone|COUNTRY - adalida|COUNTRY - adalida1|COUNTRY - detroitcty|COUNTRY - emotionalgirl
D# A# D# A#,→ D#,4,41,118,ABBA - move on|Beatles - chains|Beatles - revolution|Boston - long time|Christian Music - angels watching over me|Christian Music - count your blessings|Christian Music - god hath not promised|Christian Music - were you there
D# G# D# G#,→ D#,4,41,105,Beach Boys - surfer girl|beach_boys - surfer girl|Bee Bees - don t forget to remember|beegees - don't forget to remember|Bonnie Raitt - Something to Talk About|christian_music - savior like a shepherd leads us|christian_music - when the roll is called up yonder|Christina Aguilera - Come On Over
E D A,→ E,3,41,134,Bee Gees - To Love Somebody|Bonnie Raitt - John Prine - Angel from Montgomery|John Denver - Take Me Home Country Roads|Neil Young - Helpless (A)|Old Crow Medicine Show - Wagon Wheel|The Band - The Weight|The Beatles - With A Little Help From My Friends|ABBA - i am the city
G C Em,→ G,3,41,53,ABBA - eagle|ABBA - super trouper|Beatles - a day in the life|Bob Seger - BobSeger StillSame|Bryan Adams - House Arrest|Bryan Adams - Lets Make A Night To Rememb|CCR - CCR Medley|Christmas - hark the herald angels sing
B F#m,→ B,2,41,111,Aqua - barbie girl|Bangles - walklikeanegyptian|Bangles - walk like an egyptian|Beatles - a taste of honey|Beatles - do you wanna know a secret|Beatles - it won't be long|Beatles - it won t be long|Beatles - magical mystery tour
A B A B,→ A,4,40,109,The Beatles - Here Comes The Sun|Alice In Chains - no excuses|alice_in_chains - no excuses|Big Mountain - baby i love your way|big_mountain - baby i love your way|Blues Brothers - everybody needs somebody|blues_brothers - everybody needs somebody|bolton_michael - heart and soul
G Am D,→ G,3,40,65,Elvis Presley - Always On My Mind|Grateful Dead - Ripple|Radiohead - Karma Police|Atlantic Starr - always|atlantic_starr - always|brooks_garth - if tomorrow never comes|Chicago - saturday in the park|Christian Music - go tell it on the mountain
G Gm,→ G,2,40,71,"alan_parsons_project - eye in the sky|Beat - books|Beatles - being for the benefit of mr kite|Beatles - paperback writer|Billy Joel - Joel, Billy Just the way you are|Billy Joel - Just the Way You Are|Bryan Adams - House Arrest|CCR - CCR Medley"
G D A D,→ G,4,39,80,ABBA - Waterloo|Bob Marley & The Wailers - Three Little Birds (D)|Elvis Presley - Can't Help Falling In Love|The Cure - Friday I'm In Love|The Pogues - Fairytale of New York|Alice In Chains - don t follow|alice_in_chains - don't follow|Christian Music - i know whom i have believed
A F#m E,→ A,3,39,67,John Denver - Take Me Home Country Roads|ABBA - dancing queen|Barry Manilow - Even Now|Beatles - and your bird can sing|Beatles - real love|Bee Bees - to love somebody|beegees - to love somebody|Bon Jovi - someday i'll beurday night
F Am C,→ F,3,39,64,Noah Cyrus - July|adams_bryan - heaven|Backstreet Boys - as long as you love me|backstreet_boys - as long as you love me|Bryan Adams - heaven|Celine Dion - Its All Coming Back To Me|Chicago - 25or6to4|Chicago - 25 or 6 to 4
D G Am,→ D,3,39,54,Atlantic Starr - always|atlantic_starr - always|brooks_garth - if tomorrow never comes|Christian Music - go tell it on the mountain|Christian Music - who cares|christian_music - go tell it on the mountain|christian_music - who cares|COREL COLLECTION - JAZZ 10
A# D# G#,→ A#,3,39,70,Bjork - oh so quiet|Bob Seger - BobSeger BlindLove|Bryan Adams - BRYAN ADAMS here i am|Christian Music - god hath not promised|Christian Music - he keeps me signing|Christian Music - jesus loves me|Christian Music - let us break bread together|christian_music - god hath not promised
Gm Dm,→ Gm,2,39,66,Amy Winehouse - Back To Black|a-ha - the living daylights|Beat - blue|Beatles - and i love her|COUNTRY - AGDTTSCU|COUNTRY - aintgoingdown|COUNTRY - aintgoingdowntillthesuncomesup|COUNTRY - almostgdbye
D A E A,→ D,4,38,59,Bob Marley & The Wailers - Three Little Birds (A)|Bonnie Raitt - John Prine - Angel from Montgomery|ABBA - i am the city|Beatles - birthday|Beatles - i've just seen a face|Beatles - i ve just seen a face|Bryan Adams - Straight From The Heart|carey_mariah - if it's over
B A B A,→ B,4,38,112,The Beatles - Here Comes The Sun|Alice In Chains - no excuses|alice_in_chains - no excuses|Big Mountain - baby i love your way|big_mountain - baby i love your way|bolton_michael - heart and soul|Boston - piece of mind|Bryan Adams - Thought Id Died And Gone To
C# G# C# G#,→ C#,4,38,170,ABBA - tiger|Bon Jovi - one sweet day|boys_2_men - one sweet day|Boyz II Men - one sweet day|carey_mariah - one sweet day|Christian Music - i love to tell the story|Christian Music - victory in jesus|christian_music - i love to tell the story
G A G D,→ G,4,38,52,Ace Of Base - life is a flower|America - america Ventura hwy|Beach Boys - i get around|beach_boys - i get around|Bon Jovi - thank you for loving mebonjovi|brooks_garth - if tomorrow never comes|Christian Music - open our eyes lord|Chumba Wumba - Tubthumping
C# F# C# F#,→ C#,4,38,106,aerosmith - janie's got a gun|aerosmith - janie s got a gun|Alice In Chains - i stay away|alice_in_chains - i stay away|Asia - heat of the moment|Brian McKnight - Anytime|Collective Soul - shine|collective_soul - shine
G# A# D#,→ G#,3,38,69,2 Unlimited - workaholic|2_unlimited - workaholic|Bjork - oh so quiet|Christian Music - he keeps me signing|Christian Music - jesus loves me|Christian Music - let us break bread together|Christian Music - victory in jesus|christian_music - he keeps me signing
A# F D#,→ A#,3,38,58,ABBA - move on|Backstreet Boys - i'll never break your heart|Backstreet Boys - i ll never break your heart|backstreet_boys - i'll never break your heart|carey_mariah - endless love|CCR - Lookin Out My Back Door|Christian Music - angels watching over me|Christian Music - i ll fly away
Am A,→ Am,2,38,60,ABBA - money money money|aerosmith - boogie man|Alice In Chains - brother|alice_in_chains - brother|Beatles - come together|Beatles - she's a woman|Beatles - she s a woman|COUNTRY - apache
F C F G,→ F,4,37,59,Billy Joel - Piano Man|Elton John - Daniel|ABBA - i wonder|adams_bryan - heaven|Beatles - imagine|Billy Joel - Only the Good Die Young|Bruce Hornsby - The Way It Is|Bryan Adams - heaven
C Em C Em,→ C,4,37,113,aerosmith - the other side|America - america lonely people|carey_mariah - all i want for christmas|Christian Music - awesome god|christian_music - awesome god|Counting Crows - anna begins|counting_crows - anna begins|COUNTRY - itsyourlove
F C Am,→ F,3,37,60,Barry Manilow - Mandy|Elton John - Daniel|Noah Cyrus - July|Bryan Adams - Its Only Love|cocker_joe - unchain my heart|Coolio - too hot|COREL COLLECTION - INTL 12|COREL COLLECTION - WEST 01
G D Bm,→ G,3,37,58,Simon & Garfunkel - America|The Beatles - Real Love|Bob Seger - BobSeger AgainstWind|Bon Jovi - thank you for loving mebonjovi|cars_the - you might think|Christian Music - doxology|Christian Music - joyful joyful we adore thee|Christian Music - open our eyes lord
A Am,→ A,2,37,70,aerosmith - boogie man|Alice In Chains - brother|alice_in_chains - brother|Beatles - she's a woman|Beatles - she s a woman|Beatles - the end|Christian Music - i m not alone|christian_music - i'm not alone
Cm F,→ Cm,2,37,67,alan_parsons_project - dr tarr and professor|Beatles - revolution|Bob Seger - BobSeger BlindLove|bolton_michael - how am i supposed to live without you|Christina Aguilera - Come On Over|COUNTRY - 455rocket|COUNTRY - AmIosingyou|COUNTRY - britney sometimes
F# Fm,→ F#,2,37,79,Backstreet Boys - all i have to give|Backstreet Boys - everybody|backstreet_boys - everybody|Bee Bees - too much heaven|beegees - too much heaven|Bonnie Raitt - Something to Talk About|boys_2_men - ill make love to you|Boyz II Men - ill make love to you
C# Fm,→ C#,2,37,76,Bee Bees - too much heaven|beegees - too much heaven|Bob Seger - BobSeger Mainstreet|Bon Jovi - one sweet day|boys_2_men - ill make love to you|boys_2_men - one sweet day|Boyz II Men - ill make love to you|Boyz II Men - one sweet day
C G C F G,→ C,5,36,60,Creedence Clearwater Revival - Have You Ever Seen The Rain|Bryan Adams - Lets Make A Night To Rememb|CCR - Midnight Special|Christian Music - god s choir in the sky|christian_music - god's choir in the sky|Christmas - granma's christmas|Christmas - granma s christmas|Christmas - let it snow
D Em C,→ D,3,36,80,Billie Eilish - Ocean Eyes|Neil Young - Heart of Gold|Air Supply - Making Love Out Of Nothing|Beatles - baby it's you|Beatles - baby it s you|Billy Joel - Shes Got a Way|christian_music - humble thyself in the presence of the lord|Coolio - fantastic voyage
Em C D,→ Em,3,36,77,Billie Eilish - Ocean Eyes|Beatles - baby it's you|Beatles - baby it s you|Billy Joel - Shes Got a Way|Christmas - greensleeves|Coolio - fantastic voyage|Counting Crows - round here|counting_crows - round here
C Em D,→ C,3,36,60,Cyndi Lauper - Girls Just Want To Have Fun|Alice In Chains - nutshell|alice_in_chains - nutshell|Bangles - Bangles eternal flame|Celine Dion - Thats The Way It Is|COUNTRY - BeachCheyenne|COUNTRY - desprado|COUNTRY - eternal
D# G# A#,→ D#,3,36,76,2 Unlimited - workaholic|2_unlimited - workaholic|Bjork - oh so quiet|Bob Seger - BobSeger BlindLove|Christian Music - great is thy faithfulness|Christian Music - he keeps me signing|Christian Music - jesus loves me|Christian Music - let us break bread together
A D Bm,→ A,3,36,72,ABBA - chiquitita|Barry Manilow - Even Now|Beat - rednex cotton|Bon Jovi - thank you for loving mebonjovi|brooks_meridith - bitch|Christian Music - open our eyes lord|COUNTRY - 1niteatatime|COUNTRY - battleneworl
F A# D#,→ F,3,36,75,Barry Manilow - Mandy|Beatles - revolution|Billy Joel - Honesty|carey_mariah - endless love|carey_mariah - whenever|CCR - Long As I Can See The Light|Christian Music - rock of ages|christian_music - god our father we adore thee
Bm Em,→ Bm,2,36,83,Miley Cyrus - Midnight Sky|AC DC - for those about to rock|ac_dc - for those about to rock|America - america a horse with no name1|BabyFace - babyface when|Bon Jovi - bonlivina2|brooks_garth - the dance|Cake - the distance
G#m B,→ G#m,2,36,79,The Cars - Drive|Ben Folds Five - underground|Brian McKnight - Back At One|cars_the - drive|Cherry Poppin Daddies - zoot suit riot|colvin_shawn - sunny came home|COREL COLLECTION - INTL 13|COUNTRY - betteryourheart
F Cm,→ F,2,36,73,aerosmith - pink|alan_parsons_project - dr tarr and professor|BareNaked Ladies - The Old Apartment|Beatles - revolution|COREL COLLECTION - ROCK 08|COUNTRY - amazed lonestar|COUNTRY - amilosingyou|COUNTRY - britney sometimes
Gm D#,→ Gm,2,36,95,BareNaked Ladies - The Old Apartment|Beat - summer|Blackstreet - good lovin|Bon Jovi - keepthefaith|Bon Jovi - keep the faith bon jovi|Bon Jovi - keep the faith|Bon Jovi - kepfaith|Bon Jovi - you give love a bad name
G# A#m,→ G#,2,36,88,Bob Seger - BobSeger Mainstreet|Bon Jovi - one sweet day|boys_2_men - one sweet day|Boyz II Men - one sweet day|carey_mariah - one sweet day|Christina Aguilera - genie|Christina Aguilera - Genie In A Bottle|Christmas - 12 days of christmas
G F G C,→ G,4,35,70,Air Supply - All Out of Love|Bette Midler - The Rose|Elton John - I Guess That's Why They Call It The Blues|Jackson Browne - Late For The Sky|Oasis - Don't Look Back In Anger|Beatles - a day in the life|Beatles - hard days night|Carpenters - yesterday once more
G# D# G# D#,→ G#,4,35,110,Beach Boys - surfer girl|beach_boys - surfer girl|Bonnie Raitt - Something to Talk About|christian_music - when the roll is called up yonder|collins_phil - i wish it would rain now|Coolio - c u when u get there|COUNTRY - babysgottengoodatgoodbye|COUNTRY - backnbabyarm
G Am F,→ G,3,35,82,Elton John - Daniel|Elton John - I Guess That's Why They Call It The Blues|Lady Gaga - Always Remember Us This Way|Leonard Cohen - Hallelujah|Psycho Killer - Talking Heads|R.E.M. - Losing My Religion|Backstreet Boys - anywhere for you|Backstreet Boys - as long as you love me
Dm G C,→ Dm,3,35,62,Elton John - Daniel|Beach Boys - i get around|beach_boys - i get around|Beatles - abbey road medley|Beatles - golden slumbers|Bryan Adams - When Youre Gone|Carpenters - top of the world|carpenters_the - top of the world
Dm A,→ Dm,2,35,101,Billie Eilish - Therefore I Am|The Beatles - Real Love|Alice In Chains - killer is me|alice_in_chains - killer is me|BabyFace - babyface everytime|Beatles - for no one|brooks_garth - thunder rolls|Christian Music - the lord is my light
C# D#m,→ C#,2,35,79,Simon & Garfunkel - The Sound of Silence|Bob Seger - BobSeger OldTimeRnR|Brian McKnight - Anytime|carey_mariah - without you|Christmas - santa clause is coming to town|COREL COLLECTION - SPRT 06|COUNTRY - enginenumber9|Genesis - dodo lurker
D#m C#,→ D#m,2,35,60,Simon & Garfunkel - The Sound of Silence|Bee Bees - nights on broadway|beegees - nights on broadway|Brian McKnight - Anytime|carey_mariah - without you|Celine Dion - The Colour Of My Love|Christina Aguilera - I Turn To You|Christmas - santa clause is coming to town
B G#m,→ B,2,35,89,The Cars - Drive|Beatles - savory truffle|Brian McKnight - Back At One|cars_the - drive|cetera_peter - if you leave me now|Cherry Poppin Daddies - zoot suit riot|colvin_shawn - sunny came home|COREL COLLECTION - INTL 13
G#m F#,→ G#m,2,35,81,adams_bryan - thought i'd died and gone to heaven|Beat - jamaroqui virtual|Bee Bees - woman in love|beegees - woman in love|Ben Folds Five - underground|bolton_michael - steel bars|Bryan Adams - Thought Id Died And Gone To|cetera_peter - if you leave me now
G C G Am,→ G,4,34,67,Jeremy Zucker - Comethru|Pink - Just Give Me A Reason|adams_bryan - heaven|aerosmith - pink|Barry Manilow - BarryMannilow IWriteTheSongs|Beatles - abbey road medley|Bob Seger - BobSeger TillItShines|Bryan Adams - heaven
Am G Am G,→ Am,4,34,122,Led Zeppelin - D’yer Mak’er|Psycho Killer - Talking Heads|alan_parsons_project - the raven|Beat - CantTouchThis|Beatles - free as a bird|Blues Traveller - run around|blues_traveller - run around|Bob Seger - BobSeger TillItShines
Am C Am C,→ Am,4,34,78,Leonard Cohen - Hallelujah|ABBA - eagle|Beatles - from me to you|Beatles - misery|Beatles - the end|Blues Traveller - crash and burn|Blues Traveller - run around|blues_traveller - crash and burn
Am C G,→ Am,3,34,76,Lynyrd Skynyrd - Simple Man|ABBA - eagle|Blues Traveller - crash and burn|blues_traveller - crash and burn|Bon Jovi - Shes A Little Runaway|Bruce Hornsby - The Way It Is|Celine Dion - Immortality|COUNTRY - 26cents
A Dm,→ A,2,34,79,Billie Eilish - Therefore I Am|The Beatles - Real Love|Alice In Chains - killer is me|alice_in_chains - killer is me|BabyFace - babyface everytime|Beatles - being for the benefit of mr kite|brooks_garth - thunder rolls|COUNTRY - Daddy's Money(VERN)
B C#m,→ B,2,34,116,Céline Dion - My Heart Will Go On|Dolly Parton - Jolene|Glass Animals - Heat Waves|ABBA - angel eyes|carey_mariah - love takes time|Chicago - chicagohardtosay|Chicago - hard to say i'm sorry get away|Christian Music - my yielded heart
Em B,→ Em,2,34,95,Miley Cyrus - Midnight Sky|Nazareth - Love Hurts|The Beatles - Real Love|AC DC - thunderstruck|Cake - frank sinatra|Cake - never there|CCR - I Put A Spell On You|Christmas - greensleeves
Dm D,→ Dm,2,34,92,Alice In Chains - killer is me|alice_in_chains - killer is me|Beck - devil s haircut|Bon Jovi - blaze of glory|COUNTRY - 7 spanish angels|filter - hey man nice shot|Genesis - can utility and the castliners|guns_%26_roses - you could be mine
F# A#m,→ F#,2,34,74,Backstreet Boys - all i have to give|Backstreet Boys - everybody|backstreet_boys - everybody|Bee Bees - nights on broadway|beegees - nights on broadway|Bon Jovi - bed of roses|COREL COLLECTION - NEWA 13|COUNTRY - dontimpressmemuchshania
F Fm,→ F,2,34,57,Beatles - fixing a hole|Billy Idol - MonyMony BillyIdol|Blues Brothers - peter gunn|blues_brothers - peter gunn|C and C Music Factory - everybody dance now|C and C Music Factory - gonna make you sweat|COUNTRY - aceinhole|COUNTRY - aceinthehole
C F A# F,→ C,4,33,72,Beatles - ob la di ob la da|Christian Music - celebrate jesus|Christian Music - come thou almighty king|Christian Music - praise the lord|Christian Music - we ll talk it over|christian_music - celebrate jesus|christian_music - come thou almighty king|christian_music - praise the lord
G D G A,→ G,4,33,59,brooks_garth - if tomorrow never comes|byrds_the - mr tamborine man|Christian Music - i m not alone|Christian Music - i surrender all|christian_music - i'm not alone|christian_music - i surrender all|Christmas - 12 days of christmas|Chumba Wumba - Tubthumping
C D Em,→ C,3,33,76,Billie Eilish - Ocean Eyes|The La's - There She Goes|Beatles - baby it's you|Beatles - baby it s you|Billy Joel - Shes Got a Way|Billy Joel - The Stranger|christian_music - humble thyself in the presence of the lord|Coolio - fantastic voyage
Am F G,→ Am,3,33,64,Elton John - Daniel|Lady Gaga - Always Remember Us This Way|Led Zeppelin - D’yer Mak’er|R.E.M. - Losing My Religion|CCR - Have You Ever Seen The Rain|COREL COLLECTION - INTL 15|COUNTRY - amazed lonestar|COUNTRY - angelbaby
D Em G,→ D,3,33,53,Father John Misty - Real Love Baby|Simon & Garfunkel_Traditional - Scarborough Fair|ABBA - my love my life|Ace Of Base - the sign|ace_of_base - the sign|Bananorama - Venus|Bananorama - venus2|Bryan Adams - Before The Night Is Over
Am C F,→ Am,3,33,58,Noah Cyrus - July|Procol Harum - A Whiter Shade of Pale|3t - i need you|3t - i want you|adams_bryan - heaven|Bryan Adams - heaven|cocker_joe - unchain my heart|COREL COLLECTION - INTL 15
D G Em,→ D,3,33,50,98 Degrees - I Do Cherish You|Billy Joel - Scenes from an Italian Rest|carey_mariah - miss you most at christmas time|clapton_eric - running on faith|COUNTRY - actnaturally buckowens|COUNTRY - amysbckinaustin liltex|COUNTRY - bumming around|COUNTRY - changemymind jberry
D A F#m,→ D,3,33,47,a-ha - take on me|adams_bryan - please forgive me|Beatles - lucy in the sky with diamonds|Bryan Adams - Please Forgive Me|carey_mariah - all i've ever wanted|cetera_peter - next time i fall|COUNTRY - alittletoolate|COUNTRY - hethinkshellkeepher
D Bm A,→ D,3,33,67,ABBA - chiquitita|Ace Of Base - Dont Turn Around|Ace Of Base - don t turn around|ace_of_base - don't turn around|Barry Manilow - Even Now|Beat - rednex cotton|COUNTRY - 1niteatatime|COUNTRY - abilene
Bm E,→ Bm,2,33,73,a-ha - Take On Me|a-ha - take on me|ABBA - knowing me knowing you|Beatles - daytripper|brooks_meridith - bitch|CCR - born on the bayou|COUNTRY - dancinonblvd al|COUNTRY - dancinonthe(VERN)
Am F C,→ Am,3,32,51,Audrey Hepburn - Moon River|Boyz II Men - Yesterday|Bryan Adams - Its Only Love|carey_mariah - when i saw you|Christian Music - now thank we all our god|cocker_joe - unchain my heart|COUNTRY - afterthesunriseYanniite|COUNTRY - angelbaby
A Bm D,→ A,3,32,45,Bee Gees - To Love Somebody|Creedence Clearwater Revival - Proud Mary|Red Hot Chili Peppers - Californication|ABBA - name of the game|ABBA - waterloo|Blur - country house|Bon Jovi - never say goodbye|Christian Music - i know whom i have believed
D A Bm,→ D,3,32,42,Bee Gees - To Love Somebody|Creedence Clearwater Revival - Proud Mary|Dua Lipa - Don't Start Now|Blur - country house|Bon Jovi - never say goodbye|brooks_meridith - bitch|buffet_jimmy - come monday|Christian Music - i know whom i have believed
A F#m D,→ A,3,32,44,adams_bryan - please forgive me|Beatles - lucy in the sky with diamonds|Blur - stereotypes|Bryan Adams - Please Forgive Me|Christina Aguilera - Reflection|COREL COLLECTION - POP 01|COUNTRY - 3rdrateromance skershaw|COUNTRY - alittletoolate
C# B,→ C#,2,32,79,Chris Stapleton - Tennessee Whiskey|John Lennon - Love|Red Hot Chili Peppers - Californication|The Pogues - Fairytale of New York|Bryan Adams - I Finally Found Someone|Collective Soul - shine|collective_soul - shine|COREL COLLECTION - SPRT 06
C#m B,→ C#m,2,32,85,Dolly Parton - Jolene|Paul McCartney - Wonderful Christmastime|ABBA - angel eyes|Ace Of Base - all that she wants|ace_of_base - all that she wants|Alice In Chains - sludge factory|alice_in_chains - sludge factory|carey_mariah - love takes time
C E,→ C,2,32,48,John Lennon - Imagine|Sam Cooke - Bring It On Home to Me|aerosmith - sweet emotion|Beatles - honey don't|Beatles - honey don t|Beatles - it won't be long|Beatles - it won t be long|Billy Joel - Its Still Rock and Roll To
C Cm,→ C,2,32,55,Until I Found You - Stephen Sanchez|COREL COLLECTION - JAZZ 05|COUNTRY - backsaddle|COUNTRY - easyontheeyes|COUNTRY - icantstoplovingyou02|COUNTRY - sockhop|crow_sheryl - everyday is a winding road|disney_songs - arabian nights from aladdin
F#m B,→ F#m,2,32,99,ABBA - name of the game|Aqua - barbie girl|Bangles - walklikeanegyptian|Bangles - walk like an egyptian|Beatles - a taste of honey|Beatles - do you wanna know a secret|Beatles - magical mystery tour|colvin_shawn - sunny came home
G F#m,→ G,2,32,100,bolton_michael - go the distance|cars_the - good times roll|COUNTRY - aintnoway|COUNTRY - buymearose|COUNTRY - buymearose kennyrogers|COUNTRY - couldihavethisdance amurry|COUNTRY - letsgotovegas faith|COUNTRY - pc crazy
E A D A,→ E,4,31,48,Bob Marley & The Wailers - Three Little Birds (A)|John Denver - Take Me Home Country Roads|Beatles - birthday|Beatles - i've just seen a face|Beatles - i ve just seen a face|Billy Joel - You May Be Right|COREL COLLECTION - MISC 02|COUNTRY - alittlelesstalk alotmoreaction tobykeith
B F# B F#,→ B,4,31,100,Simon & Garfunkel - The Sound of Silence|Sonny & Cher - I Got You Babe|Bon Jovi - bed of roses|CCR - Someday Never Comes|Chicago - chicagohardtosay|COUNTRY - adalida|COUNTRY - adalida1|COUNTRY - country heart
C F C Dm,→ C,4,31,35,Beatles - flying|Billy Joel - Piano Man|carey_mariah - i'll be there|Christmas - rudolph the red nosed reindeer|COUNTRY - backsaddle|COUNTRY - bluekentuckygirl|COUNTRY - coolwater|COUNTRY - drivemewild sawyerbrown
G D Em,→ G,3,31,54,Alessia Cara - Out Of Love|Elvis Presley - Always On My Mind|Father John Misty - Real Love Baby|Bananorama - Venus|Bananorama - venus2|Billy Joel - Big Shot|Bryan Adams - Before The Night Is Over|Counting Crows - anna begins
Em D C,→ Em,3,31,66,Cyndi Lauper - Girls Just Want To Have Fun|The Moody Blues - Nights In White Satin|ABBA - i'm a marionette|ABBA - i m a marionette|Alice In Chains - nutshell|alice_in_chains - nutshell|Billy Joel - Big Shot|Cake - the distance
Em G D,→ Em,3,31,53,Father John Misty - Real Love Baby|Simon & Garfunkel_Traditional - Scarborough Fair|AC DC - back in black|ac_dc - back in black|Bananorama - Venus|Bananorama - venus2|Bryan Adams - Before The Night Is Over|Christmas - greensleeves
C F Am,→ C,3,31,52,Noah Cyrus - July|Ace Of Base - lucky love|ace_of_base - lucky love|Beatles - flying|cocker_joe - unchain my heart|COUNTRY - bhamturnaround keithwhitley|COUNTRY - bornfree|COUNTRY - countmein
G Bm D,→ G,3,31,37,Patti Smith - Because the Night|America - america Ventura hwy|Beatles - eight days a week|Beatles - me and my monkey|buffet_jimmy - cheese burger paradise|Christian Music - go tell it on the mountain|christian_music - go tell it on the mountain|clapton_eric - wonderful tonight
Dm Gm,→ Dm,2,31,65,Amy Winehouse - Back To Black|a-ha - the living daylights|Beatles - and i love her|COREL COLLECTION - CLAS 13|COREL COLLECTION - POP 06|COUNTRY - husbandsandwives|COUNTRY - husbands n wives|COUNTRY - pkupman joediffie
Am E,→ Am,2,31,97,The Animals - House of the Rising Sun|ABBA - money money money|Backstreet Boys - as long as you love me|backstreet_boys - as long as you love me|Beatles - when i'm 64|Beatles - when i m 64|Big Bad Voodoo Daddy - mambo swing|Bobby Brown - my perogative
A# Fm,→ A#,2,31,58,alan_parsons_project - the cask of amontillado|Beat - honey|Bee Bees - stayin alive|beegees - stayin alive|carey_mariah - honey|Christian Music - count your blessings|Christian Music - put your hand in the hand|christian_music - count your blessings
Fm C#,→ Fm,2,31,59,Bee Bees - too much heaven|beegees - too much heaven|Bob Seger - BobSeger Mainstreet|bolton_michael - when a man loves a woman|Bone - days of our livez|Brian McKnight - Anytime|carey_mariah - forever|Christmas - christmas rhapsody
G C D G C,→ G,5,30,51,John Denver - Leaving on a Jet Plane|Billy Joel - Only the Good Die Young|Christian Music - and can it be|Christian Music - jerusalem happy home|Christian Music - joyful joyful we adore thee|christian_music - and can it be|christian_music - jerusalem happy home|christian_music - joyful joyful we adore thee
C F G C F,→ C,5,30,45,Beatles - imagine|Beatles - let it be|Billy Joel - Big Shot|checker_chubby - let's twist again|Chubby Checker - let s twist again|COREL COLLECTION - CLAS 20|COUNTRY - blueroses|COUNTRY - crich behind
D# A# D# G#,→ D#,4,30,49,Bee Bees - don t forget to remember|beegees - don't forget to remember|Christian Music - count your blessings|Christian Music - god hath not promised|Christian Music - have thine own way lord|christian_music - count your blessings|christian_music - god hath not promised|christian_music - have thine own way lord
A E F#m,→ A,3,30,59,"Bob Dylan - Lay, Lady, Lay|Eric Clapton - Tears in Heaven|King Princess - 1950|Bee Bees - to love somebody|beegees - how can you mend a broken heart|beegees - to love somebody|Blues Brothers - sweet home chicago|blues_brothers - sweet home chicago"
Em D G,→ Em,3,30,39,Cyndi Lauper - Girls Just Want To Have Fun|Dua Lipa - Don't Start Now|ABBA - just like that|Christian Music - there is none like you|christian_music - there is none like you|COUNTRY - actnaturally buckowens|COUNTRY - doesheloveyou|COUNTRY - doesheloveyou reba
D G Bm,→ D,3,30,41,Dua Lipa - Don't Start Now|Patti Smith - Because the Night|ABBA - thank you for the music|America - america Ventura hwy|Backstreet Boys - quit playing games|backstreet_boys - quit playing games|Beatles - eight days a week|Brandy - i wanna be down
F A# Gm,→ F,3,30,47,ABBA - like an angel passing through my room|ABBA - like an angel pŠugh my room|Ben Folds Five - missing the war|Billy Joel - Honesty|CCR - Long As I Can See The Light|Christian Music - lamb of glory|Christian Music - over the sunset mountains|christian_music - the battle belongs to the lord
F#m E A,→ F#m,3,30,44,adams_bryan - run to you|aerosmith - boogie man|Aqua - barbie girl|Beach Boys - god only knows|beach_boys - god only knows|Bryan Adams - Run To You|carey_mariah - music box|Christian Music - shine jesus shine
G A#,→ G,2,30,71,Beatles - baby you're a rich man|Beatles - baby you re a rich man|Beatles - being for the benefit of mr kite|Billy Joel - Allentown|Bryan Adams - When Youre Gone|COREL COLLECTION - MISC 01|COREL COLLECTION - SPRT 09|COUNTRY - addictedtoadollar
G C G C D,→ G,5,29,58,John Denver - Leaving on a Jet Plane|AC DC - you shook me|ac_dc - you shook me|Beatles - honey pie|Christian Music - and can it be|Christian Music - jerusalem happy home|christian_music - and can it be|christian_music - jerusalem happy home
D C D G,→ D,4,29,55,Billy Joel - She's Got A Way|The La's - There She Goes|America - America TinMan|America - america lonely people|Beatles - we can work it out|Bryan Adams - Cuts Like A Knife|Christian Music - in the sweet by and by|christian_music - in the sweet by and by
A Bm A Bm,→ A,4,29,119,Chris Stapleton - Tennessee Whiskey|The Cure - Friday I'm In Love|Alice In Chains - over now|alice_in_chains - over now|Beatles - this boy|BTO - Hey You|CCR - Born On A Bayou|christian_music - christ whose glory fills the skies
G Em G C,→ G,4,29,37,Neil Young - Heart of Gold|AC DC - you shook me|ac_dc - you shook me|Beatles - in my life|Bob Seger - BobSeger StillSame|COUNTRY - bluemoon|COUNTRY - desprado|COUNTRY - doesthebluemoonevershineonyou
C G Am G,→ C,4,29,57,Pink - Just Give Me A Reason|Pink Floyd - Wish You Were Here|aerosmith - pink|Barry Manilow - BarryMannilow IWriteTheSongs|Beatles - i want to hold your hand|Bob Seger - BobSeger TillItShines|CCR - Wholl Stop The Rain|Christian Music - do you know jesus
A G A D,→ A,4,29,38,The Pogues - Fairytale of New York|adams_bryan - summer of 69|Allman Brothers Band - jessica|Broadway Shows - think of me|broadway_shows - think of me|Christian Music - joy to the world|Christian Music - there is none like you|christian_music - joy to the world
F Gm F Gm,→ F,4,29,123,beach_boys - i just wasnt made for these times|Beatles - til there was you|Bon Jovi - keepthefaith|Bon Jovi - keep the faith bon jovi|Bon Jovi - keep the faith|Bon Jovi - kepfaith|carey_mariah - dream lover|carey_mariah - never forget you
E F#m A,→ E,3,29,48,"Bob Dylan - Lay, Lady, Lay|King Princess - 1950|beegees - how can you mend a broken heart|Blues Brothers - sweet home chicago|blues_brothers - sweet home chicago|CCR - Proud Mary|cetera_peter - next time i fall|clapton_eric - tears in heaven"
Dm C F,→ Dm,3,29,41,The Strokes - The Adults Are Talking|Air Supply - Even The Nights Are Better|Billy Joel - Movin Out|Carpenters - top of the world|carpenters_the - top of the world|COUNTRY - a bad goodbye|COUNTRY - cheroke1|COUNTRY - honkytonkangels
D# A# G#,→ D#,3,29,68,Ben Folds Five - uncle walter|Christian Music - count your blessings|Christian Music - put your hand in the hand|Christian Music - were you there|christian_music - count your blessings|christian_music - put your hand in the hand|christian_music - were you there|collins_phil - everyday
Gm Cm,→ Gm,2,29,69,Beach House - Space Song|Beatles - here there and everywhere|Bob Seger - BobSeger Mainstreet|clapton_eric - i shot the sheriff|collins_phil - don't lose my number|COREL COLLECTION - CLAS 18|COREL COLLECTION - POP 05|COUNTRY - 10000angels
B C#,→ B,2,29,59,Chris Stapleton - Tennessee Whiskey|Céline Dion - My Heart Will Go On|Bryan Adams - I Finally Found Someone|Christian Music - my yielded heart|Collective Soul - shine|collective_soul - shine|COREL COLLECTION - SPRT 06|COUNTRY - burythehatchet
D Gm,→ D,2,29,73,The Beatles - If I Fell|ABBA - summer night city|adams_bryan - have you ever really loved a woman|Billy Joel - Honesty|Bryan Adams - have you ever rŠved a woman|carey_mariah - miss you most at christmas time|clapton_eric - i shot the sheriff|COREL COLLECTION - CLAS 23
C D#,→ C,2,29,67,98 Degrees - The Hardest Thing|Bee Bees - how deep is your love|beegees - how deep is your love|Billy Joel - New York State of Mind|Boston - foreplay|COREL COLLECTION - RBOOGY 1|COUNTRY - guysdoitalltime mindymc|COUNTRY - ringonherfinger
G D G A D,→ G,5,28,40,Bob Dylan - Blowin' in the Wind|Johnny Nash - I Can See Clearly Now|The Pogues - Fairytale of New York|Beatles - drive my car|byrds_the - mr tamborine man|Christian Music - open our eyes lord|Christmas - first noel|COUNTRY - canitrustuwithmyhrt
F G F C,→ F,4,28,41,Elton John - Daniel|adams_bryan - heaven|Beatles - imagine|Beatles - let it be|Beatles - til there was you|Bryan Adams - heaven|Bryan Adams - Lets Make A Night To Rememb|Christian Music - rise again
G D C D,→ G,4,28,54,The La's - There She Goes|Van Morrison - Brown Eyed Girl|aerosmith - what it takes|America - America TinMan|America - america lonely people|Boston - more than a feeling|Bryan Adams - Cuts Like A Knife|Christian Music - in the sweet by and by
D G A G,→ D,4,28,42,America - america Ventura hwy|Bon Jovi - thank you for loving mebonjovi|brooks_garth - if tomorrow never comes|Christian Music - open our eyes lord|Christmas - first noel|Chumba Wumba - Tubthumping|COUNTRY - beforeukillusall|COUNTRY - beforeyoukillusall rt
D Em A,→ D,3,28,52,John Lennon - Happy Xmas (War Is Over)|Bangles - manic monday|Beatles - across the universe|Beatles - fool on the hill|Beatles - if i fall|COUNTRY - 1niteatatime|COUNTRY - changemymind jberry|COUNTRY - elpaso
C Em G,→ C,3,28,36,ABBA - does your mother know|Bob Seger - BobSeger StillSame|CCR - CCR Medley|Christian Music - calvary s love|christian_music - calvary's love|COUNTRY - butterflykisses|COUNTRY - delrio drive|COUNTRY - fromdist
C Dm F,→ C,3,28,41,beegees - i've got to get a message to you|Christian Music - morning has broken|COREL COLLECTION - MISC 05|COUNTRY - rockinyears|drifters_the - under the boardwalk|guess_who - these eyes|marx_richard - right here waiting|Pointer Sisters - Slow Hand
C#m A,→ C#m,2,28,33,"Bob Dylan - Lay, Lady, Lay|ABBA - hole in your soul|Air Supply - She Never Heard Me Call|Alice In Chains - i stay away|alice_in_chains - i stay away|Beat - puffy momoney|Beatles - while my guitar gently weeps|Big Mr - to be with you"
Fm A#,→ Fm,2,28,51,Ace Of Base - wheel of fortune|ace_of_base - wheel of fortune|alan_parsons_project - the cask of amontillado|Barry Manilow - Copacabana|Beat - honey|Bee Bees - stayin alive|beegees - stayin alive|carey_mariah - honey
Cm Fm,→ Cm,2,28,50,alan_parsons_project - the raven|Bee Bees - stayin alive|beegees - stayin alive|Bon Jovi - bonjovi itsmylife|Bon Jovi - it's my life|chapin_harry - cats in the cradle|COREL COLLECTION - NEWA 09|COUNTRY - dream
Cm Gm,→ Cm,2,28,69,Beatles - here there and everywhere|Bob Seger - BobSeger Mainstreet|Bon Jovi - bonjovi itsmylife|Bon Jovi - it's my life|Britney Spears - BAby one|collins_phil - don't lose my number|COUNTRY - 10000angels|COUNTRY - eyesolov
F C G F C,→ F,5,27,42,Billy Joel - Piano Man|The Beatles - Let It Be|adams_bryan - everything i do|adams_bryan - heaven|Beatles - can't buy me love|Beatles - can t buy me love|Bryan Adams - heaven|COREL COLLECTION - POP 04A
G A D G A,→ G,5,27,31,Bon Jovi - thank you for loving mebonjovi|Christian Music - open our eyes lord|Christmas - first noel|Chumba Wumba - Tubthumping|COUNTRY - allineedtoknow kchesney|COUNTRY - buymearose|COUNTRY - buymearose kennyrogers|COUNTRY - grandpahands
C G F G,→ C,4,27,72,Air Supply - All Out of Love|Bette Midler - The Rose|ABBA - hamlet 3|Beatles - from me to you|Celine Dion - Im Your Angel|Celine Dion - Its All Coming Back To Me|Christmas - granma's christmas|Christmas - granma s christmas
Bm A Bm A,→ Bm,4,27,103,Chris Stapleton - Tennessee Whiskey|The Cure - Friday I'm In Love|Alice In Chains - over now|alice_in_chains - over now|Beatles - this boy|BTO - Hey You|CCR - Born On A Bayou|christian_music - christ whose glory fills the skies
C G Em G,→ C,4,27,33,Neil Young - Heart of Gold|Beatles - in my life|Ben Folds Five - song for the dumped|Bob Seger - BobSeger StillSame|Christian Music - fill my cup|christian_music - fill my cup|Christmas - here we come a wasseling|COUNTRY - bluemoon
D Em D G,→ D,4,27,47,Rod Stewart - Reason To Believe|The Rolling Stones - Paint It Black|ABBA - knowing me knowing you|Ace Of Base - the sign|ace_of_base - the sign|Bangles - manic monday|Beach Boys - surfer girl|beach_boys - surfer girl
A D A G,→ A,4,27,32,The Pogues - Fairytale of New York|BareNaked Ladies - Shoe Box|Broadway Shows - think of me|broadway_shows - think of me|Bryan Adams - Cloud No 9|COUNTRY - buymearose|COUNTRY - buymearose kennyrogers|COUNTRY - elpaso
E F#m E F#m,→ E,4,27,87,ABBA - name of the game|Ace Of Base - happy nation|ace_of_base - happy nation|Allman Brothers Band - blue sky|America - america mustrat love|Aqua - barbie girl|COREL COLLECTION - NEWA 12|COUNTRY - mysweetlord
F G Am,→ F,3,27,66,Elton John - Daniel|Lady Gaga - Always Remember Us This Way|Leonard Cohen - Hallelujah|Psycho Killer - Talking Heads|R.E.M. - Losing My Religion|Backstreet Boys - anywhere for you|backstreet_boys - anywhere for you|Bryan Adams - Lets Make A Night To Rememb
F C Dm,→ F,3,27,38,3t - i need you|3t - i want you|beegees - i've got to get a message to you|Billy Joel - Goodnight Saigon|Celine Dion - Its All Coming Back To Me|Christian Music - morning has broken|COREL COLLECTION - MISC 05|COUNTRY - husbandsandwives
G Em A,→ G,3,27,51,ABBA - just like that|Allman Brothers Band - jessica|Beat - daftpunk|brooks_garth - the dance|christian_music - church in the little green valley|COUNTRY - doesheloveyou|COUNTRY - doesheloveyou reba|COUNTRY - keepstars
A# F Dm,→ A#,3,27,37,Air Supply - All Out Of Love|BareNaked Ladies - The Old Apartment|Christian Music - praise the lord|christian_music - praise the lord|COREL COLLECTION - CLAS 22|COREL COLLECTION - NEWA 07|Counting Crows - raining in baltimore|counting_crows - raining in baltimore
C Dm A#,→ C,3,27,38,Bryan Adams - Its Only Love|Bryan Adams - I Finally Found Someone|Christian Music - celebrate jesus|christian_music - celebrate jesus|collins_phil - in the air tonight|Counting Crows - raining in baltimore|counting_crows - raining in baltimore|COUNTRY - valentine
F D,→ F,2,27,37,Elton John - I Guess That's Why They Call It The Blues|The Velvet Underground - Sunday Morning|brown_james - i got the feelin|Chicago - 25or6to4|Chicago - 25 or 6 to 4|Christian Music - celebrate jesus|christian_music - celebrate jesus|cocker_joe - summer in the city
E Am,→ E,2,27,84,The Animals - House of the Rising Sun|ABBA - money money money|Beatles - real love|Big Bad Voodoo Daddy - mambo swing|Bobby Brown - my perogative|brown_bobby - my perogative|Genesis - get 'em out by friday|Genesis - get em out by friday
F E,→ F,2,27,45,The Beatles - I Am The Walrus|cocker_joe - the letter|COREL COLLECTION - INTL 04|COREL COLLECTION - ROCK 04|COUNTRY - alovesobeautiful|COUNTRY - countrytillidie johnand|COUNTRY - greatestmanineverknew|COUNTRY - thinkinthing traceadkins
Gm D,→ Gm,2,27,71,The Beatles - If I Fell|ABBA - summer night city|Beatles - michelle|clapton_eric - i shot the sheriff|COREL COLLECTION - SPRT 08|COUNTRY - pkupman joediffie|Eagles - Witchy Woman|Eric Clapton - i shot the sheriff
Em F#m,→ Em,2,27,76,"America - america A horse with no name|America - america Ventura hwy|Bryan Adams - This Time|COREL COLLECTION - WEST 04|COUNTRY - howdoilive|COUNTRY - Rimes,LeAnn HowDoILive|COUNTRY - Rimes,LeAnn HowDoILive1|COUNTRY - Stoponadime"
A#m G#,→ A#m,2,27,71,Beat - puthands|Christina Aguilera - genie|Christina Aguilera - Genie In A Bottle|collins_phil - easy lover|COREL COLLECTION - NEWA 09A|COUNTRY - backnbabyarm|COUNTRY - speclangel|dave_matthews_band - satellite
Fm F,→ Fm,2,27,51,Boston - foreplay|C and C Music Factory - everybody dance now|C and C Music Factory - gonna make you sweat|COUNTRY - aceinhole|COUNTRY - aceinthehole|COUNTRY - cadillac ranch chrisLeDoux|FUNK - Thats the Way I Like It|Genesis - one for the vine
C F G C G,→ C,5,26,37,Beatles - flying|CCR - Midnight Special|Christian Music - fill my cup|christian_music - fill my cup|Christmas - here we come a wasseling|collins_phil - sussudio|COREL COLLECTION - FNFRE 04|COUNTRY - angelmrn
G C G F,→ G,4,26,62,Air Supply - All Out of Love|Bette Midler - The Rose|Cat Stevens - Wild World|ABBA - hamlet 3|Beatles - hard days night|Celine Dion - Im Your Angel|COREL COLLECTION - SPRT 02|COUNTRY - anymore
C G C Am,→ C,4,26,37,Leonard Cohen - Hallelujah|Barry Manilow - BarryMannilow IWriteTheSongs|Bruce Hornsby - The Way It Is|Bryan Adams - Christmas Time|COREL COLLECTION - POP 04|COUNTRY - asanyfoolcansee tlaw|COUNTRY - Don't Take The Girl|COUNTRY - donttake
G C G Em,→ G,4,26,36,Neil Young - Heart of Gold|ABBA - does your mother know|AC DC - you shook me|ac_dc - you shook me|Beatles - in my life|Black Sabbath - paranoid|black_sabbath - paranoid|Bob Seger - BobSeger StillSame
G A D A,→ G,4,26,35,The Pogues - Fairytale of New York|Allman Brothers Band - jessica|Broadway Shows - think of me|broadway_shows - think of me|Christian Music - joy to the world|christian_music - joy to the world|COUNTRY - alwaysonmymind|COUNTRY - buymearose
C A# C F,→ C,4,26,31,Ace Of Base - lucky love|ace_of_base - lucky love|Broadway Shows - think of me|broadway_shows - think of me|Christian Music - i love you lord|Christian Music - my jesus i love thee|christian_music - i love you lord|COREL COLLECTION - MISC 11
A# G# A# G#,→ A#,4,26,126,Aqua - roses are red|Beat - honey|carey_mariah - honey|COUNTRY - almostgdbye|COUNTRY - almstgdbye mchestnut|COUNTRY - I'll Think Of(VERN)|COUNTRY - ido paulbrandt|COUNTRY - yourstilltheone
C F C A#,→ C,4,26,38,BabyFace - babyface everytime|Broadway Shows - think of me|broadway_shows - think of me|Celine Dion - My Heart Will Go On Techno|christian_music - angels we have heard on high|COREL COLLECTION - MISC 11|COREL COLLECTION - WEST 09|COUNTRY - canthelp
F D# A#,→ F,3,26,41,Air Supply - All Out Of Love|Bon Jovi - you give love a bad name|Christian Music - angels watching over me|christian_music - angels watching over me|COREL COLLECTION - CLAS 22|COUNTRY - byebye|COUNTRY - byebye jodeemessina|COUNTRY - downonthefarm timmcg
C# F# G#,→ C#,3,26,36,bolton_michael - when a man loves a woman|COUNTRY - babyilyed|COUNTRY - believemebaby|COUNTRY - enginenumber9|COUNTRY - harper valley pta|COUNTRY - whiskeyriver willie|Genesis - A Trick of the Tail|Genesis - trick of the tail
D# A# F,→ D#,3,26,45,chapin_harry - cats in the cradle|Christian Music - angels watching over me|Christian Music - low in the grave he lay|Christian Music - stand up stand up for jesus|christian_music - angels watching over me|christian_music - stand up stand up for jesus|COREL COLLECTION - CLAS 22|COUNTRY - byebye
B Em,→ B,2,26,75,Nazareth - Love Hurts|AC DC - thunderstruck|carey_mariah - looking in|CCR - I Put A Spell On You|COREL COLLECTION - CLAS 11|COREL COLLECTION - CLAS 15|COUNTRY - bbryhill|COUNTRY - feelings
F#m Em,→ F#m,2,26,66,"Tears For Fears - Everybody Wants To Rule The World|America - america A horse with no name|America - america Ventura hwy|Bryan Adams - This Time|COREL COLLECTION - WEST 04|COUNTRY - howdoilive|COUNTRY - Rimes,LeAnn HowDoILive|COUNTRY - Rimes,LeAnn HowDoILive1"
Fm F#,→ Fm,2,26,57,Backstreet Boys - all i have to give|Backstreet Boys - everybody|backstreet_boys - everybody|Bee Bees - too much heaven|beegees - too much heaven|bolton_michael - when a man loves a woman|Bonnie Raitt - Something to Talk About|boys_2_men - ill make love to you
Gm G,→ Gm,2,26,40,"Beatles - being for the benefit of mr kite|Billy Joel - Joel, Billy Just the way you are|Billy Joel - Just the Way You Are|Britney Spears - BAby one|Bryan Adams - House Arrest|collins_phil - sussudio|COUNTRY - AGDTTSCU|COUNTRY - aintgoingdown"
C Bdim,→ C,2,26,62,Beatles - flying|Bush - machine head|Christian Music - god is love|christian_music - christ the lord is risen today|christian_music - god is love|Christmas - holy night|Christmas - oh holy night|clapton_eric - let it grow
G F#dim,→ G,2,26,51,Billy Joel - Just the Way You Are|Boston - more than a feeling|Bryan Adams - The Only Thing That Looks G|Christian Music - come all ye faithful|Christian Music - for the beauty of the earth|Christian Music - for the blind will see|christian_music - come all ye faithful|christian_music - for the beauty of the earth
C G F C F,→ C,5,25,59,Billy Joel - Piano Man|The Beatles - Let It Be|adams_bryan - everything i do|Billy Joel - Goodnight Saigon|Bruce Hornsby - The Way It Is|COREL COLLECTION - POP 04A|COUNTRY - angelmrn|COUNTRY - drivemewild sawyerbrown
D G D G A,→ D,5,25,38,Bob Dylan - Blowin' in the Wind|Johnny Nash - I Can See Clearly Now|The Pogues - Fairytale of New York|Beatles - drive my car|byrds_the - mr tamborine man|Christian Music - holy city|christian_music - holy city|Christmas - first noel
G C G C F,→ G,5,25,40,Creedence Clearwater Revival - Have You Ever Seen The Rain|Leonard Cohen - Hallelujah|Bryan Adams - Lets Make A Night To Rememb|Bryan Adams - Somebody|CCR - Have You Ever Seen The Rain|Christmas - let it snow|COREL COLLECTION - FNFRE 04|COUNTRY - blueroses
C F C F G,→ C,5,25,35,Beatles - imagine|Billy Joel - Only the Good Die Young|checker_chubby - let's twist again|Christmas - here we come a wasseling|Christmas - let it snow|Chubby Checker - let s twist again|COREL COLLECTION - CLAS 20|COUNTRY - angelmrn
F G C G,→ F,4,25,56,Air Supply - All Out of Love|Bette Midler - The Rose|Elton John - I Guess That's Why They Call It The Blues|Jackson Browne - Late For The Sky|Beatles - hard days night|Celine Dion - Im Your Angel|Celine Dion - Its All Coming Back To Me|COREL COLLECTION - SPRT 02
D G D C,→ D,4,25,47,The La's - There She Goes|America - America TinMan|America - america lonely people|Boston - more than a feeling|Bryan Adams - Cuts Like A Knife|Celine Dion - Thats The Way It Is|Christian Music - give thanks|Christian Music - joyful joyful we adore thee
Dm F Dm F,→ Dm,4,25,78,The Strokes - The Adults Are Talking|ABBA - summer night city|Celine Dion - Its All Coming Back To Me|collins_phil - inside out|COREL COLLECTION - JAZZ 07|Creed - myownprison Creed|Creed - My Own Prison|Depech Mode - shake the disease
A# F A# D#,→ A#,4,25,40,ABBA - move on|Beatles - revolution|Christian Music - angels watching over me|Christian Music - love lifted me|Christian Music - precious lord take my hand|christian_music - angels watching over me|christian_music - precious lord take my hand|COUNTRY - allthegold
G# A# G# A#,→ G#,4,25,131,Alice In Chains - rooster|alice_in_chains - rooster|Aqua - roses are red|Beat - honey|Bon Jovi - you give love a bad name|carey_mariah - honey|COUNTRY - almostgdbye|COUNTRY - almstgdbye mchestnut
F D# F D#,→ F,4,25,59,BareNaked Ladies - The Old Apartment|CCR - Long As I Can See The Light|COUNTRY - amazes|COUNTRY - byebye|COUNTRY - byebye jodeemessina|COUNTRY - deltadawn|COUNTRY - godspent|COUNTRY - teddybear
A# D# A# F,→ A#,4,25,36,Barry Manilow - Mandy|Bob Seger - BobSeger BlindLove|Christian Music - angels watching over me|Christian Music - precious lord take my hand|christian_music - angels watching over me|christian_music - precious lord take my hand|COREL COLLECTION - SPRT 03|COUNTRY - allthegold
A F#m A F#m,→ A,4,25,89,Beat - tha cros|bolton_michael - when a man loves a woman|Bone - tha crossroads|Christian Music - lift up your heads|emerson_lake_and_palmer - the barbarien|garbage - stupid girl|Huey Lewis - I Want a New Drug|level_42 - the sun goes down
Am C Am G,→ Am,4,25,28,Blues Traveller - crash and burn|Blues Traveller - run around|blues_traveller - crash and burn|blues_traveller - run around|Bobby Brown - my perogative|brown_bobby - my perogative|Bryan Adams - Christmas Time|COUNTRY - Breathe
A# F C F,→ A#,4,25,49,Christian Music - now thank we all our god|Christian Music - rise again|Christian Music - we ll talk it over|christian_music - rise again|christian_music - we'll talk it over|COUNTRY - 2pinacoladas|COUNTRY - arizona|COUNTRY - awhitesportcoatandpinkcarnation
G F Am,→ G,3,25,30,Fleetwood Mac - Dreams|America - america I Need You|America - america I Need You sll|Backstreet Boys - as long as you love me|backstreet_boys - as long as you love me|brooks_garth - industrial|Carpenters - yesterday once more|carpenters_the - yesterday once more
G A Bm,→ G,3,25,75,Lana Del Rey - Young And Beautiful|Patti Smith - Because the Night|The Cure - Friday I'm In Love|All 4 One - i swear|all_4_one - i swear|Backstreet Boys - quit playing games|backstreet_boys - quit playing games|BareNaked Ladies - Shoe Box
G A C,→ G,3,25,34,Lynyrd Skynyrd - Simple Man|Pink Floyd - Comfortably Numb|brooks_garth - if tomorrow never comes|Christian Music - come all ye faithful|christian_music - come all ye faithful|COREL COLLECTION - MISC 09|COUNTRY - cantstopmyselffromlovingyou|COUNTRY - cantstopmyselffromlovingyou plove
A D F#m,→ A,3,25,29,Oh Wonder - Drive|ABBA - fernando|AC DC - highway to hell|ac_dc - highway to hell|adams_bryan - run to you|America - america Ventura hwy|Blur - in the country|Bryan Adams - Run To You
Em G C,→ Em,3,25,33,Procol Harum - A Whiter Shade of Pale|Beatles - a day in the life|Bob Seger - BobSeger StillSame|COUNTRY - fromdist|COUNTRY - ghetto elvis|COUNTRY - pc bluemoonofkentucky|Foreigner - Feels Like the First Time|Foreigner - Foreigner Feels like the first time
C G Dm,→ C,3,25,40,Red Hot Chili Peppers - Californication|Bryan Adams - When Youre Gone|byrds_the - turn turn|Christian Music - fill my cup|christian_music - fill my cup|COREL COLLECTION - FNFRE 04|COUNTRY - 26cents|COUNTRY - bigwheelsrollin cd
A# Gm F,→ A#,3,25,38,ABBA - like an angel passing through my room|ABBA - like an angel pŠugh my room|Ben Folds Five - missing the war|CCR - Lookin Out My Back Door|Christian Music - low in the grave he lay|christian_music - the battle belongs to the lord|COREL COLLECTION - WEST 01|COUNTRY - cestlavie
Am D G,→ Am,3,25,39,America - america sandman|Atlantic Starr - always|atlantic_starr - always|collins_phil - just another day in paradise|COUNTRY - blameit|COUNTRY - blameitonyourcheatingheart|COUNTRY - bluesman aj|COUNTRY - Breathe
G Em F,→ G,3,25,33,Asia - only time will tell|Atlantic Starr - i ll remember you|atlantic_starr - i'll remember you|Backstreet Boys - as long as you love me|backstreet_boys - as long as you love me|Beatles - a day in the life|Billy Joel - Its Still Rock and Roll To|Billy Joel - its still rock and roll to me
A# G# D#,→ A#,3,25,56,Barry Manilow - Mandy|Beatles - piggies|Ben Folds Five - uncle walter|Bryan Adams - BRYAN ADAMS here i am|carey_mariah - i'll be there|Christian Music - count your blessings|Christian Music - were you there|christian_music - count your blessings
G# D# C#,→ G#,3,25,47,Bee Bees - don t forget to remember|beegees - don't forget to remember|Christian Music - the longer i serve him|Christian Music - to god be the glory|christian_music - the longer i serve him|christian_music - to god be the glory|collins_phil - don't lose my number|collins_phil - take me home
D# Cm A#,→ D#,3,25,47,Bob Seger - BobSeger BlindLove|Christian Music - god hath not promised|Christian Music - stand up stand up for jesus|christian_music - god hath not promised|christian_music - stand up stand up for jesus|Christina Aguilera - I Turn To You|COREL COLLECTION - CLAS 23|COREL COLLECTION - JAZZ 03
A# C Dm,→ A#,3,25,43,Bon Jovi - keepthefaith|Bon Jovi - keep the faith bon jovi|Bon Jovi - keep the faith|Bon Jovi - kepfaith|Bryan Adams - I Finally Found Someone|Christian Music - lamb of glory|collins_phil - in the air tonight|Counting Crows - raining in baltimore
Am A#,→ Am,2,25,60,3t - i need you|3t - i want you|Aqua - my oh my|Celine Dion - My Heart Will Go On Techno|cetera_peter - glory of love|COREL COLLECTION - INTL 12|COUNTRY - dontitmakeyourbrowneyesblue|COUNTRY - dontmakebreyeblue
D# Dm,→ D#,2,25,44,Ace Of Base - Always Have Always Will|Ben Folds Five - uncle walter|bolton_michael - how am i supposed to live without you|Christian Music - mighty is our god|Christmas - we three kings|COUNTRY - aceinhole|COUNTRY - aceinthehole|COUNTRY - THE CHANGE
A G#m,→ A,2,25,61,Aqua - barbie girl|Beach Boys - god only knows|beach_boys - god only knows|Bon Jovi - in these arms|carey_mariah - always be my baby|Christian Music - my god and i|Christmas - silent night|COREL COLLECTION - MOOD 08
B D#m,→ B,2,25,53,Bee Bees - woman in love|beegees - woman in love|Blues Brothers - everybody needs somebody|blues_brothers - everybody needs somebody|Chicago - chiyou|COREL COLLECTION - SPRT 06|COUNTRY - It Matters(VERN)|COUNTRY - manfeelwoman
D G A D A,→ D,5,24,37,ABBA - Waterloo|The Pogues - Fairytale of New York|buffet_jimmy - margaritaville|christian_music - blessed assurance jesus is mine|Christmas - joy to the world|COUNTRY - abilene|COUNTRY - butiwill faith|COUNTRY - cattlecall
F G C F C,→ F,5,24,32,Air Supply - All Out of Love|Jackson Browne - Late For The Sky|Beatles - imagine|Beatles - let it be|Bryan Adams - Lets Make A Night To Rememb|checker_chubby - let's twist again|Chubby Checker - let s twist again|COREL COLLECTION - CLAS 20
C F C G F,→ C,5,24,50,Billy Joel - Piano Man|Simon & Garfunkel - The Boxer|The Beatles - Let It Be|ABBA - hamlet 3|Beatles - can't buy me love|Beatles - can t buy me love|Celine Dion - Im Your Angel|Christmas - granma's christmas
D G A D G,→ D,5,24,41,Bob Dylan - Blowin' in the Wind|Johnny Nash - I Can See Clearly Now|The Pogues - Fairytale of New York|Beach Boys - surfer girl|beach_boys - surfer girl|Beatles - drive my car|byrds_the - mr tamborine man|COUNTRY - canitrustuwithmyhrt
G D A G D,→ G,5,24,35,Bob Marley & The Wailers - Three Little Birds (D)|Beatles - we can work it out|Beatles - why don't we do it in the road|brown_james - i feel good|buffet_jimmy - cheese burger paradise|CCR - Bad Moon Rising|Christmas - first noel|COUNTRY - cityofneworleans willie
G C G D C,→ G,5,24,45,Grateful Dead - Ripple|America - America TinMan|Boston - more than a feeling|buffet_jimmy - when the volcano blows|Christmas - away in a manger|COUNTRY - daydreamnightthings|COUNTRY - driftofftodream tritt|COUNTRY - ringoffire
C G C D G,→ C,5,24,38,John Denver - Leaving on a Jet Plane|Christian Music - and can it be|Christian Music - bring back the springtime|Christian Music - jerusalem happy home|christian_music - and can it be|christian_music - bring back the springtime|christian_music - jerusalem happy home|COREL COLLECTION - SEA 03
C F G F,→ C,4,24,42,Billy Joel - Piano Man|Elton John - Daniel|adams_bryan - heaven|aerosmith - pink|Beatles - imagine|Billy Joel - Only the Good Die Young|Bryan Adams - heaven|Christian Music - rise again
F G C Am,→ F,4,24,56,Creedence Clearwater Revival - Have You Ever Seen The Rain|Elvis Presley - If I Can Dream|John Lennon - Watching The Wheels|Lady Gaga - Always Remember Us This Way|Led Zeppelin - D’yer Mak’er|Taylor Swift - Nothing New|The Righteous Brothers - Unchained Melody|Backstreet Boys - as long as you love me
F Am F Am,→ F,4,24,78,Red Hot Chili Peppers - Californication|Asia - only time will tell|COREL COLLECTION - INTL 16|COUNTRY - burningbridges|COUNTRY - greatestmanineverknew|Enya - Enya holly|guns_%26_roses - don t cry|Movie Themes - philadelphia
C D G D,→ C,4,24,51,The La's - There She Goes|The Rolling Stones - Wild Horses|America - America TinMan|America - america lonely people|Beatles - i want to hold your hand|Bryan Adams - Cuts Like A Knife|clapton_eric - wonderful tonight|COREL COLLECTION - ROCK 05
G Em G D,→ G,4,24,42,ABBA - does your mother know|COUNTRY - changemymind jberry|COUNTRY - dontrockjukebox|COUNTRY - howtimeslipsaway|COUNTRY - IAE|COUNTRY - istillbelieveinyou vgill|COUNTRY - theresyour trouble dixchk|Culture Club - Do You Really Want to Hurt
A B A E,→ A,4,24,31,adams_bryan - thought i'd died and gone to heaven|Beatles - i saw her standing there|Beatles - oh darling|Blues Brothers - everybody needs somebody|blues_brothers - everybody needs somebody|Boston - piece of mind|Bryan Adams - Thought Id Died And Gone To|COREL COLLECTION - NEWA 10
Gm F Gm F,→ Gm,4,24,104,Bon Jovi - keepthefaith|Bon Jovi - keep the faith bon jovi|Bon Jovi - keep the faith|Bon Jovi - kepfaith|carey_mariah - dream lover|christian_music - what a friend we have in jesus|Christmas - oh christmas tree|clapton_eric - i shot the sheriff
F#m A E,→ F#m,3,24,41,"Bob Dylan - Lay, Lady, Lay|King Princess - 1950|America - america mustrat love|beegees - how can you mend a broken heart|cetera_peter - next time i fall|COUNTRY - coveruinkisses|COUNTRY - everybodyknows trisha|COUNTRY - imnahurry alab"
E F# B,→ E,3,24,38,Neil Diamond - Sweet Caroline|Beach Boys - fun fun fun|beach_boys - fun fun fun|Bon Jovi - bad medicine|COUNTRY - allmyex gstrait|COUNTRY - amanthislonely bnd|COUNTRY - countryclub|COUNTRY - hankw hglook
C G A,→ C,3,24,34,Pink Floyd - Comfortably Numb|Beatles - i want to hold your hand|Blues Brothers - soul man|blues_brothers - soul man|brooks_garth - if tomorrow never comes|COUNTRY - cantstopmyselffromlovingyou|COUNTRY - cantstopmyselffromlovingyou plove|COUNTRY - hestoplovher
C Em Am,→ C,3,24,62,Procol Harum - A Whiter Shade of Pale|ABBA - does your mother know|Alien Ant Farm - smoothcriminal|Beatles - for no one|Billy Joel - Piano Man|Bush - cold contagious|COREL COLLECTION - LITE 14|COUNTRY - butterflykisses
C G Bm,→ C,3,24,39,Bangles - eternal flame|Bob Seger - BobSeger AgainstWind|CCR - Wholl Stop The Rain|Christian Music - our god is an awesome god|clapton_eric - rock 'n roll heart|collins_phil - groovy kind of love|COUNTRY - Don't Take The Girl|COUNTRY - donttake
G Bm C,→ G,3,24,41,Beatles - baby it's you|Beatles - baby it s you|Beatles - lucy in the sky with diamonds|Bob Seger - BobSeger AgainstWind|CCR - Wholl Stop The Rain|Christian Music - our god is an awesome god|collins_phil - groovy kind of love|COUNTRY - fireonmtn daniels
G# D# A#,→ G#,3,24,54,Ben Folds Five - uncle walter|carey_mariah - whenever|Christian Music - mighty is our god|Christian Music - put your hand in the hand|christian_music - put your hand in the hand|collins_phil - everyday|collins_phil - take me home|Coolio - c u when u get there
C# D# G#,→ C#,3,24,54,carey_mariah - prisoner|COUNTRY - americanmade|COUNTRY - First degree(VERN)|COUNTRY - harpervpta|COUNTRY - loveinfirstde al|COUNTRY - mywomanmywife|COUNTRY - wayuluv|dion_celine - the power of love
D C#m,→ D,2,24,45,"Lana Del Rey - Video Games|gnash (feat. olivia o'brien) - i hate u, i love u|a-ha - take on me|ABBA - thank you for the music|Christian Music - shine jesus shine|christian_music - shine jesus shine|Christofer Cross - Sailing|COUNTRY - abilene"
G#m E,→ G#m,2,24,52,Sasha Sloan - Dancing With Your Ghost|America - america Sister goldenhair|Bananorama - Cruel Summer|Bryan Adams - I Finally Found Someone|COUNTRY - hankw hglook|COUNTRY - tempted|Destiny's Child - Bugaboo|Dixie Chicks - I Can Love You Better
F#m G,→ F#m,2,24,80,Tears For Fears - Everybody Wants To Rule The World|Beatles - ticket to ride|bolton_michael - go the distance|bolton_michael - when a man loves a woman|Bryan Adams - Before The Night Is Over|COREL COLLECTION - JAZZ 06|COUNTRY - aintnoway|COUNTRY - allineedtoknow kchesney
B D,→ B,2,24,56,The Beatles - Hey Bulldog|Alice In Chains - no excuses|alice_in_chains - no excuses|Bangles - walklikeanegyptian|Bangles - walk like an egyptian|Beatles - a taste of honey|Beatles - mean mr mustard|Ben Folds Five - julianne
A#m C#,→ A#m,2,24,43,Backstreet Boys - everybody|backstreet_boys - everybody|Bone - look into my eyes|COREL COLLECTION - TECH 04|COUNTRY - SheThinksMyTractorSexy|disney_songs - can't wait to be king|disney_songs - can t wait to be king|Genesis - Jesus He Knows Me
D# A#m,→ D#,2,24,88,Bjork - oh so quiet|Christian Music - put your hand in the hand|christian_music - put your hand in the hand|Christina Aguilera - genie|Christina Aguilera - Genie In A Bottle|Christmas - 12 days of christmas|collins_phil - saturday night and sunday morning|COREL COLLECTION - LITE 12
D A D G A,→ D,5,23,40,ABBA - Waterloo|The Pogues - Fairytale of New York|Bon Jovi - thank you for loving mebonjovi|buffet_jimmy - margaritaville|CCR - Up Around The Bend|christian_music - blessed assurance jesus is mine|Christmas - joy to the world|COUNTRY - butiwill faith
D G D A G,→ D,5,23,38,Bob Marley & The Wailers - Three Little Birds (D)|America - america Ventura hwy|Beatles - we can work it out|Beatles - why don't we do it in the road|brown_james - i feel good|buffet_jimmy - cheese burger paradise|CCR - Bad Moon Rising|COUNTRY - alwaysonmymind
C Dm C F,→ C,4,23,27,Joni Mitchell - River|Nick Cave & The Bad Seeds - Into My Arms|a-ha - the living daylights|Beatles - yellow submarine|Celine Dion - Its All Coming Back To Me|COUNTRY - backsaddle|COUNTRY - coolwater|COUNTRY - fadedpictureson thewall
C Am C F,→ C,4,23,40,The Beatles - Let It Be|Christian Music - temptation of christ|christian_music - temptation of christ|Christmas - granma's christmas|Christmas - granma s christmas|COREL COLLECTION - MISC 05|COUNTRY - crich behind|grant_amy - stay for awhile
C D C G,→ C,4,23,28,aerosmith - pink|Beatles - eleanor rigby|Beatles - i follow the sun|Christian Music - jesus is tenderly calling|christian_music - jesus is tenderly calling|COUNTRY - coolwater bndunn|COUNTRY - givemeonemorelastchance gill|COUNTRY - happytrails
A G D G,→ A,4,23,37,America - america Ventura hwy|brooks_garth - if tomorrow never comes|Christian Music - open our eyes lord|COUNTRY - happygirl martina|COUNTRY - hereintherealworld|COUNTRY - sclausestillbelieveinu al|COUNTRY - week2|COUNTRY - youmoveme
D# F D# F,→ D#,4,23,51,BareNaked Ladies - The Old Apartment|CCR - Long As I Can See The Light|COUNTRY - byebye|COUNTRY - byebye jodeemessina|COUNTRY - deltadawn|COUNTRY - godspent|COUNTRY - teddybear|Culture Club - Karma Chameleon
F#m A F#m A,→ F#m,4,23,87,bolton_michael - when a man loves a woman|Christian Music - lift up your heads|emerson_lake_and_palmer - the barbarien|garbage - stupid girl|Huey Lewis - I Want a New Drug|level_42 - the sun goes down|Michael Bolton - when a man loves a woman|oasis - do you know what i mean
F Dm A#,→ F,3,23,42,BareNaked Ladies - The Old Apartment|COREL COLLECTION - INTL 17|Counting Crows - raining in baltimore|counting_crows - raining in baltimore|COUNTRY - aintthatlonelyyet|COUNTRY - aintthatlonelyyet tobykeith|COUNTRY - cantbereallygone timmc|COUNTRY - cheroke1
C# G#m,→ C#,2,23,52,The Cars - Drive|2 Unlimited - let the beat coŠl your body|2_unlimited - let the beat control your body|ABBA - winner takes it all|cars_the - drive|COREL COLLECTION - INTL 13|COREL COLLECTION - JAZZ 03|COUNTRY - enginenumber9
C B,→ C,2,23,43,Beatles - being for the benefit of mr kite|Beatles - mean mr mustard|Beatles - til there was you|Billy Joel - The Stranger|COREL COLLECTION - INTL 06|COUNTRY - dreamsof everyday housewife|COUNTRY - fireonmtn daniels|disney_songs - arabian nights from aladdin
G A D G D,→ G,5,22,43,Bob Dylan - Blowin' in the Wind|Beach Boys - surfer girl|beach_boys - surfer girl|Beatles - drive my car|byrds_the - mr tamborine man|Christmas - first noel|Christmas - jingle bells|COREL COLLECTION - JAZZ 04
D A G D G,→ D,5,22,30,Bob Marley & The Wailers - Three Little Birds (D)|The Pogues - Fairytale of New York|Beatles - we can work it out|Beatles - why don't we do it in the road|brown_james - i feel good|CCR - Bad Moon Rising|Christmas - first noel|COUNTRY - cityofneworleans willie
C D G C G,→ C,5,22,38,John Denver - Leaving on a Jet Plane|Christian Music - and can it be|Christian Music - jerusalem happy home|christian_music - and can it be|christian_music - jerusalem happy home|COREL COLLECTION - MISC 10|COUNTRY - backsaddle|COUNTRY - bd neonmoon
G D G C D,→ G,5,22,34,The Beatles - Lucy In The Sky With Diamonds|Bon Jovi - Wanted Dead Or Alive|Christmas - away in a manger|Christmas - rockin around the christmas tree|COREL COLLECTION - CLAS 01|COUNTRY - actnaturally buckowens|COUNTRY - backstreeaffair|COUNTRY - brandnewman
A G A D G,→ A,5,22,22,Ben Folds Five - julianne|brooks_garth - the dance|Chumba Wumba - Tubthumping|COUNTRY - buymearose|COUNTRY - buymearose kennyrogers|COUNTRY - dannys song|COUNTRY - dearhearts|COUNTRY - myshoeskeepwalking0back2ou
A B E B,→ A,4,22,44,Céline Dion - My Heart Will Go On|bolton_michael - heart and soul|carey_mariah - someday|COREL COLLECTION - TECH 02|COUNTRY - blusideoflonesome|COUNTRY - hard rock bottom of your heart|COUNTRY - headscarolina|COUNTRY - headscaroline tailscalifornia jodeemessina
G C Am D,→ G,4,22,36,R.E.M. - Everybody Hurts|Atlantic Starr - always|atlantic_starr - always|Beatles - act naturaly|Beatles - carry that weight|Bon Jovi - Wanted Dead Or Alive|Christmas - jingle bells|Christmas - silver and gold
G# F# G# F#,→ G#,4,22,100,"Asia - heat of the moment|COUNTRY - dontimpressmemuchshania|COUNTRY - Rimes,LeAnn OneWayTicket|faith_no_more - easy|fatboy_slim - praise you|Foreigner - Foreigner I'll been waiting...|Foreigner - waiting|Foreigner - Waiting for a Girl Like You"
C Am D G,→ C,4,22,33,Atlantic Starr - always|atlantic_starr - always|Beatles - act naturaly|Beatles - carry that weight|Bon Jovi - Wanted Dead Or Alive|Christmas - jingle bells|Christmas - silver and gold|COREL COLLECTION - CLAS 12
C G C D,→ C,4,22,27,Bangles - Bangles eternal flame|Beatles - i follow the sun|buffet_jimmy - when the volcano blows|COUNTRY - coolwater bndunn|COUNTRY - desprado|COUNTRY - detroitcity|COUNTRY - divorce|COUNTRY - eternal
D E D A,→ D,4,22,31,buffet_jimmy - come monday|Chicago - chilook|COUNTRY - 57chevy billyjospears|COUNTRY - aintthatashame|COUNTRY - blameitontexas mchestnut|COUNTRY - comemon|COUNTRY - shenotthecheatingkind|COUNTRY - shesnotcheatking
A E Bm,→ A,3,22,84,Chris Isaak - Wicked Game|Mazzy Star - Fade Into You|Beatles - boys|Billy Idol - BillyIdol WhiteWedding|Billy Idol - Billy Idol White wedding|brooks_meridith - bitch|CCR - Born On A Bayou|COUNTRY - aintmuchfun tkeith
D C Em,→ D,3,22,45,Cyndi Lauper - Girls Just Want To Have Fun|The Moody Blues - Nights In White Satin|Bangles - Bangles eternal flame|carey_mariah - all i want for christmas|Celine Dion - Thats The Way It Is|COUNTRY - desprado|COUNTRY - eternal|COUNTRY - seminolewind
D F#m A,→ D,3,22,24,Oh Wonder - Drive|The Beatles - Across The Universe|AC DC - highway to hell|ac_dc - highway to hell|aerosmith - livin on the edge|Blur - in the country|COREL COLLECTION - WEST 04|COUNTRY - Day O
F#m D A,→ F#m,3,22,33,Beatles - helpab|COUNTRY - alittletoolate|COUNTRY - hethinkshellkeepher|COUNTRY - hethinkskeepher|COUNTRY - imnahurry alab|COUNTRY - itsalittle2late tanya|crosby_stills_and_nash - our house|cure_the - a kind of magic
D# G# C#,→ D#,3,22,53,Beatles - the inner light|carey_mariah - prisoner|Christian Music - he keeps me signing|christian_music - he keeps me signing|christian_music - when the roll is called up yonder|Christmas - i'm dreaming of a white christmas|collins_phil - i wish it would rain now|COUNTRY - mywomanmywife
F Edim,→ F,2,22,61,3t - i need you|3t - i want you|ABBA - like an angel passing through my room|ABBA - like an angel pŠugh my room|Boston - foreplay|Boston - long time|carey_mariah - can't let go|COUNTRY - doyou
G B,→ G,2,22,40,"ABBA - thank you for the music|Beat - books|Big Mr - to be with you|big_mr - to be with you|Billy Joel - Joel, Billy Just the way you are|CCR - Green River|Collective Soul - gel|collective_soul - gel"
G#m A,→ G#m,2,22,48,Air Supply - Two Less Lonely People|Aqua - barbie girl|carey_mariah - always be my baby|Chicago - chicagohardtosay|Chicago - hard to say i'm sorry get away|Christian Music - my god and i|COUNTRY - YouAndOnlyYou|doobie_brothers - listen to the music
A#m F#,→ A#m,2,22,51,Backstreet Boys - all i have to give|Backstreet Boys - everybody|backstreet_boys - everybody|COREL COLLECTION - NEWA 06|COUNTRY - SheThinksMyTractorSexy|doobie_brothers - what a fool believes|Genesis - three sides live medley|houston_whitney - i wanna dance with somebody
G# Gm,→ G#,2,22,62,Beatles - nowhere man|Ben Folds Five - uncle walter|Bryan Adams - BRYAN ADAMS here i am|COUNTRY - afterthesunriseYanniite|COUNTRY - almostgdbye|COUNTRY - almstgdbye mchestnut|COUNTRY - icanloveyoulikethat|COUNTRY - ido paulbrandt
D#m B,→ D#m,2,22,52,Bee Bees - woman in love|beegees - woman in love|COREL COLLECTION - SPRT 06|COUNTRY - holdinmyown|COUNTRY - It Matters(VERN)|Disney - Colors of the Wind pop version|Foreigner - Cold as Ice|Foreigner - Foreigner Cold as ice
G C G F C,→ G,5,21,31,Elton John - I Guess That's Why They Call It The Blues|Beatles - baby you're a rich man|Beatles - baby you re a rich man|Beatles - got to get you into my life|Blink 182 - blink182 allthesmallthings|CCR - Down On The Corner|COUNTRY - anymore|COUNTRY - driftofftodream tritt
C G C G D,→ C,5,21,38,Grateful Dead - Ripple|America - America TinMan|buffet_jimmy - when the volcano blows|COUNTRY - drivesouth suzyboggus|COUNTRY - givemeonemorelastchance gill|COUNTRY - ringoffire|Duran Duran - lyin' eyes|Eagles - lyin' eyes
G C F C F,→ G,5,21,25,adams_bryan - everything i do|checker_chubby - let's twist again|Christmas - here we come a wasseling|Christmas - let it snow|Chubby Checker - let s twist again|COREL COLLECTION - CLAS 20|COUNTRY - born2bblu|COUNTRY - born2beblue
G C D G D,→ G,5,21,36,America - america lonely people|Billy Joel - River of Dreams|Bon Jovi - Wanted Dead Or Alive|Boyz II Men - A Song For Mama|Christmas - rockin around the christmas tree|COUNTRY - actnaturally buckowens|COUNTRY - backroads rickvsheldon|COUNTRY - backstreeaffair
C G F C G,→ C,5,21,28,Beatles - baby you're a rich man|Beatles - baby you re a rich man|Beatles - when i'm 64|Beatles - when i m 64|Blink 182 - blink182 allthesmallthings|CCR - Down On The Corner|Christmas - granma's christmas|Christmas - granma s christmas
C Am F G,→ C,4,21,66,Creedence Clearwater Revival - Have You Ever Seen The Rain|Led Zeppelin - D’yer Mak’er|Leonard Cohen - Hallelujah|Taylor Swift - Nothing New|The Righteous Brothers - Unchained Melody|Backstreet Boys - as long as you love me|backstreet_boys - as long as you love me|carey_mariah - when i saw you
Am G C G,→ Am,4,21,40,Oasis - Don't Look Back In Anger|The Righteous Brothers - Unchained Melody|adams_bryan - heaven|Bob Seger - BobSeger TillItShines|Bryan Adams - heaven|christian_music - a mighty fortress is our god|Christmas - a merry little christmas|Christmas - have yourself a merry little christmas
D G D Em,→ D,4,21,44,Pink - Just Give Me A Reason|The Rolling Stones - Paint It Black|ABBA - knowing me knowing you|Ace Of Base - the sign|ace_of_base - the sign|Bangles - manic monday|Beach Boys - surfer girl|Beach Boys - surfs up
F Dm F Dm,→ F,4,21,68,The Strokes - The Adults Are Talking|ABBA - summer night city|collins_phil - inside out|Creed - myownprison Creed|Creed - My Own Prison|Depech Mode - shake the disease|depeche_mode - shake the disease|dire_straits - sultans of swing
F#m E F#m E,→ F#m,4,21,72,ABBA - name of the game|Ace Of Base - happy nation|ace_of_base - happy nation|Allman Brothers Band - blue sky|America - america mustrat love|COREL COLLECTION - NEWA 12|COUNTRY - mysweetlord|grant_amy - big yellow taxi
G C Am C,→ G,4,21,25,Barry Manilow - BarryMannilow IWriteTheSongs|Beatles - from me to you|Bruce Hornsby - The Way It Is|clapton_eric - running on faith|COUNTRY - Don't Take The Girl|COUNTRY - donttake|COUNTRY - fadedpictureson thewall|COUNTRY - hereyoucomeagain dolly
D# G# D# A#,→ D#,4,21,39,Barry Manilow - Mandy|Christian Music - count your blessings|Christian Music - have thine own way lord|Christian Music - jesus loves me|Christian Music - mighty is our god|christian_music - count your blessings|christian_music - have thine own way lord|christian_music - jesus loves me
D# Cm D# Cm,→ D#,4,21,110,Beat - gangstasparadise|Beat - s Paradise|collins_phil - saturday night and sunday morning|COREL COLLECTION - ROCK 08|cure_the - fascination street|cure_the - let's go to bed|cure_the - let s go to bed|fleetwood_mac - landslide
Cm D# Cm D#,→ Cm,4,21,116,Beat - gangstasparadise|Beat - s Paradise|collins_phil - saturday night and sunday morning|cure_the - fascination street|cure_the - let's go to bed|cure_the - let s go to bed|fleetwood_mac - landslide|green_day - stuck with me
D C A,→ D,3,21,28,Barry Manilow - Mandy|cars_the - let's go|Christian Music - holy city|christian_music - holy city|COREL COLLECTION - ROCK 02|COUNTRY - beautifulboy|COUNTRY - foolishheart mavericks|COUNTRY - fourinthemorning farronyoung
D E F#m,→ D,3,21,43,Linda Ronstadt - Long Long Time|Oasis - Wonderwall|Sia - Unstoppable|Chicago - chilook|COUNTRY - aintthatashame|COUNTRY - carryingyourlovewithme|COUNTRY - carrylovewithme gstrait|COUNTRY - everybodyknows trisha
A# D# Cm,→ A#,3,21,36,Bjork - oh so quiet|Christian Music - god hath not promised|Christian Music - stand up stand up for jesus|christian_music - god hath not promised|christian_music - stand up stand up for jesus|COREL COLLECTION - LITE 04|COUNTRY - 10000angels|COUNTRY - amazinggrace
C#m F#,→ C#m,2,21,55,Glass Animals - Heat Waves|Ace Of Base - all that she wants|ace_of_base - all that she wants|Beatles - she's a woman|Beatles - she's leaving home|Beatles - she s a woman|Beatles - she s leaving home|carey_mariah - love takes time
F#m C#m,→ F#m,2,21,49,Sufjan Stevens - Fourth of July|Alice In Chains - what the hell have i|alice_in_chains - what the hell have i|America - america Sister goldenhair|Bananorama - Cruel Summer|Beat - butterfly|carey_mariah - butterfly|christian_music - the battle belongs to the lord
D# C,→ D#,2,21,43,98 Degrees - The Hardest Thing|Beat - howyadodat|Christian Music - let us break bread together|Christina Aguilera - genie|Christina Aguilera - Genie In A Bottle|COUNTRY - sureismonday|COUNTRY - thesebootsrmade4walkin|Disney - dukastsa
D B,→ D,2,21,45,Alice In Chains - no excuses|alice_in_chains - no excuses|Bangles - walklikeanegyptian|Bangles - walk like an egyptian|Beatles - here comes the sun|Ben Folds Five - julianne|CCR - Green River|COREL COLLECTION - NEWA 04
A# Am,→ A#,2,21,74,Aqua - my oh my|Beatles - i will|Celine Dion - My Heart Will Go On Techno|cetera_peter - glory of love|COUNTRY - andstill|COUNTRY - andstill reba|COUNTRY - valentine|COUNTRY - witchitalineman
Am Gm,→ Am,2,21,31,Celine Dion - Falling Into You|COUNTRY - 500miles|COUNTRY - cantbereallygone timmc|COUNTRY - Godblesstheusa leegreenwood|COUNTRY - godblessusa|COUNTRY - witchitalineman|Disney - Can You Feel The Love|earth_wind_fire - boogie wonderland
Am F G C,→ Am,4,20,57,Creedence Clearwater Revival - Have You Ever Seen The Rain|Led Zeppelin - D’yer Mak’er|Taylor Swift - Nothing New|The Righteous Brothers - Unchained Melody|Backstreet Boys - as long as you love me|backstreet_boys - as long as you love me|Boyz II Men - Yesterday|COUNTRY - athousandmilles dy
G F C F,→ G,4,20,34,David Bowie - Space Oddity|Elton John - Daniel|Jackson Browne - Late For The Sky|adams_bryan - heaven|Bruce Hornsby - The Way It Is|Bryan Adams - heaven|CCR - Down On The Corner|Christian Music - rise again
Em Am Em Am,→ Em,4,20,56,R.E.M. - Losing My Religion|Beat - CantTouchThis|Cake - never there|COREL COLLECTION - JAZZ 06|Duran Duran - Girls on Film|garbage - push it|houston_whitney - i have nothing at all|Kenney Rogers - Through the Years
Am F Am F,→ Am,4,20,69,"Red Hot Chili Peppers - Californication|COREL COLLECTION - INTL 16|COUNTRY - burningbridges|COUNTRY - greatestmanineverknew|kiss - black diamond|Lionel Richie - Richie,Lionel Sela|Movie Themes - philadelphia|nas - if i ruled the world"
E A E F#m,→ E,4,20,23,ABBA - dancing queen|Beach Boys - fun fun fun|beach_boys - fun fun fun|Big Mr - to be with you|big_mr - to be with you|COUNTRY - catchfallinstar|COUNTRY - catchfallstar|COUNTRY - girlswithguitars judds
C Am C G,→ C,4,20,27,Air Supply - Making Love Out Of Nothing|Bruce Hornsby - The Way It Is|Bryan Adams - Christmas Time|Christian Music - awesome god|christian_music - awesome god|COUNTRY - Don't Take The Girl|COUNTRY - donttake|COUNTRY - fadedpictureson thewall
F# G# F# G#,→ F#,4,20,107,"Asia - heat of the moment|COUNTRY - dontimpressmemuchshania|COUNTRY - Rimes,LeAnn OneWayTicket|fatboy_slim - praise you|Foreigner - Foreigner I'll been waiting...|Foreigner - waiting|Foreigner - Waiting for a Girl Like You|Journey - when you love a woman"
E Em E Em,→ E,4,20,53,Bon Jovi - bad medicine|COREL COLLECTION - SEA 02|COUNTRY - rodeo|COUNTRY - TheRodeo2|COUNTRY - wholelot|dire_straits - dire straits|Duran Duran - life in the fast lane|Eagles - Life in the Fast Lane
A# C F C,→ A#,4,20,22,Broadway Shows - think of me|broadway_shows - think of me|Celine Dion - My Heart Will Go On Techno|Christian Music - trust and obey|christian_music - trust and obey|COREL COLLECTION - INTL 16|COREL COLLECTION - WEST 09|COUNTRY - countrytillidie johnand
A D C,→ A,3,20,26,Barry Manilow - Mandy|Beatles - your mother should know|Bon Jovi - never say goodbye|COUNTRY - chet 1mintjulep|COUNTRY - elvira|COUNTRY - foolishheart mavericks|COUNTRY - goodheartwoman|COUNTRY - happytrails
E Bm A,→ E,3,20,73,Chris Isaak - Wicked Game|Mazzy Star - Fade Into You|Beatles - boys|Billy Idol - BillyIdol WhiteWedding|Billy Idol - Billy Idol White wedding|Blur - charmless man|COUNTRY - aintmuchfun tkeith|COUNTRY - blusideoflonesome
F Am G,→ F,3,20,30,Fleetwood Mac - Dreams|brooks_garth - industrial|Carpenters - yesterday once more|carpenters_the - yesterday once more|COREL COLLECTION - NEWA 02|COUNTRY - asundaykindoflove reba|dave_matthews_band - what would you say|Enya - orinocoflow
A D Em,→ A,3,20,36,John Lennon - Happy Xmas (War Is Over)|adams_bryan - summer of 69|aerosmith - livin on the edge|Beatles - across the universe|Bryan Adams - Cloud No 9|COUNTRY - changemymind jberry|COUNTRY - couldihavethisdance amurry|COUNTRY - devilwoman
F#m D E,→ F#m,3,20,36,Oasis - Wonderwall|America - america mustrat love|Bush - army of dreams|Chicago - chilook|clapton_eric - tears in heaven|COUNTRY - carryingyourlovewithme|COUNTRY - carrylovewithme gstrait|COUNTRY - doesheloveyou
G Dm C,→ G,3,20,30,Red Hot Chili Peppers - Californication|Bryan Adams - When Youre Gone|Carpenters - top of the world|carpenters_the - top of the world|COUNTRY - 26cents|COUNTRY - coolwater bndunn|COUNTRY - divorce|COUNTRY - drivemewild sawyerbrown
C Em F,→ C,3,20,35,Ricky Montgomery - Mr Loverman|Atlantic Starr - i ll remember you|atlantic_starr - i'll remember you|carey_mariah - sent from up above|COUNTRY - amarillobymorning|COUNTRY - a bad goodbye|COUNTRY - bluemoon|COUNTRY - doesthebluemoonevershineonyou
C F Gm,→ C,3,20,35,Beatles - all together now|Beatles - for no one|Beatles - yellow submarine|Christmas - here comes santa clause|Christmas - oh christmas tree|collins_phil - sussudio|COREL COLLECTION - JAZZ 11|COUNTRY - chapel
Em Dm,→ Em,2,20,24,Carpenters - Goodbye To Love|Celine Dion - The Colour Of My Love|COUNTRY - alovesobeautiful|Eagles - Best of My Love|Genesis - Calling all Stations|Genesis - Misunderstanding|kansas - dust in the wind|live - rattlesnake
E C,→ E,2,20,27,David Bowie - Space Oddity|aerosmith - sweet emotion|Beatles - honey don't|Beatles - honey don t|Beatles - it won't be long|Beatles - it won t be long|Billy Joel - Its Still Rock and Roll To|Billy Joel - its still rock and roll to me
Bm Am,→ Bm,2,20,36,Radiohead - Karma Police|Asia - don't cry|Asia - don t cry|Chicago - chidoes|Christian Music - give thanks|Christian Music - jesu joy of men s desiring|christian_music - give thanks|christian_music - give thanks with a greatful heart
B Bm,→ B,2,20,37,The Beatles - Penny Lane|AC DC - for those about to rock|ac_dc - for those about to rock|Collective Soul - gel|collective_soul - gel|COUNTRY - dance the night away|COUNTRY - dreambaby glenc|COUNTRY - drinkswearstealandlie
Fm Cm,→ Fm,2,20,27,Ace Of Base - beautiful life|ace_of_base - beautiful life|aerosmith - dream on|alan_parsons_project - the raven|chapin_harry - cats in the cradle|Genesis - dodo lurker|grant_amy - everywhere i go|Harry Chapin - cats in the cradle
E D#m,→ E,2,20,86,Backstreet Boys - get down|Backstreet Boys - i'll never break your heart|Backstreet Boys - i ll never break your heart|backstreet_boys - get down|backstreet_boys - i'll never break your heart|Beat - puffy beenaround|Bobby Brown - every little step i take|brown_bobby - every little step i take
G Cm,→ G,2,20,70,Beat - books|Beat - gangstasparadise|COREL COLLECTION - CLAS 17|COREL COLLECTION - NEWA 11|COUNTRY - fancy reba|Disney - Some Day My Prince Will C|Duran Duran - A View to a Kill|Duran Duran - a view to kill
A# G,→ A#,2,20,52,Beatles - being for the benefit of mr kite|Christian Music - sooner or later|christian_music - sooner or later|COREL COLLECTION - SPRT 09|COUNTRY - addictedtoadollar|COUNTRY - watermeloncrawl|Emerson Lake and Palmer - benny the bouncer|emerson_lake_and_palmer - benny the bouncer
Gm G#,→ Gm,2,20,39,Beatles - long and winding road|Beatles - nowhere man|Bryan Adams - BRYAN ADAMS here i am|Christofer Cross - Ride Like the Wind|collins_phil - one more night|COUNTRY - icanloveyoulikethat|COUNTRY - ido paulbrandt|Duran Duran - pretty maids all in a row
Cm C,→ Cm,2,20,50,"COUNTRY - uandi|Emerson Lake and Palmer - dance of mars|emerson_lake_and_palmer - dance of mars|hancock_herbie - rock it|Johnny Rivers - Rivers,Johnny SecretAgentMan1|Johnny Rivers - Rivers,Johnny SecretAgentMan3|Johnny Rivers - Rivers,Johnny SecretAgentMan6|nine_inch_nails - last"
G D G D A,→ G,5,19,28,Neil Young - After The Gold Rush|Ace Of Base - life is a flower|America - america Ventura hwy|Beatles - we can work it out|Beatles - why don't we do it in the road|brown_james - i feel good|buffet_jimmy - cheese burger paradise|CCR - Bad Moon Rising
A B E A E,→ A,5,19,23,Air Supply - She Never Heard Me Call|Beatles - oh darling|Bon Jovi - in these arms|COUNTRY - burningmem|COUNTRY - crossmyheart gs|COUNTRY - dayindayout|COUNTRY - dayindayout davidkersh|COUNTRY - girlswithguitars judds
A D A G D,→ A,5,19,29,Alice In Chains - don t follow|alice_in_chains - don't follow|Beatles - across the universe|Beatles - anytime at all|Christian Music - i know whom i have believed|christian_music - i know whom i have believed|christian_music - shall we gather at the river|COUNTRY - alwaysonmymind
A E A E B,→ A,5,19,21,Beatles - boys|COUNTRY - whatdoyouknowaboutlove|crosby_stills_and_nash - sweet judy blue eyes|dire_straits - walk of life|Duran Duran - the last resort|Eagles - The Last Resort|green_day - 86|jackson_michael - black or white
F C F A# C,→ F,5,19,23,Christian Music - come thou almighty king|Christian Music - trust and obey|christian_music - come thou almighty king|christian_music - trust and obey|COUNTRY - arizona|COUNTRY - checkyesorno gstrait|COUNTRY - countmein|COUNTRY - donttellmama garyallen
G C Am F,→ G,4,19,55,Creedence Clearwater Revival - Have You Ever Seen The Rain|Led Zeppelin - D’yer Mak’er|Taylor Swift - Nothing New|The Righteous Brothers - Unchained Melody|Backstreet Boys - as long as you love me|backstreet_boys - as long as you love me|COUNTRY - drivemewild sawyerbrown|Cranberries - Cordell
B A B E,→ B,4,19,32,Céline Dion - My Heart Will Go On|bolton_michael - heart and soul|COREL COLLECTION - TECH 02|COUNTRY - country heart|COUNTRY - Everyminute|COUNTRY - headscarolina|COUNTRY - headscaroline tailscalifornia jodeemessina|COUNTRY - shesevrywoman
C G C Em,→ C,4,19,26,Pink - Just Give Me A Reason|ABBA - super trouper|Beatles - blackbird|byrds_the - turn turn|COUNTRY - coolwater bndunn|COUNTRY - fromdist|COUNTRY - fromheretoeternity|COUNTRY - ghetto elvis
G Bm G Bm,→ G,4,19,58,Psycho Killer - Talking Heads|The Rolling Stones - Wild Horses|Beatles - here there and everywhere|Bryan Adams - The Only Thing That Looks G|cars_the - you might think|Christian Music - awesome god|christian_music - awesome god|Collective Soul - the world i know
Am Dm Am Dm,→ Am,4,19,54,The Rolling Stones - Angie|Beatles - and i love her|collins_phil - do you remember|guns_%26_roses - don t cry|jackson_michael - do you remember|jamiroquai - blow your mind|led_zepplin - babe i'm gonna leave you|Madonna - Madonna SkyFitsHeaven
E A B A,→ E,4,19,24,adams_bryan - thought i'd died and gone to heaven|Air Supply - She Never Heard Me Call|Beatles - i saw her standing there|Blues Brothers - everybody needs somebody|blues_brothers - everybody needs somebody|Boston - piece of mind|Bryan Adams - Thought Id Died And Gone To|COREL COLLECTION - NEWA 10
G# Cm G# Cm,→ G#,4,19,90,alan_parsons_project - the tell tale heart|Aqua - roses are red|Bee Bees - stayin alive|beegees - stayin alive|carey_mariah - i've been thinking about you|Christina Aguilera - weliketoparty|COUNTRY - almostgdbye|COUNTRY - almstgdbye mchestnut
F# D#m F# D#m,→ F#,4,19,39,Alice In Chains - heaven beside you|alice_in_chains - heaven beside you|Beach Boys - good vibrations|beach_boys - good vibrations|Bee Bees - too much heaven|beegees - too much heaven|Cyndi Lauper - Girls Just Want to Have Fun|Duran Duran - DuranDuran TheReflex
G D G Em,→ G,4,19,31,Beatles - act naturaly|Beatles - in my life|COUNTRY - dontrockjukebox|COUNTRY - greengrass|Def Leppard - defhysteria|Def Leppard - Hysteria|Duran Duran - try and love again|Eagles - Heartache Tonight
Em E Em E,→ Em,4,19,56,Bon Jovi - bad medicine|COREL COLLECTION - SEA 02|COUNTRY - rodeo|COUNTRY - TheRodeo2|COUNTRY - wholelot|dire_straits - dire straits|Duran Duran - life in the fast lane|Eagles - Life in the Fast Lane
F C A# C,→ F,4,19,20,Broadway Shows - think of me|broadway_shows - think of me|Christian Music - it is well with my soul|christian_music - it is well with my soul|COREL COLLECTION - INTL 16|COREL COLLECTION - MISC 11|COREL COLLECTION - WEST 09|COUNTRY - children mav
D A D E,→ D,4,19,31,buffet_jimmy - come monday|COREL COLLECTION - WEST 08|COUNTRY - comemon|COUNTRY - mountmus al|COUNTRY - shenotthecheatingkind|COUNTRY - shesnotcheatking|gin_blossoms - jealousy|Jimmy Buffet - come monday
G D Am,→ G,3,19,32,Billy Joel - She's Got A Way|Bob Dylan - Knockin' On Heaven's Door|America - america sandman|Beatles - while my guitar gently weeps|COREL COLLECTION - TECH 05|COUNTRY - elpaso|COUNTRY - elpaso mrobbins|COUNTRY - ringfire jcash
E F#m D,→ E,3,19,44,Oasis - Wonderwall|311 - down|America - america mustrat love|Bush - army of dreams|carey_mariah - all i've ever wanted|Chicago - chilook|COUNTRY - carryingyourlovewithme|COUNTRY - carrylovewithme gstrait
D Bm G,→ D,3,19,33,"Simon & Garfunkel - America|Beatles - act naturaly|Billy Joel - Joel, Billy Just the way you are|Christian Music - joyful joyful we adore thee|christian_music - joyful joyful we adore thee|COUNTRY - cityofneworleans willie|COUNTRY - foreveranever|COUNTRY - whenyoubelieve mariah whitney"
A G Em,→ A,3,19,27,ABBA - just like that|Beat - daftpunk|christian_music - church in the little green valley|COREL COLLECTION - CLAS 18|COREL COLLECTION - NEWA 01|COUNTRY - easycomego|def_leppard - photograph|hootie_and_the_blowfish - time
G# C# F#,→ G#,3,19,31,Ace Of Base - all that she wants|ace_of_base - all that she wants|COREL COLLECTION - JAZZ 09|COUNTRY - whiskeyriver willie|Genesis - A Trick of the Tail|Genesis - trick of the tail|green_day - jar|Hanson - This Time Around
Em A G,→ Em,3,19,35,Beat - daftpunk|Billy Joel - Allentown|COUNTRY - Bigtime|COUNTRY - bigtime trace|COUNTRY - pkisses|COUNTRY - theresyour trouble dixchk|Dixie Chicks - Theres Your Trouble|jackson_michael - ghosts
Dm A# C,→ Dm,3,19,37,collins_phil - in the air tonight|Counting Crows - raining in baltimore|counting_crows - raining in baltimore|COUNTRY - cheroke1|COUNTRY - Godblesstheusa leegreenwood|COUNTRY - godblessusa|COUNTRY - valentine|iron_maiden - fear of dark
Bm B,→ Bm,2,19,49,2 Unlimited - are you ready for this|AC DC - for those about to rock|ac_dc - for those about to rock|BTO - Hey You|Christian Music - bring back the springtime|christian_music - bring back the springtime|Collective Soul - gel|collective_soul - gel
F G#,→ F,2,19,80,2 Unlimited - workaholic|2_unlimited - workaholic|alan_parsons_project - the cask of amontillado|Alice In Chains - rooster|alice_in_chains - rooster|Blur - ecco song|Blur - song 2|joel_billy - baby grand
C G#,→ C,2,19,43,Beatles - fixing a hole|Ben Folds Five - song for the dumped|disney_songs - arabian nights from aladdin|doors_the - people are strange|erasure - chains of love|foo_fighters - up in arms|Movie Themes - West Side Story|Partridge Family - Your Mama Dont Dance
A D G A D,→ A,5,18,27,ABBA - Waterloo|The Pogues - Fairytale of New York|buffet_jimmy - margaritaville|Christian Music - open our eyes lord|Christmas - joy to the world|COUNTRY - butiwill faith|COUNTRY - cattlecall|COUNTRY - crazyarms
A D A D G,→ A,5,18,34,ABBA - Waterloo|The Pogues - Fairytale of New York|Bon Jovi - thank you for loving mebonjovi|buffet_jimmy - margaritaville|CCR - Up Around The Bend|christian_music - blessed assurance jesus is mine|Christmas - joy to the world|COUNTRY - bluebayou
E A E B A,→ E,5,18,30,Big Thief - Masterpiece|Beatles - boys|Bon Jovi - someday i'll beurday night|COUNTRY - whatdoyouknowaboutlove|green_day - 86|jackson_michael - black or white|Journey - dontstop|Journey - Journey Don't stop believing
G F C F C,→ G,5,18,31,Billy Joel - Piano Man|Jackson Browne - Late For The Sky|The Beatles - Let It Be|adams_bryan - everything i do|Bryan Adams - Lets Make A Night To Rememb|COUNTRY - afterthesunriseYanniite|COUNTRY - goodbye earl|COUNTRY - wheneveryoucomearound gill
F G C G C,→ F,5,18,32,Leonard Cohen - Hallelujah|Asia - only time will tell|CCR - Midnight Special|COREL COLLECTION - POP 04|COUNTRY - coatofmanycolors dolly|COUNTRY - doesftworthever crossyourmind gs|COUNTRY - frtworth gstrait|COUNTRY - istherelife reba
D A G D A,→ D,5,18,28,Pure Prairie League - Amie|Alice In Chains - don t follow|alice_in_chains - don't follow|America - america Ventura hwy|Christian Music - i know whom i have believed|christian_music - i know whom i have believed|christian_music - shall we gather at the river|cocker_joe - with a little help from my friends
D E A D A,→ D,5,18,22,The Beatles - Lady Madonna|Blur - country house|Blur - in the country|Bryan Adams - Straight From The Heart|COREL COLLECTION - WEST 08|COUNTRY - aintthatashame|COUNTRY - bumming around|COUNTRY - cottonjenny
D A D E A,→ D,5,18,23,Air Supply - Come What May|buffet_jimmy - come monday|Christian Music - halleluja chorus|christian_music - halleluja chorus|COUNTRY - aintthatashame|COUNTRY - babyyourbaby gs|COUNTRY - cottonjenny|COUNTRY - dontfallinlovedrm krogers
G C F G C,→ G,5,18,25,CCR - Midnight Special|Christmas - here we come a wasseling|COUNTRY - doesftworthever crossyourmind gs|COUNTRY - frtworth gstrait|COUNTRY - heartachesbyno|COUNTRY - honkytonkangels|COUNTRY - saygoodbye|COUNTRY - wheneveryoucomearound gill
E C#m E C#m,→ E,4,18,39,Big Thief - Masterpiece|Carpenters - Yesterday Once More|The Beatles - All My Loving|Beatles - real love|Christian Music - christmas morning|christian_music - christmas morning|Cyndi Lauper - Gooines R Good Enough|guns_%26_roses - anything goes
C Em C G,→ C,4,18,30,Pink - Just Give Me A Reason|carey_mariah - all i want for christmas|CCR - Down On The Corner|COUNTRY - coolwater bndunn|COUNTRY - ghetto elvis|COUNTRY - wheneveryoucomearound gill|Duran Duran - lyin' eyes|Eagles - lyin' eyes
Am Em Am Em,→ Am,4,18,55,R.E.M. - Losing My Religion|Beat - CantTouchThis|Cake - never there|COREL COLLECTION - JAZZ 06|Duran Duran - Girls on Film|garbage - push it|Genesis - keep it dark|houston_whitney - i have nothing at all
Am D Am D,→ Am,4,18,46,The Beatles - Now And Then|Allman Brothers Band - in memory elizabeth|carey_mariah - hero|COUNTRY - blameit|COUNTRY - blameitonyourcheatingheart|dave_matthews_band - lie in our graves|Genesis - that's all|Genesis - Thats All
D A G A,→ D,4,18,31,The Pogues - Fairytale of New York|Ben Folds Five - julianne|Broadway Shows - think of me|broadway_shows - think of me|Bryan Adams - Cloud No 9|Christmas - first noel|COUNTRY - bigwheelsrollin cd|COUNTRY - buymearose
E F# E F#,→ E,4,18,47,The Police - Every Breath You Take|Beatles - do you wanna know a secret|cocker_joe - leave your hat on|COUNTRY - dustbottle|COUNTRY - duston thebottle|COUNTRY - holdinmyown|devo - whip it|foo_fighters - this is a call
Dm Am Dm Am,→ Dm,4,18,61,The Rolling Stones - Angie|collins_phil - do you remember|guns_%26_roses - don t cry|jackson_michael - do you remember|jamiroquai - blow your mind|led_zepplin - babe i'm gonna leave you|Madonna - Madonna SkyFitsHeaven|Metallica - mama said
A E A B,→ A,4,18,24,Air Supply - She Never Heard Me Call|Alice In Chains - no excuses|alice_in_chains - no excuses|Blues Brothers - everybody needs somebody|blues_brothers - everybody needs somebody|COREL COLLECTION - NEWA 10|COUNTRY - alittlepastlittlerock leeannwomack|COUNTRY - My Maria(VERN)
Cm G# Cm G#,→ Cm,4,18,101,alan_parsons_project - the tell tale heart|Aqua - roses are red|Bee Bees - stayin alive|beegees - stayin alive|carey_mariah - i've been thinking about you|Christina Aguilera - weliketoparty|COUNTRY - dream|COUNTRY - myboyfrnds
D Am D Am,→ D,4,18,40,Allman Brothers Band - in memory elizabeth|carey_mariah - hero|COUNTRY - blameit|COUNTRY - blameitonyourcheatingheart|dave_matthews_band - lie in our graves|Genesis - that's all|Genesis - Thats All|Genesis - that s all
C Dm C G,→ C,4,18,24,Beatles - abbey road medley|Christian Music - fill my cup|christian_music - fill my cup|Christmas - silver and gold|COREL COLLECTION - LITE 02|COUNTRY - babyblue|COUNTRY - babyblues gstrait|COUNTRY - blueeyescryingintherain
G D G Am,→ G,4,18,21,Bee Bees - massachusetts|beegees - massachusetts|Bon Jovi - blaze of glory|Christian Music - go tell it on the mountain|christian_music - go tell it on the mountain|Counting Crows - anna begins|counting_crows - anna begins|COUNTRY - closeruget
G Em A D,→ G,4,18,25,brooks_garth - the dance|Christian Music - holy city|Christian Music - open our eyes lord|christian_music - church in the little green valley|christian_music - holy city|COUNTRY - alwaysonmymind|COUNTRY - BeachCheyenne|COUNTRY - changemymind jberry
F A# C A#,→ F,4,18,20,Christian Music - it is well with my soul|Christian Music - largo|Christian Music - love lifted me|Christian Music - praise the lord|Christian Music - the solid rock|christian_music - it is well with my soul|christian_music - praise the lord|christian_music - the solid rock
E F#m B,→ E,3,18,29,Frankie Valli - Can't Take My Eyes Off You|The Beatles - All My Loving|Chicago - hard to say i'm sorry get away|COUNTRY - countryclub|COUNTRY - river|COUNTRY - roll on|COUNTRY - shakethesugartree|COUNTRY - The River(VERN)
Bm G A,→ Bm,3,18,58,Lana Del Rey - Young And Beautiful|Patti Smith - Because the Night|All 4 One - i swear|all_4_one - i swear|Backstreet Boys - quit playing games|backstreet_boys - quit playing games|BareNaked Ladies - Shoe Box|christian_music - as the dear panteth for the water
F C Em,→ F,3,18,29,Ricky Montgomery - Mr Loverman|ABBA - super trouper|Alien Ant Farm - smoothcriminal|Atlantic Starr - i ll remember you|atlantic_starr - i'll remember you|Billy Joel - Its Still Rock and Roll To|Billy Joel - its still rock and roll to me|Bryan Adams - Back To You
Em Am C,→ Em,3,18,29,ABBA - does your mother know|Alien Ant Farm - smoothcriminal|carey_mariah - sent from up above|CCR - I Put A Spell On You|Enigma - meaculpa|extreme - more than words|foo_fighters - big me|Foreigner - Urgent
Gm F A#,→ Gm,3,18,30,ABBA - like an angel passing through my room|ABBA - like an angel pŠugh my room|CCR - Lookin Out My Back Door|Christian Music - my sins are gone|christian_music - the battle belongs to the lord|christian_music - what a friend we have in jesus|clapton_eric - layla|COREL COLLECTION - WEST 01
Em A D,→ Em,3,18,20,Beatles - across the universe|christian_music - church in the little green valley|COUNTRY - bigwheelsrollin cd|COUNTRY - changemymind jberry|COUNTRY - elpaso|COUNTRY - elpaso mrobbins|COUNTRY - flopearedmule|COUNTRY - keepstars
F Gm C,→ F,3,18,27,Beatles - yellow submarine|COREL COLLECTION - JAZZ 11|COUNTRY - asundaykindoflove reba|COUNTRY - ifueverhave foreverinmind vince|COUNTRY - tinybub|Disney - Can You Feel The Love|Disney - The Bear Necessities|Donny Osmond - Puppy Love
F# G# C#,→ F#,3,18,30,"bolton_michael - when a man loves a woman|COUNTRY - biglove tbyrd|COUNTRY - ibelieveinangels leannrimes|COUNTRY - whiskeyriver willie|Hanson - This Time Around|jewel - near you always|Lionel Richie - Richie,Lionel AllNightLong|live - all over you"
Em C Am,→ Em,3,18,26,"Christian Music - oh come oh come emmanuel|COUNTRY - amysbckinaustin liltex|COUNTRY - ghostridersinthesky|Duran Duran - Girls on Film|foo_fighters - oh george|garbage - push it|Genesis - In Too Deep|Johnny Rivers - Rivers,Johnny SecretAgentMan4"
C Fm,→ C,2,18,28,Gerry & The Pacemakers - You'll Never Walk Alone|Bryan Adams - I Finally Found Someone|carey_mariah - when i saw you|COREL COLLECTION - INTL 08|doors_the - people are strange|Eagles - Wasted Time|erasure - chains of love|led_zepplin - when the levee breaks
C#m D,→ C#m,2,18,28,"Lana Del Rey - Video Games|gnash (feat. olivia o'brien) - i hate u, i love u|Christian Music - shine jesus shine|christian_music - shine jesus shine|Christofer Cross - Sailing|COUNTRY - carryingyourlovewithme|COUNTRY - carrylovewithme gstrait|COUNTRY - evrgreen"
D# G,→ D#,2,18,45,abdul_paula - opposites attract|Backstreet Boys - we got it going on|Billy Joel - Shes Always a Woman to Me|Blur - girls and boys|COREL COLLECTION - CLAS 23|FUNK - Thats the Way I Like It|jamiroquai - when you gonna learn|kiss - creatures of the night
C Edim,→ C,2,18,39,Ace Of Base - lucky love|ace_of_base - lucky love|COREL COLLECTION - RBOOGY 1|COUNTRY - hankypanky|COUNTRY - thesebootsrmade4walkin|Disney - Bippity Boppity Boo|Disney - Its A Small World|Genesis - i can't dance
F#m G#m,→ F#m,2,18,54,adams_bryan - run to you|Air Supply - Two Less Lonely People|Allman Brothers Band - melissa|Aqua - barbie girl|Beat - tha cros|Billy Joel - Uptown Girl|Bone - tha crossroads|Bryan Adams - Run To You
A# A,→ A#,2,18,29,Beatles - being for the benefit of mr kite|Beatles - michelle|brooks_garth - thunder rolls|COUNTRY - ialwaysgetlucky gjones|COUNTRY - walkonby|Garth Brooks - thunder rolls|korn - adidas|mamas_and_the_papas - california dreaming
D# D#m,→ D#,2,18,28,carey_mariah - love takes time|COUNTRY - itwouldnthurt mchestnut|foo_fighters - watershed|garbage - stupid girl|Mariah Carey - love takes time|midnight_oil - beds are burning|midnight_oil - beds burning|Movie Themes - Young Guns
Gm Am,→ Gm,2,18,33,Celine Dion - Falling Into You|collins_phil - inside out|COREL COLLECTION - CLAS 17|dire_straits - sultans of swing|Duran Duran - victim of love|Eagles - Victim of Love|earth_wind_fire - boogie wonderland|earth_wind_fire - home
G A D A D,→ G,5,17,25,ABBA - Waterloo|The Pogues - Fairytale of New York|Bon Jovi - thank you for loving mebonjovi|buffet_jimmy - margaritaville|CCR - Up Around The Bend|christian_music - blessed assurance jesus is mine|Christmas - first noel|COUNTRY - butiwill faith
C F C F A#,→ C,5,17,19,Christian Music - i love you lord|Christian Music - my jesus i love thee|christian_music - i love you lord|COUNTRY - canihavethisdance|COUNTRY - checkyesorno gstrait|COUNTRY - countmein|COUNTRY - donttellmama garyallen|COUNTRY - everybodiestalking
G C Em C,→ G,4,17,22,Pink - Just Give Me A Reason|ABBA - super trouper|Beatles - blackbird|Beatles - savory truffle|CCR - Down On The Corner|Christian Music - there is none like you|christian_music - there is none like you|COREL COLLECTION - INTL 17
D Em D A,→ D,4,17,23,Pink - Just Give Me A Reason|Bangles - manic monday|Beatles - twist and shout|cocker_joe - with a little help from my friends|COUNTRY - icanloveubette|Duran Duran - try and love again|Eagles - Try and Love Again|Olivia Newton John - Summer Nights
C Am Dm G,→ C,4,17,26,Pink SweatS - At My Worst|Beach Boys - kokomo|beach_boys - kokomo|Beatles - abbey road medley|Beatles - golden slumbers|Beatles - misery|Beatles - you never give me your money|Christmas - silver and gold
E D E A,→ E,4,17,28,Sufjan Stevens - Fourth of July|Allman Brothers Band - blue sky|Blues Brothers - soul man|blues_brothers - soul man|Blur - charmless man|COUNTRY - babyyourbaby gs|COUNTRY - girlswithguitars judds|gin_blossoms - jealousy
G D Em D,→ G,4,17,29,The Rolling Stones - Paint It Black|Bangles - manic monday|Beach Boys - surfer girl|beach_boys - surfer girl|Beatles - act naturaly|COUNTRY - ivebeentryin 2getoveru vince|COUNTRY - surfer|Elvis - dontbecruel
D C G C,→ D,4,17,26,98 Degrees - I Do Cherish You|aerosmith - pink|Bangles - Bangles eternal flame|Beatles - i follow the sun|Christian Music - bring back the springtime|christian_music - bring back the springtime|COUNTRY - born2luvu mcollie|COUNTRY - Borntoloveyou
Em Bm Em Bm,→ Em,4,17,33,AC DC - for those about to rock|ac_dc - for those about to rock|America - america a horse with no name1|BabyFace - babyface when|Bon Jovi - bonlivina2|brooks_garth - the dance|Cake - the distance|COUNTRY - unansweredprayers
Em C Em G,→ Em,4,17,23,Alice In Chains - nutshell|alice_in_chains - nutshell|Beatles - a day in the life|Bob Seger - BobSeger TillItShines|Cake - frank sinatra|Cranberries - Zombie|Duran Duran - tequila sunrise|Eagles - Tequila Sunrise
F#m B F#m B,→ F#m,4,17,44,Aqua - barbie girl|Bangles - walklikeanegyptian|Bangles - walk like an egyptian|Beatles - a taste of honey|Beatles - do you wanna know a secret|colvin_shawn - sunny came home|COUNTRY - mysweetlord|garbage - stupid girl
C Gm C F,→ C,4,17,20,Bangles - hazy|carey_mariah - i'll be there|COUNTRY - chapel|COUNTRY - countmein|COUNTRY - heartachesbyno|COUNTRY - lastcheaterswaltz|COUNTRY - sockhop|COUNTRY - thesebootsrmade4walkin
Gm A# Gm A#,→ Gm,4,17,53,Beat - summer|clapton_eric - i shot the sheriff|dj_jazzy_jeff - summer time|Duran Duran - victim of love|Eagles - Victim of Love|Eric Clapton - i shot the sheriff|Lou Bega - I Got A Girlfriend Everywhe|Movie Themes - Mission Impossible
A# F A# C,→ A#,4,17,24,Beatles - i will|Christian Music - love lifted me|Christian Music - low in the grave he lay|Christian Music - oh lord you re beautiful|Christian Music - the solid rock|christian_music - the solid rock|collins_phil - do you remember|COREL COLLECTION - MISC 11
D# G# A# G#,→ D#,4,17,20,Bee Bees - how deep is your love|beegees - how deep is your love|Christian Music - this is my father s world|Christian Music - to god be the glory|christian_music - this is my father's world|christian_music - to god be the glory|Christmas - chestnuts roasting on an open fire|Coolio - c u when u get there
D# A# F A#,→ D#,4,17,21,Bob Seger - BobSeger BlindLove|Christian Music - precious lord take my hand|christian_music - precious lord take my hand|COUNTRY - afoolsuchasi|COUNTRY - babysgotherbluejeanson|COUNTRY - carolinamoon|COUNTRY - downonthefarm timmcg|COUNTRY - isitreallyover
G# C# F# C#,→ G#,4,17,40,Bon Jovi - one sweet day|boys_2_men - one sweet day|Boyz II Men - one sweet day|carey_mariah - one sweet day|COREL COLLECTION - CLAS 23|COUNTRY - babyilyed|COUNTRY - believemebaby|COUNTRY - brotherjukebox mchestnut
C# G# C# F#,→ C#,4,17,44,Bon Jovi - one sweet day|boys_2_men - one sweet day|Boyz II Men - one sweet day|carey_mariah - one sweet day|COUNTRY - babyilyed|COUNTRY - beautifulbody|COUNTRY - believemebaby|COUNTRY - brotherjukebox mchestnut
Bm G Bm G,→ Bm,4,17,46,Bryan Adams - The Only Thing That Looks G|cars_the - you might think|Chicago - chidoes|Christian Music - awesome god|christian_music - awesome god|Collective Soul - the world i know|collective_soul - the world i know|COUNTRY - folsompris jcash
G# D# A# D#,→ G#,4,17,30,Christian Music - have thine own way lord|Christian Music - jesus loves me|Christian Music - mighty is our god|christian_music - have thine own way lord|christian_music - jesus loves me|christian_music - savior like a shepherd leads us|COREL COLLECTION - LITE 15|COUNTRY - afoolsuchasi
F A# D# A#,→ F,4,17,24,Christian Music - precious lord take my hand|christian_music - precious lord take my hand|COREL COLLECTION - SPRT 03|COUNTRY - allthegold|COUNTRY - calludarlin|COUNTRY - carolinamoon|COUNTRY - finetime lucille|COUNTRY - isitreallyover
F#m A D,→ F#m,3,17,18,Oh Wonder - Drive|AC DC - highway to hell|ac_dc - highway to hell|adams_bryan - run to you|Blur - in the country|Bryan Adams - Run To You|Christian Music - halleluja chorus|christian_music - halleluja chorus
G Am Em,→ G,3,17,21,Tate McRae - Teenage Mind|ABBA - my love my life|America - America TinMan|America - america I Need You sll|Christian Music - majesty|Christmas - greensleeves|COREL COLLECTION - INTL 02|Counting Crows - round here
Em F C,→ Em,3,17,26,Taylor Swift - Lover|ABBA - super trouper|Atlantic Starr - i ll remember you|atlantic_starr - i'll remember you|COUNTRY - amarillobymorning|COUNTRY - bluemoon|COUNTRY - doesthebluemoonevershineonyou|COUNTRY - ghetto elvis
A# Cm F,→ A#,3,17,24,ABBA - move on|beegees - i've got to get a message to you|Billy Joel - The Longest Time|Christian Music - closer walk with thee|Christian Music - just as i am|christian_music - closer walk with thee|COUNTRY - allthegold|COUNTRY - ladydownonlove al
Am G F,→ Am,3,17,29,Asia - only time will tell|brooks_garth - industrial|Carpenters - yesterday once more|carpenters_the - yesterday once more|COREL COLLECTION - CLAS 15|COREL COLLECTION - NEWA 02|COUNTRY - asundaykindoflove reba|fleetwood_mac - dreams
A# Gm D#,→ A#,3,17,33,Barry Manilow - Mandy|carey_mariah - whenever|CCR - Lookin Out My Back Door|Christian Music - mighty is our god|Christian Music - the lord s prayer|christian_music - the lord's prayer|COUNTRY - whosebed|Disney - Circle Of Life
C Am Dm,→ C,3,17,24,Beach Boys - i m waiting for an answer|beach_boys - i'm waiting for an answer|Christian Music - celebrate jesus|christian_music - celebrate jesus|COUNTRY - 26cents|disney_songs - new baroqur|REM - strange currencies|Righteoud Brothers - RighteousBrothers EbbTide
Bm A D,→ Bm,3,17,26,Beat - rednex cotton|COUNTRY - 1niteatatime|COUNTRY - battleneworl|COUNTRY - crazyarms|COUNTRY - foolishheart mavericks|COUNTRY - foreveranever|COUNTRY - mrbojng|erasure - stop
G Bm A,→ G,3,17,27,Bon Jovi - thank you for loving mebonjovi|COREL COLLECTION - LITE 13|COUNTRY - openarms|cure_the - kyoto song|eve_6 - inside out|Genesis - duke's end|Genesis - duke s end|hootie_and_the_blowfish - time
Em Am G,→ Em,3,17,28,Celine Dion - Im Your Angel|COUNTRY - BeachCheyenne|Duran Duran - i can't tell you why|Eagles - i can't tell you why|Eagles - I Cant Tell You Why|Eagles - i can t tell you why|kiss - sure know something|Metallica - aint my bitch
D# C# G#,→ D#,3,17,28,"Christian Music - the longer i serve him|Christian Music - to god be the glory|christian_music - the longer i serve him|christian_music - to god be the glory|COUNTRY - backnbabyarm|COUNTRY - bothsides ofthestory|COUNTRY - threetimes|Lionel Richie - Richie,Lionel MyLove"
E C#,→ E,2,17,28,Red Hot Chili Peppers - Californication|The Beach Boys - God Only Knows|ABBA - dancing queen|ABBA - name of the game|cocker_joe - leave your hat on|COUNTRY - blueyescrying|faith_no_more - epic|Joe Cocker - leave your hat on
B G,→ B,2,17,37,Van Morrison - Brown Eyed Girl|Beat - puffy beenaround|CCR - Someday Never Comes|Cherry Poppin Daddies - zoot suit riot|Christmas - dance of the sugar plum fairies|Collective Soul - gel|collective_soul - gel|COUNTRY - fever
G# F,→ G#,2,17,93,2 Unlimited - workaholic|2_unlimited - workaholic|Alice In Chains - rooster|alice_in_chains - rooster|Blur - ecco song|Blur - song 2|Bush - greedy fly|George Michael - Father Figure
F# C#m,→ F#,2,17,36,3t - why|carey_mariah - love takes time|COREL COLLECTION - JAZZ 09|COUNTRY - ceremony|COUNTRY - dustbottle|COUNTRY - duston thebottle|Def Leppard - Animal|Def Leppard - defanimal
C C#,→ C,2,17,28,aerosmith - dream on|Christmas - a merry little christmas|Christmas - have yourself a merry little christmas|COREL COLLECTION - INTL 09|COUNTRY - fadedpictureson thewall|COUNTRY - hankw cheatin|COUNTRY - singingin|COUNTRY - yourcheatinheart
C# C#m,→ C#,2,17,35,aerosmith - janie's got a gun|aerosmith - janie s got a gun|carey_mariah - forever|COUNTRY - aintshe|earth_wind_fire - september|foo_fighters - my poor brain|hornsby_bruce - passing through|lennox_annie - it's all right
Am Bm,→ Am,2,17,25,Asia - don't cry|Asia - don t cry|Beatles - ticket to ride|Christian Music - jesu joy of men s desiring|christian_music - jesu joy of men's desiring|COUNTRY - fromheretoeternity|Depech Mode - strange love|depeche_mode - strange love
A# D,→ A#,2,17,36,Beat - blue|Christian Music - fairest lord jesus|christian_music - fairest lord jesus|Elvis - intheghetto|emerson_lake_and_palmer - the barbarien|gabriele_peter - starless|Genesis - fading lights|Genesis - Illegal Alien
G Bdim,→ G,2,17,32,Beatles - i don't want to spoil the party|Christian Music - and can it be|Christian Music - great is the lord|christian_music - and can it be|christian_music - great is the lord|Christmas - chipmunks christmas|COREL COLLECTION - CLAS 12|COREL COLLECTION - RBOOGY 1
G C#dim,→ G,2,17,37,Billy Joel - Pressure|CCR - Fortunate Son|COREL COLLECTION - NEWA 01|COUNTRY - istillbelieveinyou vgill|COUNTRY - trouble|COUNTRY - trouble tritt|Creed - Creed Higher1|Disney - A Spoonful Of Sugar
C D G C D,→ C,5,16,20,aerosmith - pink|Christian Music - nearer my god to thee|COUNTRY - backstreeaffair|COUNTRY - diana paulanka|COUNTRY - fadedpictureson thewall|COUNTRY - whenwemakelove|COUNTRY - whenwemakelove al|joel_billy - river of dreams
C D C D G,→ C,5,16,18,Bee Bees - massachusetts|beegees - massachusetts|Christian Music - nearer my god to thee|COUNTRY - backstreeaffair|COUNTRY - bd neonmoon|COUNTRY - diana paulanka|COUNTRY - divorce|COUNTRY - fadedpictureson thewall
A# C F A# F,→ A#,5,16,26,Ben Folds Five - missing the war|COUNTRY - andstill|COUNTRY - andstill reba|COUNTRY - blueclearsky jmm|COUNTRY - checkyesorno gstrait|COUNTRY - forgivingyouwaseasy willie|COUNTRY - udecoratedmylife krogers|Movie Themes - My Girl
D G D G C,→ D,5,16,27,Billy Joel - River of Dreams|Christian Music - in the sweet by and by|christian_music - in the sweet by and by|Christmas - rockin around the christmas tree|COUNTRY - backstreeaffair|COUNTRY - brandnewman|COUNTRY - brandnewme|Rollin STones - Lets Spend the Night Togeth
G A G A D,→ G,5,16,24,byrds_the - mr tamborine man|Chumba Wumba - Tubthumping|COUNTRY - buymearose|COUNTRY - buymearose kennyrogers|COUNTRY - dearhearts|COUNTRY - dontbestupid|def_leppard - love and affection|green_day - the grouch
D Bm D G,→ D,4,16,24,Elvis Presley - If I Can Dream|Radiohead - Karma Police|The Pogues - Fairytale of New York|adams_bryan - all for love|Brandy - i wanna be down|Bryan Adams - all for love|Bryan Adams - All For One|Christian Music - give thanks
Am C F C,→ Am,4,16,19,Noah Cyrus - July|Backstreet Boys - as long as you love me|backstreet_boys - as long as you love me|Billy Joel - Piano Man|COUNTRY - rockinyears|grant_amy - stay for awhile|Mike And The Mechanics - All I Need Is a Miracle|mike_and_the_mechanics - all i need is a miracle
A Bm A D,→ A,4,16,23,Patti Smith - Because the Night|BTO - Aint Seen Nothin Yet|BTO - Hey You|cetera_peter - next time i fall|Christian Music - shine jesus shine|christian_music - shine jesus shine|COUNTRY - alittletoolate|COUNTRY - itsalittle2late tanya
A Em A Em,→ A,4,16,42,R.E.M. - Everybody Hurts|ABBA - knowing me knowing you|COUNTRY - louiloui|COUNTRY - walkrightback everlys|Def Leppard - armageddon it|def_leppard - armageddon it|hendrix_jimi - purple haze|led_zepplin - communication breakdown
Em D Em G,→ Em,4,16,26,Simon & Garfunkel_Traditional - Scarborough Fair|Beat - fantasy|Billy Joel - Its Still Rock and Roll To|Billy Joel - its still rock and roll to me|Coolio - fantastic voyage|COREL COLLECTION - JAZZ 10|COUNTRY - closeruget|COUNTRY - putyourhead
E A E D,→ E,4,16,27,Sufjan Stevens - Fourth of July|ABBA - chiquitita|Blues Brothers - soul man|blues_brothers - soul man|Blur - charmless man|COREL COLLECTION - POP 02|COUNTRY - babyyourbaby gs|COUNTRY - rumorhasit reba
C F Dm G,→ C,4,16,17,ABBA - hamlet 3|Billy Joel - Movin Out|carey_mariah - when i saw you|Carpenters - top of the world|carpenters_the - top of the world|Celine Dion - Its All Coming Back To Me|COUNTRY - babyblue|COUNTRY - babyblues gstrait
G# C# G# D#,→ G#,4,16,24,ABBA - tiger|Bee Bees - don t forget to remember|beegees - don't forget to remember|Celine Dion - Power Of Love|Christian Music - i love to tell the story|Christian Music - victory in jesus|christian_music - i love to tell the story|christian_music - i stand amazed in the presence
F# G#m F# G#m,→ F#,4,16,34,adams_bryan - thought i'd died and gone to heaven|Beat - jamaroqui virtual|bolton_michael - steel bars|Bryan Adams - Thought Id Died And Gone To|cetera_peter - if you leave me now|guns_%26_roses - since i don t have you|jamiroquai - virtual insanity|local_h - bound to the floor
Em F Em F,→ Em,4,16,32,Alien Ant Farm - smoothcriminal|Billy Joel - Its Still Rock and Roll To|Billy Joel - its still rock and roll to me|cure_the - six different ways|Cyndi Lauper - Time after Time|Duran Duran - i can't tell you why|Eagles - i can't tell you why|Eagles - I Cant Tell You Why
F A# F Gm,→ F,4,16,23,BareNaked Ladies - The Old Apartment|Ben Folds Five - missing the war|COUNTRY - mcgraw cantbereallygone|COUNTRY - pc ifalltopieces|COUNTRY - satinst|cure_the - close to me|mellancamp_john_cougar - i believe in miracles|midler_bette - wind beneath my wings
A E A F#m,→ A,4,16,21,Beat - tha cros|Beatles - a taste of honey|beegees - how can you mend a broken heart|Blur - charmless man|Bone - tha crossroads|carey_mariah - all i've ever wanted|COREL COLLECTION - SHRT 38|COUNTRY - chataho
A F#m A E,→ A,4,16,21,Beat - tha cros|Bone - tha crossroads|COUNTRY - chataho|COUNTRY - chattahoochie|COUNTRY - everybodyknows trisha|Duran Duran - love will alwayep us alive|Eagles - love will always keep us alive|level_42 - the sun goes down
D G Em G,→ D,4,16,29,Beatles - act naturaly|COUNTRY - changemymind jberry|Def Leppard - defhysteria|Def Leppard - Hysteria|Duran Duran - try and love again|Eagles - Try and Love Again|hornsby_bruce - old playground|oasis - cum on feel the noise
C F C Am,→ C,4,16,20,Billy Joel - Piano Man|Bruce Hornsby - The Way It Is|Christian Music - temptation of christ|christian_music - temptation of christ|COREL COLLECTION - POP 04A|COUNTRY - crich behind|joel_billy - piano man|Mike And The Mechanics - All I Need Is a Miracle
D# Gm D# Gm,→ D#,4,16,40,Blackstreet - good lovin|COUNTRY - byebye|COUNTRY - byebye jodeemessina|Cranberries - salvation|disney_songs - listen with your heart|erasure - always|kiss - creatures of the night|Madonna - rain
C# F# C# G#,→ C#,4,16,40,Bon Jovi - one sweet day|boys_2_men - one sweet day|Boyz II Men - one sweet day|carey_mariah - one sweet day|COUNTRY - babyilyed|COUNTRY - believemebaby|COUNTRY - brotherjukebox mchestnut|COUNTRY - have2go
A# D# G# D#,→ A#,4,16,25,Christian Music - count your blessings|Christian Music - have thine own way lord|Christian Music - jesus loves me|christian_music - count your blessings|christian_music - have thine own way lord|christian_music - jesus loves me|christian_music - savior like a shepherd leads us|COUNTRY - afoolsuchasi
A# C A# F,→ A#,4,16,19,Christian Music - love lifted me|Christian Music - the solid rock|christian_music - the solid rock|Counting Crows - raining in baltimore|counting_crows - raining in baltimore|COUNTRY - twotears|Cyndi Lauper - I Drove All Night|emerson_lake_and_palmer - jerusalem
C Gm C Gm,→ C,4,16,33,collins_phil - inside out|COUNTRY - betterman|COUNTRY - chapel|COUNTRY - husbandsandwives|COUNTRY - husbands n wives|crow_sheryl - everyday is a winding road|Culture Club - Church of the Poison Mind|erasure - chains of love
Gm C Gm C,→ Gm,4,16,36,collins_phil - inside out|COREL COLLECTION - LITE 12|COUNTRY - betterman|crow_sheryl - everyday is a winding road|Culture Club - Church of the Poison Mind|Duran Duran - victim of love|Eagles - Victim of Love|erasure - chains of love
A Bm E,→ A,3,16,31,ABBA - Waterloo|John Lennon - Happy Xmas (War Is Over)|Beat - rednex cotton|brooks_garth - friends in low places|collins_phil - you can't hurry love|COUNTRY - 16cndls|COUNTRY - dontfallinlovedrm krogers|COUNTRY - dontfallinlovewithadreamer
G D E,→ G,3,16,29,"David Bowie - Moonage Daydream|Beatles - eight days a week|Billy Joel - Joel, Billy Just the way you are|COUNTRY - bigdeal larimes|COUNTRY - sheandi al|Duran Duran - Union of the Snake|foo_fighters - this is a call|joel_billy - just the way you are"
Bm G D,→ Bm,3,16,32,Simon & Garfunkel - America|alan_parsons_project - eye in the sky|COUNTRY - anniessong johndenver|COUNTRY - happygirl martina|COUNTRY - whos|COUNTRY - whosthatman|danzig - mother|Genesis - tell me why
Em G Am,→ Em,3,16,20,Tate McRae - Teenage Mind|America - America TinMan|America - america I Need You sll|Christmas - greensleeves|Counting Crows - round here|counting_crows - round here|dave_matthews_band - crush|doors_the - spanish caravan
F C Gm,→ F,3,16,19,98 Degrees - The Hardest Thing|BTO - Takin Care Of Business|Christian Music - we ll talk it over|christian_music - we'll talk it over|christian_music - what a friend we have in jesus|clapton_eric - white room|COUNTRY - DreamingWithMyEyesWideOpen|COUNTRY - dreaminwithmy eyeswideopen claywalker
F# B E,→ F#,3,16,28,ABBA - angel eyes|beegees - how can you mend a broken heart|COUNTRY - amanthislonely bnd|COUNTRY - emotionalgirl|COUNTRY - hankw hglook|COUNTRY - itsonly make believe twitty|COUNTRY - iwascountry barbmandrell|Disney - Colors of the Wind pop version
B E F#,→ B,3,16,23,ABBA - angel eyes|Bon Jovi - bad medicine|COUNTRY - brokenwing martina|COUNTRY - emotionalgirl|COUNTRY - hankw hglook|COUNTRY - iwascountry barbmandrell|COUNTRY - manfeelwoman|COUNTRY - welc2myworld earnold
C# G# D#,→ C#,3,16,29,"ABBA - tiger|collins_phil - take me home|COUNTRY - at hop|COUNTRY - bothsides ofthestory|COUNTRY - threetimes|Lionel Richie - Richie,Lionel MyLove|Lionel Richie - Richie,Lionel SayYouSayMe|Lionel Richie - Richie,Lionel SayYouSayMe1"
C A G,→ C,3,16,23,AC DC - who made who|ac_dc - who made who|America - america I Need You|America - america I Need You sll|Beatles - blackbird|Beatles - savory truffle|Beatles - your mother should know|Christmas - rudolph the red nosed reindeer
Bm D G,→ Bm,3,16,18,Backstreet Boys - quit playing games|backstreet_boys - quit playing games|Ben Folds Five - brick|COUNTRY - fromheretoeternity|COUNTRY - gotnoreason|COUNTRY - gotnoreasonnowforgoinghome|dave_matthews_band - crush|dave_matthews_band - don t drink the water
D F#m G,→ D,3,16,24,"Beatles - anytime at all|COREL COLLECTION - JAZZ 06|COUNTRY - amarillobymorning gs|COUNTRY - happygirl martina|COUNTRY - howdoilive|COUNTRY - iamthatman bndunn|COUNTRY - ivebeentryin 2getoveru vince|COUNTRY - Rimes,LeAnn HowDoILive"
F# D#m C#,→ F#,3,16,28,Bee Bees - nights on broadway|beegees - nights on broadway|Celine Dion - The Colour Of My Love|collins_phil - against all odds|COUNTRY - itmatters2me faith|COUNTRY - whermigonnalive|Foreigner - Foreigner I wanna know what love is|Foreigner - I Want to Know What Love Is
Am Em C,→ Am,3,16,25,CCR - I Put A Spell On You|Christian Music - oh come oh come emmanuel|COUNTRY - 26cents|COUNTRY - ghostridersinthesky|Depech Mode - strange love|depeche_mode - strange love|Duran Duran - Girls on Film|foo_fighters - oh george
C# F# D#m,→ C#,3,16,26,collins_phil - against all odds|COUNTRY - beautifulbody|COUNTRY - whermigonnalive|Donny Osmond - Puppy Love|Foreigner - Foreigner I wanna know what love is|Foreigner - I Want to Know What Love Is|Genesis - throwing it all away|MatchBox 20 - Push
F Bb,→ F,2,16,146,ABBA - Slipping Through My Fingers|Barry Manilow - Mandy|Billy Joel - Vienna|Bob Dylan - Mr. Tambourine Man|Cigarettes After Sex - Apocalypse|Elton John - Can You Feel The Love Tonight|Fleetwood Mac - Songbird|Jackson Browne  - Doctor My Eyes
Dm Em,→ Dm,2,16,28,Carpenters - Goodbye To Love|Celine Dion - The Colour Of My Love|COREL COLLECTION - MISC 01|COREL COLLECTION - TECH 08|COUNTRY - alovesobeautiful|Eagles - Best of My Love|Genesis - Misunderstanding|Genesis - never a time
F#m Bm,→ F#m,2,16,21,Elvis Presley - If I Can Dream|America - america Ventura hwy|Chicago - chilook|Christian Music - shine jesus shine|christian_music - shine jesus shine|COREL COLLECTION - JAZZ 06|COUNTRY - standing|def_leppard - all i want is everything
G#m C#,→ G#m,2,16,45,The Cars - Drive|2 Unlimited - let the beat coŠl your body|2_unlimited - let the beat control your body|cars_the - drive|COREL COLLECTION - INTL 13|COREL COLLECTION - JAZZ 03|COUNTRY - bubbashotthejukebox mchestnut|COUNTRY - mysweetlord
F# G,→ F#,2,16,22,The Moody Blues - Nights In White Satin|The Pogues - Fairytale of New York|Beat - jamaroqui virtual|COUNTRY - Baton|COUNTRY - brotherjukebox|COUNTRY - callingbatonrouge|dave_matthews_band - dancing nancies|Eagles - Eagles HotelCalifornia2
G# D#m,→ G#,2,16,44,2 Unlimited - workaholic|2_unlimited - workaholic|Beach Boys - i get around|beach_boys - i get around|Bonnie Raitt - Something to Talk About|Christina Aguilera - I Turn To You|collins_phil - take me home|COUNTRY - enginenumber9
F F#dim,→ F,2,16,24,ABBA - i wonder|armstrong_louis - what a wonderful world|Backstreet Boys - as long as you love me|backstreet_boys - as long as you love me|Billy Joel - Honesty|Christmas - frosty the snowman|COUNTRY - guysdoitalltime mindymc|COUNTRY - hardworkinman
F A,→ F,2,16,26,aerosmith - what it takes|Beat - blue|boys_2_men - yesterday|Christian Music - now thank we all our god|cocker_joe - unchain my heart|COREL COLLECTION - INTL 16|Joe Cocker - unchain my heart|joel_billy - baby grand
E G#,→ E,2,16,32,Air Supply - Two Less Lonely People|cars_the - just what i needed|cocker_joe - leave your hat on|COREL COLLECTION - CLAS 10|hornsby_bruce - look out any window|Joe Cocker - leave your hat on|korn - no place to hide|nine_inch_nails - perfect drug
E G#dim,→ E,2,16,35,Beatles - here comes the sun|Beatles - savory truffle|Big Bad Voodoo Daddy - mambo swing|COUNTRY - amazinggrace|COUNTRY - amiblue gs|COUNTRY - feelluckymccarp|COUNTRY - houston|COUNTRY - ifeellucky2nite marycc
A D A E D,→ A,5,15,17,Bob Marley & The Wailers - Three Little Birds (A)|The Beatles - With A Little Help From My Friends|ABBA - i am the city|Christian Music - shine down|christian_music - shine down|COUNTRY - alittlelesstalk alotmoreaction tobykeith|COUNTRY - devilwoman|COUNTRY - elvira
D A D A G,→ D,5,15,28,Alice In Chains - don t follow|alice_in_chains - don't follow|Beatles - anytime at all|Christian Music - i know whom i have believed|christian_music - i know whom i have believed|christian_music - shall we gather at the river|Christmas - first noel|COUNTRY - daddyshands
F A# F A# C,→ F,5,15,27,Beatles - all together now|Christian Music - largo|COUNTRY - 2pinacoladas|COUNTRY - blueclearsky jmm|COUNTRY - checkyesorno gstrait|COUNTRY - forgivingyouwaseasy willie|COUNTRY - happyhearts|COUNTRY - pc sweetdreamsofyou
F C F G C,→ F,5,15,20,Beatles - imagine|Christmas - here we come a wasseling|COREL COLLECTION - CLAS 20|COUNTRY - crich behind|COUNTRY - doesftworthever crossyourmind gs|COUNTRY - easyontheeyes|COUNTRY - frtworth gstrait|COUNTRY - greatballsoffire
C D G D G,→ C,5,15,30,Billy Joel - River of Dreams|Christian Music - in the sweet by and by|christian_music - in the sweet by and by|Christmas - rockin around the christmas tree|COUNTRY - backstreeaffair|COUNTRY - brown eye girl|REM - Great Beyond|sailor_moon - you're yet still my love
A D E A D,→ A,5,15,18,Billy Joel - You May Be Right|Bryan Adams - Straight From The Heart|buffet_jimmy - come monday|COUNTRY - aintthatashame|COUNTRY - cottonjenny|COUNTRY - dontfallinlovedrm krogers|COUNTRY - dontfallinlovewithadreamer|COUNTRY - ithinkilljust haggard
E A B E A,→ E,5,15,16,Carpenters - hurting each other|carpenters_the - hurting each other|COUNTRY - crossmyheart gs|COUNTRY - girlswithguitars judds|COUNTRY - hard rock bottom of your heart|COUNTRY - highlowninbetween|COUNTRY - kickalittle|COUNTRY - ThinkaboutElvisLoveless(VERN)
C#m E C#m E,→ C#m,4,15,35,Big Thief - Masterpiece|Carpenters - Yesterday Once More|Alice In Chains - i stay away|alice_in_chains - i stay away|Christian Music - christmas morning|christian_music - christmas morning|Cyndi Lauper - Gooines R Good Enough|led_zepplin - immigrant song
G Em C D,→ G,4,15,34,Cyndi Lauper - Girls Just Want To Have Fun|Mariah Carey - All I Want For Christmas|Neil Young - Heart of Gold|Van Morrison - Brown Eyed Girl|98 Degrees - I Do Cherish You|COUNTRY - bluesman aj|COUNTRY - dowadidy|COUNTRY - whenwemakelove
G Am F C,→ G,4,15,28,Gillian Welch - Look At Miss Ohio|Lady Gaga - Always Remember Us This Way|Simon & Garfunkel - The Boxer|Bon Jovi - blaze of glory|Bryan Adams - Lets Make A Night To Rememb|COUNTRY - amazed lonestar|COUNTRY - ialright|Enya - orinocoflow
Em D G D,→ Em,4,15,35,The Rolling Stones - Paint It Black|ABBA - knowing me knowing you|Ace Of Base - the sign|ace_of_base - the sign|Bangles - manic monday|COUNTRY - river|COUNTRY - sclausestillbelieveinu al|COUNTRY - The River(VERN)
A# F C Dm,→ A#,4,15,29,3t - i need you|3t - i want you|Aqua - my oh my|COUNTRY - aintthatlonelyyet|COUNTRY - aintthatlonelyyet tobykeith|COUNTRY - chillofanearlyfall gs|erasure - always|jewel - foolish games
F Gm F C,→ F,4,15,20,3t - i need you|3t - i want you|Billy Joel - Scenes from an Italian Rest|COUNTRY - babylikestorockit|COUNTRY - babyrocket|COUNTRY - pc ifalltopieces|Disney - Winnie The Pooh|Foreigner - Foreigner Hot Blooded
G C Em D,→ G,4,15,16,ABBA - eagle|COUNTRY - divorce|doors_the - love her madly|Eagles - Desperado|Foreigner - watluvis|hornsby_bruce - mandolin rain|joel_billy - piano man classical version|Journey - Journey Be good to yourself
Bm Em Bm Em,→ Bm,4,15,26,AC DC - for those about to rock|ac_dc - for those about to rock|America - america a horse with no name1|BabyFace - babyface when|brooks_garth - the dance|COUNTRY - unansweredprayers|COUNTRY - up2|Duran Duran - Wild Boys
F G F Am,→ F,4,15,18,adams_bryan - heaven|armstrong_louis - what a wonderful world|Beatles - let it be|Bryan Adams - heaven|Celine Dion - Its All Coming Back To Me|COUNTRY - burningbridges|COUNTRY - wonderfulworld|Depech Mode - everything counts
G C D C,→ G,4,15,19,aerosmith - pink|Beatles - eleanor rigby|Christian Music - in the sweet by and by|christian_music - in the sweet by and by|COUNTRY - coolwater bndunn|COUNTRY - fadedpictureson thewall|COUNTRY - ropethemoon|Elvis - suspiciousminds
A# F D# F,→ A#,4,15,20,Air Supply - All Out Of Love|BareNaked Ladies - The Old Apartment|carey_mariah - endless love|COREL COLLECTION - CLAS 22|COUNTRY - amazes|Disney - Under The Sea|Enigma - Enigma ReturnToInnocence|green_day - 2000 light years away
A# Dm A# Dm,→ A#,4,15,31,Beat - backassup|collins_phil - do you remember|COUNTRY - TheThunderRoles|cure_the - lament|def_leppard - miss you in a heartbeat|Duran Duran - election day|duran_duran - election day|Elvis - intheghetto
F# E F# E,→ F#,4,15,45,Beatles - do you wanna know a secret|cocker_joe - leave your hat on|COUNTRY - dustbottle|COUNTRY - duston thebottle|COUNTRY - holdinmyown|devo - whip it|foo_fighters - this is a call|Genesis - the battle of epping forest
E G E G,→ E,4,15,28,Beatles - magical mystery tour|Bobby Brown - my perogative|brown_bobby - my perogative|dave_matthews_band - halloween|foo_fighters - this is a call|Genesis - grand parade of lifeless packaging|guns_%26_roses - mr brownstone|hornsby_bruce - the long race
C Am G Am,→ C,4,15,15,Beatles - the end|Blues Traveller - crash and burn|blues_traveller - crash and burn|COUNTRY - Breathe|COUNTRY - breathe faith jens niehues|jethro_tull - sweet dreams|petty_tom - mary jane s last dance|police - bring on the night
Am G Am C,→ Am,4,15,17,Blues Traveller - run around|blues_traveller - run around|Bobby Brown - my perogative|brown_bobby - my perogative|COUNTRY - Breathe|COUNTRY - breathe faith jens niehues|jethro_tull - sweet dreams|pantera - hollow
G# Fm G# Fm,→ G#,4,15,90,Bone - days of our livez|carey_mariah - jesus born on this day|Destiny's Child - Say My Name|erasure - i love saturday|Madonna - causing a commotion|Madonna - Madonna CausingACommotion|Madonna - Madonna PapaDontPreach|Madonna - papa don't preach
F A# F D#,→ F,4,15,19,"carey_mariah - endless love|COUNTRY - amazes|COUNTRY - byebye|COUNTRY - byebye jodeemessina|COUNTRY - THE CHANGE|hornsby_bruce - harbor lights|joel_billy - blonde over blue|Lionel Richie - Richie,Lionel EndlessLove"
D E A F#m,→ D,4,15,23,Celine Dion - Tell Him|Chicago - chilook|clapton_eric - signe|COUNTRY - amanthislonely bnd|COUNTRY - bymyside lmorgan|COUNTRY - carryingyourlovewithme|COUNTRY - carrylovewithme gstrait|COUNTRY - dontfallinlovedrm krogers
E A F#m D,→ E,4,15,31,Celine Dion - Tell Him|Chicago - chilook|clapton_eric - signe|COUNTRY - amanthislonely bnd|COUNTRY - bymyside lmorgan|COUNTRY - carryingyourlovewithme|COUNTRY - carrylovewithme gstrait|COUNTRY - dontfallinlovedrm krogers
D Am G,→ D,3,15,36,Bob Dylan - Knockin' On Heaven's Door|Pink Floyd - Wish You Were Here|Billy Joel - River of Dreams|COREL COLLECTION - TECH 05|COUNTRY - butiwill faith|COUNTRY - countryroads|COUNTRY - elpaso|COUNTRY - elpaso mrobbins
Bm D A,→ Bm,3,15,22,Creedence Clearwater Revival - Proud Mary|Bon Jovi - never say goodbye|collins_phil - groovy kind of love|COUNTRY - bluesteyesintexas|COUNTRY - takeplaces|houston_whitney - greatest love of all|joel_billy - leningrad|marley_bob - jammin
B F# C#,→ B,3,15,21,Sonny & Cher - I Got You Babe|Cher - Believe|Collective Soul - shine|collective_soul - shine|Cyndi Lauper - Girls Just Want to Have Fun|gabriele_peter - that voice again|gabriele_peter - voice|Genesis - throwing it all away
D# Cm G#,→ D#,3,15,36,Ace Of Base - beautiful life|ace_of_base - beautiful life|Christian Music - to god be the glory|christian_music - to god be the glory|Coolio - c u when u get there|COREL COLLECTION - WEST 02|COUNTRY - icanloveyoulikethat|COUNTRY - threetimes
A C#m E,→ A,3,15,18,adams_bryan - thought i'd died and gone to heaven|Allman Brothers Band - melissa|Beatles - i've just seen a face|Beatles - i ve just seen a face|COREL COLLECTION - LITE 05|COUNTRY - bymyside lmorgan|COUNTRY - crossmyheart gs|doobie_brothers - listen to the music
A# Dm C,→ A#,3,15,17,beach_boys - i just wasnt made for these times|collins_phil - in the air tonight|COUNTRY - andstill|COUNTRY - andstill reba|COUNTRY - ladydownonlove al|Cyndi Lauper - I Drove All Night|Donny Osmond - Puppy Love|joel_billy - stiletto
E A Em,→ E,3,15,16,Beatles - daytripper|COUNTRY - biblebelt tritt|COUNTRY - girlswithguitars judds|COUNTRY - midnightspecial|COUNTRY - papalovedmama(VERN)|Def Leppard - armageddon it|def_leppard - armageddon it|Duran Duran - life in the fast lane
Gm C F,→ Gm,3,15,27,Beatles - yellow submarine|Christian Music - lamb of glory|collins_phil - sussudio|COUNTRY - flowersonthewall|dion_celine - think twice|Disney - Can You Feel The Love|Genesis - sussudio|kiss - heavens on fire
Dm F C,→ Dm,3,15,27,beegees - i've got to get a message to you|COUNTRY - husbandsandwives|COUNTRY - husbands n wives|COUNTRY - TheManInLoveWithYou|gabriele_peter - shock the monkey|guess_who - these eyes|imbruglia_natalie - torn|marx_richard - right here waiting
F Gm A#,→ F,3,15,19,Ben Folds Five - missing the war|Christmas - here comes santa clause|COUNTRY - betterman|COUNTRY - britney sometimes|COUNTRY - lovesickblues|Def Leppard - Animal|Def Leppard - defanimal|def_leppard - animal
B C# F#,→ B,3,15,17,Bon Jovi - bed of roses|Chicago - chiyou|Christian Music - lamb of glory|COUNTRY - adalida|COUNTRY - adalida1|COUNTRY - detroitcty|COUNTRY - hereyoucomeagain dolly|COUNTRY - itsmyparty
A B D,→ A,3,15,24,"carey_mariah - music box|COUNTRY - evrgreen|COUNTRY - icanloveubette|cure_the - a kind of magic|Lionel Richie - Richie,Lionel AllNightLong1|Lionel Richie - Richie,Lionel AllNightLong3|Mariah Carey - music box|Movie Themes - Time Warp"
G# C# D#,→ G#,3,15,42,Christian Music - he keeps me signing|christian_music - he keeps me signing|christian_music - when the roll is called up yonder|COUNTRY - americanmade|COUNTRY - First degree(VERN)|COUNTRY - loveinfirstde al|COUNTRY - mywomanmywife|COUNTRY - wayuluv
G F#,→ G,2,15,24,David Bowie - Moonage Daydream|The Moody Blues - Nights In White Satin|ABBA - just like that|bolton_michael - go the distance|COUNTRY - Baton|COUNTRY - brotherjukebox|COUNTRY - callingbatonrouge|COUNTRY - satindoll
D# D,→ D#,2,15,39,adams_bryan - have you ever really loved a woman|Billy Joel - Honesty|Bryan Adams - have you ever rŠved a woman|carey_mariah - till the end of time|COUNTRY - godspent|Enigma - enigma|joel_billy - honesty|john_elton - sorry seems to be
Em Edim,→ Em,2,15,53,aerosmith - walk this way|Christmas - dance of the sugar plum fairies|jackson_michael - earth song|kiss - god of thunder|Metallica - 2 x 4|Metallica - damage inc|Metallica - enter sandman|Metallica - harvester of sorrow
C#m C#,→ C#m,2,15,31,Alice In Chains - dam that river|Alice In Chains - sludge factory|alice_in_chains - dam that river|alice_in_chains - sludge factory|COUNTRY - betteryourheart|COUNTRY - mywomanmywife|earth_wind_fire - september|gabriele_peter - walk through the fire
A#m Fm,→ A#m,2,15,49,Boston - foreplay|carey_mariah - now that i know|COREL COLLECTION - SPRT 01|doobie_brothers - what a fool believes|Foreigner - Foreigner I'll been waiting...|Foreigner - waiting|Foreigner - Waiting for a Girl Like You|lennox_annie - missionary man
C# Cm,→ C#,2,15,21,carey_mariah - forever|collins_phil - easy lover|COUNTRY - angelsamongus alab|Genesis - easy lover|kiss - rock hard|Mariah Carey - forever|Movie Themes - Flashdance|Movie Themes - Good Bad Ugly
Cm G,→ Cm,2,15,59,COREL COLLECTION - NEWA 11|COUNTRY - endoftheworld|crow_sheryl - tomorrow never dies|Duran Duran - A View to a Kill|fugees - fugeela|guns_%26_roses - estranged|Movie Themes - godfather|Mozart - req9
A D A D E,→ A,5,14,20,ABBA - Waterloo|buffet_jimmy - come monday|COUNTRY - aintthatashame|COUNTRY - bymyside lmorgan|COUNTRY - cottonjenny|COUNTRY - judd strongweakness|COUNTRY - rumorhasit reba|COUNTRY - rumor has it
A E A E D,→ A,5,14,16,Bee Gees - To Love Somebody|The Beatles - With A Little Help From My Friends|Bryan Adams - This Time|cetera_peter - next time i fall|collins_phil - groovy kind of love|COREL COLLECTION - LITE 07|COREL COLLECTION - POP 02|COUNTRY - allyoueverdoisbringmedown
G F C G C,→ G,5,14,22,Cat Stevens - Wild World|Beatles - baby you're a rich man|Beatles - baby you re a rich man|Blink 182 - blink182 allthesmallthings|Bryan Adams - Somebody|CCR - Down On The Corner|COUNTRY - bbryhill|COUNTRY - blueroses
D G C D G,→ D,5,14,24,Elvis Presley - Always On My Mind|America - america lonely people|Bon Jovi - Wanted Dead Or Alive|Christmas - rockin around the christmas tree|COUNTRY - actnaturally buckowens|COUNTRY - backstreeaffair|COUNTRY - brown eye girl|COUNTRY - putyourhead
C G C G Em,→ C,5,14,17,Beatles - baby it's you|Beatles - baby it s you|COUNTRY - amysbckinaustin liltex|COUNTRY - dowadidy|Depech Mode - strange love|depeche_mode - strange love|green_day - good riddance|live - turn my head
A# F C F C,→ A#,5,14,16,Christian Music - family of god|Christian Music - rise again|christian_music - family of god|christian_music - rise again|COUNTRY - arizona|COUNTRY - eaglewhensheflies|COUNTRY - idlove2layudown|osbourne_ozzy - mr crowley
F C F C A#,→ F,5,14,18,Christian Music - family of god|christian_music - family of god|COUNTRY - born2loose|COUNTRY - countmein|COUNTRY - eaglewhensheflies|COUNTRY - idlove2layudown|Enya - Enya enyatune|offspring - gotta get away
D G C D C,→ D,5,14,19,Christian Music - nearer my god to thee|COUNTRY - backstreeaffair|COUNTRY - bd neonmoon|COUNTRY - diana paulanka|COUNTRY - whenwemakelove|COUNTRY - whenwemakelove al|joel_billy - river of dreams|roxette - here comes the weekend
D C G C G,→ D,5,14,19,Christian Music - praise him praise him|Christian Music - the heavenly light|christian_music - praise him praise him|christian_music - the heavenly light|COUNTRY - daydreamnightthings|COUNTRY - dontrockjukebox|COUNTRY - givemeonemorelastchance gill|Duran Duran - the girl from yesterday
D Bm D Bm,→ D,4,14,26,Elvis Presley - If I Can Dream|America - america a horse with no name1|Brandy - i wanna be down|COREL COLLECTION - TECH 03|COUNTRY - mrbojng|dave_matthews_band - don t drink the water|Depech Mode - master and servant|depeche_mode - master and servant
A E F#m E,→ A,4,14,18,King Princess - 1950|a-ha - Take On Me|ABBA - dancing queen|Beach Boys - fun fun fun|beach_boys - fun fun fun|COUNTRY - girlswithguitars judds|earth_wind_fire - september|hootie_and_the_blowfish - hold my hand
Em G C G,→ Em,4,14,19,Neil Young - Heart of Gold|ABBA - does your mother know|ABBA - super trouper|Beatles - in my life|Bob Seger - BobSeger StillSame|COUNTRY - bluemoon|COUNTRY - doesthebluemoonevershineonyou|COUNTRY - dontrockjukebox
Em A Em A,→ Em,4,14,48,R.E.M. - Everybody Hurts|COUNTRY - walkrightback everlys|Def Leppard - armageddon it|def_leppard - armageddon it|hendrix_jimi - purple haze|live - i alone|live - selling the drama|pet_shop_boys - normally
E D A D,→ E,4,14,19,The Beatles - Here Comes The Sun|Chicago - chilook|COUNTRY - 57chevy billyjospears|COUNTRY - aintthatashame|COUNTRY - allmyex gstrait|COUNTRY - babyyourbaby gs|COUNTRY - shenotthecheatingkind|COUNTRY - shesnotcheatking
B E B A,→ B,4,14,24,The Kinks - Waterloo Sunset|COREL COLLECTION - TECH 02|COUNTRY - country heart|COUNTRY - drinkswearstealandlie|COUNTRY - drinkswearstealandlie michaelpeterson|COUNTRY - headscarolina|COUNTRY - headscaroline tailscalifornia jodeemessina|COUNTRY - shesevrywoman
Dm C A# C,→ Dm,4,14,19,Ace Of Base - lucky love|ace_of_base - lucky love|Beatles - there's a place|Beatles - there s a place|collins_phil - in the air tonight|COUNTRY - nobodyknows|Go Gos - Vacation|Madonna - like a prayer
D#m F# D#m F#,→ D#m,4,14,38,Alice In Chains - heaven beside you|alice_in_chains - heaven beside you|Collective Soul - precious declaration|collective_soul - precious declaration|Cyndi Lauper - Girls Just Want to Have Fun|Duran Duran - DuranDuran TheReflex|Duran Duran - reflex|Duran Duran - The Reflex
Em G Em D,→ Em,4,14,18,America - america a horse with no name1|Beat - fantasy|COUNTRY - closeruget|COUNTRY - putyourhead|devo - jerkin' back and forth|devo - jerkin back and forth|Duran Duran - try and love again|Eagles - Try and Love Again
D G C Am,→ D,4,14,27,Atlantic Starr - always|atlantic_starr - always|Bon Jovi - Wanted Dead Or Alive|Chicago - saturdayinthepark|Chicago - saturday in the park|Christian Music - majesty|Christmas - jingle bells|COREL COLLECTION - CLAS 12
G Dm G Dm,→ G,4,14,47,Beach Boys - i get around|beach_boys - i get around|Christmas - chipmunks christmas|Christmas - rudolph the red nosed reindeer|Foreigner - Feels Like the First Time|Foreigner - Foreigner Feels like the first time|Genesis - Misunderstanding|Madonna - Madonna WhosThatGirl
Dm A# Dm A#,→ Dm,4,14,27,"Beat - backassup|collins_phil - in the air tonight|Duran Duran - election day|duran_duran - election day|kiss - rock hard|Madonna - Madonna NothingReallyMatters|Madonna - Madonna SkyFitsHeaven|Phil Collins - Collins, Phil In the air tonight"
G C Dm C,→ G,4,14,18,Beatles - abbey road medley|COUNTRY - babyblue|COUNTRY - babyblues gstrait|COUNTRY - blueeyescryingintherain|COUNTRY - cantstopmyselffromlovingyou|COUNTRY - cantstopmyselffromlovingyou plove|COUNTRY - cryingtime|COUNTRY - tomakeyoufeelmylove
D G Em A,→ D,4,14,18,Beatles - fool on the hill|carey_mariah - miss you most at christmas time|Christian Music - holy city|Christian Music - open our eyes lord|christian_music - holy city|COUNTRY - alwaysonmymind|COUNTRY - bigwheelsrollin cd|COUNTRY - butiwill faith
A E A Bm,→ A,4,14,20,Beatles - norwegian wood|Bee Bees - to love somebody|beegees - to love somebody|CCR - born on the bayou|COUNTRY - dontfallinlovedrm krogers|COUNTRY - dontfallinlovewithadreamer|COUNTRY - enjine9|COUNTRY - everybodyknows trisha
C# Fm C# G#,→ C#,4,14,14,Bee Bees - too much heaven|beegees - too much heaven|Bon Jovi - one sweet day|boys_2_men - one sweet day|Boyz II Men - one sweet day|carey_mariah - forever|carey_mariah - one sweet day|COUNTRY - babyilyed
D E A E,→ D,4,14,19,Blues Brothers - soul man|blues_brothers - soul man|COUNTRY - aintthatashame|COUNTRY - babyyourbaby gs|COUNTRY - dayindayout|COUNTRY - dayindayout davidkersh|COUNTRY - takeplaces|Europe - The Final Countdown
A# G# A# D#,→ A#,4,14,18,Boston - long time|COUNTRY - babysgotherbluejeanson|Disney - Circle Of Life|erasure - oh lamour|grant_amy - everywhere i go|green_day - pulling teeth|john_elton - circle of life|Kenny Loggins - Footloose
C F Dm A#,→ C,4,14,27,Christmas - deck the halls|Counting Crows - raining in baltimore|counting_crows - raining in baltimore|COUNTRY - checkyesorno gstrait|COUNTRY - cheroke1|COUNTRY - dontthinktwice davidball|COUNTRY - stillofthenight|iron_maiden - fear of dark
F Dm A# C,→ F,4,14,31,Christmas - deck the halls|COUNTRY - checkyesorno gstrait|COUNTRY - Don't Laugh At Me (Vern)|COUNTRY - dontthinktwice davidball|COUNTRY - dont laughatme|COUNTRY - eaglewhensheflies|COUNTRY - stillofthenight|dave_matthews_band - two step
F C Dm C,→ F,4,14,18,Christmas - frosty the snowman|COUNTRY - backsaddle|COUNTRY - bluekentuckygirl|COUNTRY - honeycomb|COUNTRY - im2blame mickeygilley|COUNTRY - isthatatear tbyrd|Depech Mode - shake the disease|depeche_mode - shake the disease
G# A# G# D#,→ G#,4,14,18,Coolio - c u when u get there|COUNTRY - heartland|COUNTRY - heartland gstrait|COUNTRY - I'll Think Of(VERN)|COUNTRY - maybehenoticehernow|COUNTRY - tellmewhy|COUNTRY - Whenyousaynothing|COUNTRY - whenyousaynothingatall
E B A B,→ E,4,14,26,"COUNTRY - hard rock bottom of your heart|COUNTRY - headscarolina|COUNTRY - headscaroline tailscalifornia jodeemessina|COUNTRY - kissangelgmorn|COUNTRY - lovewithoutend|COUNTRY - shesevrywoman|grant_amy - big yellow taxi|Johnny Rivers - Rivers,Johnny Memphis1"
Dm D Dm D,→ Dm,4,14,44,filter - hey man nice shot|jamiroquai - half the man|nirvana - stain|pantera - suicide note part 1|pearl_jam - even flow|primus - wynona s big brown beaver|silverchair - israel's son|silverchair - israel s son
E B C#m,→ E,3,14,22,Big Thief - Masterpiece|abdul_paula - rush rush|Bon Jovi - in these arms|cars_the - just what i needed|COREL COLLECTION - MOOD 05|COUNTRY - icanloveubette|COUNTRY - midnightspecial|Dixie Chicks - I Can Love You Better
Bm A E,→ Bm,3,14,75,Chris Isaak - Wicked Game|Mazzy Star - Fade Into You|Billy Idol - BillyIdol WhiteWedding|Billy Idol - Billy Idol White wedding|COUNTRY - blusideoflonesome|COUNTRY - dancinonblvd al|COUNTRY - dancinonthe(VERN)|COUNTRY - shaggingdancingontheboulevard
A C G,→ A,3,14,19,Lana Del Rey - Young And Beautiful|Blues Brothers - soul man|blues_brothers - soul man|brooks_garth - if tomorrow never comes|cocker_joe - summer in the city|def_leppard - photograph|Garth Brooks - if tomorrow never comes|Hanson - thinking of you
D A C#m,→ D,3,14,40,Sia - Unstoppable|The Band - The Weight|The Beatles - Penny Lane|Beat - lately|Beatles - with a little help from my friends|cars_the - let's go|Christofer Cross - Sailing|COUNTRY - aintthatashame
F# C# B,→ F#,3,14,28,Sonny & Cher - I Got You Babe|Cher - Believe|Collective Soul - shine|collective_soul - shine|gabriele_peter - that voice again|gabriele_peter - voice|Genesis - throwing it all away|green_day - christie road
C Am Em,→ C,3,14,18,The La's - There She Goes|Air Supply - Making Love Out Of Nothing|COUNTRY - amysbckinaustin liltex|COUNTRY - ghostridersinthesky|Depech Mode - strange love|depeche_mode - strange love|Genesis - In Too Deep|Journey - send her my love
G F Dm,→ G,3,14,23,ABBA - hamlet 3|Billy Joel - Goodnight Saigon|COREL COLLECTION - MISC 08|COREL COLLECTION - POP 07|COUNTRY - bhamturnaround keithwhitley|houston_whitney - one moment in time|Kenny Loggins - Im Alright|Movie Themes - Air Force One
A G E,→ A,3,14,15,Allman Brothers Band - jessica|Beatles - helpab|CCR - Proud Mary|COUNTRY - chet saltydog|COUNTRY - highlowninbetween|COUNTRY - IAE|COUNTRY - kickalittle|COUNTRY - mountmus al
C Am D,→ C,3,14,31,Allman Brothers Band - whipping post|Boyz II Men - Yesterday|Chicago - saturdayinthepark|Chicago - saturday in the park|Christian Music - majesty|Christian Music - my sins are gone|Genesis - In Too Deep|Journey - Journey Only the young
C A D,→ C,3,14,18,Beat - butterfly|Beatles - your mother should know|carey_mariah - butterfly|christian_music - church in the little green valley|COUNTRY - cowboylove|COUNTRY - The Tennessee Waltz|Eagles - desperado2 garyrogers|Genesis - i can't dance
Dm A# F,→ Dm,3,14,34,Beatles - yesterday|COUNTRY - aintthatlonelyyet|COUNTRY - aintthatlonelyyet tobykeith|COUNTRY - cheroke1|COUNTRY - chillofanearlyfall gs|COUNTRY - Don't Laugh At Me (Vern)|COUNTRY - dont laughatme|Madonna - Madonna NothingReallyMatters
Cm A# D#,→ Cm,3,14,30,Bob Seger - BobSeger BlindLove|Christina Aguilera - I Turn To You|COREL COLLECTION - JAZZ 03|COREL COLLECTION - NEWA 08|COUNTRY - 10000angels|COUNTRY - cottoneyedjoe|cure_the - let's go to bed|cure_the - let s go to bed
D#m B F#,→ D#m,3,14,27,Bon Jovi - bed of roses|carey_mariah - love takes time|Cyndi Lauper - Girls Just Want to Have Fun|Foreigner - Cold as Ice|green_day - christie road|Mariah Carey - love takes time|midnight_oil - beds are burning|midnight_oil - beds burning
F Am A#,→ F,3,14,17,Celine Dion - My Heart Will Go On Techno|COREL COLLECTION - NEWA 02|COUNTRY - dontitmakeyourbrowneyesblue|COUNTRY - dontmakebreyeblue|Cyndi Lauper - I Drove All Night|erasure - always|imbruglia_natalie - torn|meatloaf - bat out of hell
G# D# Fm,→ G#,3,14,19,"collins_phil - i wish it would rain now|COUNTRY - Amazed (Vern)|COUNTRY - babysgottengoodatgoodbye|COUNTRY - bytimephoenix|Lionel Richie - Richie,Lionel SayYouSayMe|Phil Collins - iwishitwouldraindown|Phil Collins - i wish it would rain now|Queen - bohemian rhapsody"
D#m G#,→ D#m,2,14,29,2 Unlimited - workaholic|2_unlimited - workaholic|Alice In Chains - heaven beside you|alice_in_chains - heaven beside you|Beach Boys - i get around|beach_boys - i get around|collins_phil - against all odds|COUNTRY - enginenumber9
C#m G#m,→ C#m,2,14,18,Alice In Chains - sludge factory|alice_in_chains - sludge factory|COREL COLLECTION - LITE 05|COUNTRY - betteryourheart|Destiny's Child - Bugaboo|dire_straits - brothers in arms|gabriele_peter - walk through the fire|Genesis - time table
A A#,→ A,2,14,23,Beatles - being for the benefit of mr kite|Brian Setzer Orchestra - jump jive an wail|cocker_joe - summer in the city|hendrix_jimi - 1983|Joe Cocker - summer in the city|korn - adidas|mamas_and_the_papas - california dreaming|Movie Themes - Schindlers List
F Adim,→ F,2,14,22,Beatles - help things we said today|Ben Folds Five - missing the war|COREL COLLECTION - RBOOGY 1|COUNTRY - amazinggrace|COUNTRY - britney sometimes|COUNTRY - greatballsoffire|guns_%26_roses - welcome to the jungle|Journey - Journey Oh Sherrie
E F,→ E,2,14,20,Big Bad Voodoo Daddy - mambo swing|COREL COLLECTION - INTL 04|dave_matthews_band - so much to say|disney_songs - arabian nights from aladdin|disney_songs - when i fall in love|faith_no_more - midnight cowboy|led_zepplin - babe i'm gonna leave you|oasis - the masterplan
Fm A#m,→ Fm,2,14,50,Boston - foreplay|carey_mariah - now that i know|COREL COLLECTION - SPRT 07|COREL COLLECTION - TECH 04|doors_the - people are strange|Foreigner - Foreigner I'll been waiting...|Foreigner - waiting|Foreigner - Waiting for a Girl Like You
F A#m,→ F,2,14,34,Boston - foreplay|Celine Dion - All By Myself|Christmas - christmas rhapsody|COUNTRY - locomotn old|dion_celine - all by myself|Disney - dukastsa|disney_songs - prince ali from aladdin|Genesis - anyway
Bdim C,→ Bdim,2,14,36,Bush - machine head|Christian Music - god is love|christian_music - god is love|Christmas - holy night|Christmas - oh holy night|COREL COLLECTION - CLAS 10|COUNTRY - banksoftheohio mwillis|COUNTRY - coolwater
G#m D#m,→ G#m,2,14,26,cetera_peter - if you leave me now|Eagles - The Sad Cafe|Genesis - A Trick of the Tail|Genesis - trick of the tail|hornsby_bruce - passing through|Metallica - low man's lyric|Metallica - low man s lyric|Metallica - unforgiven new
C# C,→ C#,2,14,17,COREL COLLECTION - INTL 09|COUNTRY - singingin|erasure - i love saturday|Marc Anthony - Vivir Lo Nuestro|Movie Themes - Nightmare Before Christmas|Movie Themes - Raiders Of The Lost Ark|pearl_jam - hail hail|spice_girls - spice up your life
E B A E A,→ E,5,13,22,Big Thief - Masterpiece|Beatles - boys|Bon Jovi - in these arms|Bon Jovi - someday i'll beurday night|COUNTRY - hankw hglook|jackson_michael - black or white|Madonna - Madonna DrownedWorldSubstituteForLove|Rollin STones - 19th Nervous Breakdown
G C G Am D,→ G,5,13,16,Elvis Presley - Always On My Mind|Chicago - saturday in the park|Christian Music - go tell it on the mountain|christian_music - go tell it on the mountain|clapton_eric - running on faith|COUNTRY - iquit vince|Depech Mode - somebody|depeche_mode - somebody
G C Am G C,→ G,5,13,23,Oasis - Don't Look Back In Anger|The Righteous Brothers - Unchained Melody|Beatles - paperback writer|Bruce Hornsby - The Way It Is|COUNTRY - desprado|COUNTRY - twistnite|COUNTRY - wabashcanball royacuff|hornsby_bruce - way it is
A G D A D,→ A,5,13,17,Patti Smith - Because the Night|Bryan Adams - Cloud No 9|cars_the - let's go|Chumba Wumba - Tubthumping|COUNTRY - dadshands|COUNTRY - lovewithoutend|COUNTRY - somewhere between right and wrong|def_leppard - love and affection
A D G A G,→ A,5,13,17,Ace Of Base - life is a flower|COUNTRY - allineedtoknow kchesney|COUNTRY - Day O|def_leppard - love and affection|green_day - the grouch|houston_whitney - so emotional|led_zepplin - rock and roll|prince - take me with u
G D A G A,→ G,5,13,15,Ace Of Base - life is a flower|Beatles - across the universe|Beatles - anytime at all|Christian Music - joy to the world|christian_music - joy to the world|COUNTRY - dontbestupid|def_leppard - two steps behind|Huey Lewis - Stuck With You
D C D G C,→ D,5,13,16,America - america lonely people|Christian Music - nearer my god to thee|COUNTRY - backstreeaffair|COUNTRY - brown eye girl|COUNTRY - diana paulanka|fleetwood_mac - angel|joel_billy - river of dreams|nicks_stevie - angel
A E B A B,→ A,5,13,17,America - america Sister goldenhair|bolton_michael - heart and soul|carey_mariah - someday|COUNTRY - lovewithoutend|COUNTRY - shesevrywoman|crosby_stills_and_nash - sweet judy blue eyes|green_day - 86|Mariah Carey - someday
G Em C G C,→ G,5,13,15,Beatles - baby it's you|Beatles - baby it s you|Christian Music - for the blind will see|christian_music - for the blind will see|COUNTRY - amysbckinaustin liltex|hornsby_bruce - old playground|live - turn my head|police - every breath you take
F A# C F A#,→ F,5,13,19,Ben Folds Five - missing the war|COUNTRY - blueclearsky jmm|COUNTRY - eaglewhensheflies|COUNTRY - forgivingyouwaseasy willie|COUNTRY - udecoratedmylife krogers|dion_celine - think twice|Movie Themes - My Girl|television_theme_songs - family circus
C F A# C F,→ C,5,13,15,Christian Music - come thou almighty king|Christian Music - trust and obey|christian_music - come thou almighty king|christian_music - trust and obey|COUNTRY - arizona|COUNTRY - donttellmama garyallen|COUNTRY - everybodiestalking|erasure - chains of love
F A# C F C,→ F,5,13,17,Christian Music - come thou almighty king|christian_music - come thou almighty king|COUNTRY - arizona|COUNTRY - blueclearsky jmm|COUNTRY - checkyesorno gstrait|COUNTRY - donttellmama garyallen|COUNTRY - everybodiestalking|COUNTRY - forgivingyouwaseasy willie
A D Bm E,→ A,4,13,21,ABBA - Waterloo|a-ha - take on me|COUNTRY - allmyex gstrait|COUNTRY - fishininthedark|COUNTRY - foolheartedmemory|COUNTRY - rumorhasit reba|COUNTRY - rumor has it|Europe - The Final Countdown
E F#m E A,→ E,4,13,16,"King Princess - 1950|ABBA - dancing queen|Beach Boys - fun fun fun|beach_boys - fun fun fun|doobie_brothers - listen to the music|hootie_and_the_blowfish - hold my hand|Johnny Rivers - Rivers,Johnny PoorSideOfTown4|rolling_stones - satisfaction"
Em B Em B,→ Em,4,13,28,Nazareth - Love Hurts|CCR - I Put A Spell On You|devo - jerkin' back and forth|devo - jerkin back and forth|Genesis - blood on the rooftops|jackson_michael - ghosts|Metallica - master of puppets|Metallica - wherever i may roam
A D A Bm,→ A,4,13,16,Patti Smith - Because the Night|BTO - Aint Seen Nothin Yet|BTO - Hey You|cetera_peter - next time i fall|christian_music - christ whose glory fills the skies|COUNTRY - dontfallinlovedrm krogers|COUNTRY - dontfallinlovewithadreamer|grant_amy - next time i fall
A E D E,→ A,4,13,18,Sufjan Stevens - Fourth of July|ABBA - chiquitita|aerosmith - crazy|Carpenters - hurting each other|carpenters_the - hurting each other|COUNTRY - babyyourbaby gs|COUNTRY - blusideoflonesome|COUNTRY - bymyside lmorgan
F C Am C,→ F,4,13,24,The Beatles - Let It Be|ABBA - like an angel passing through my room|ABBA - like an angel pŠugh my room|COUNTRY - crich behind|Huey Lewis - Stuck With You|lewis_huey_and_the_news - stuck with you|Mike And The Mechanics - All I Need Is a Miracle|mike_and_the_mechanics - all i need is a miracle
G D Em C,→ G,4,13,29,The Cranberries - Zombie|aerosmith - what it takes|Christian Music - our god is an awesome god|COUNTRY - amazed lonestar|COUNTRY - BeachCheyenne|COUNTRY - canitrustuwithmyhrt|COUNTRY - cantItrustyouwithmyheart|COUNTRY - countryroads
E Bm E Bm,→ E,4,13,33,a-ha - Take On Me|a-ha - take on me|Beatles - daytripper|brooks_meridith - bitch|CCR - born on the bayou|jackson_michael - wanna be startin something|MatchBox 20 - Bent|Meridith Brooks - bitch
C Em D G,→ C,4,13,15,ABBA - eagle|christian_music - great and mighty is the lord|Eagles - Desperado|Foreigner - watluvis|hornsby_bruce - mandolin rain|joel_billy - piano man classical version|Journey - Journey Be good to yourself|lennox_annie - don't ask me why
G D G Bm,→ G,4,13,28,Ace Of Base - Dont Turn Around|Ace Of Base - don t turn around|ace_of_base - don't turn around|Christian Music - jesus jesus how i love thee|christian_music - jesus jesus how i love thee|christian_music - tis so sweet to trust in jesus|doors_the - light my fire|goo_goo_dolls - iris
A# C Dm C,→ A#,4,13,16,Ace Of Base - lucky love|ace_of_base - lucky love|Bon Jovi - keepthefaith|Bon Jovi - keep the faith bon jovi|Bon Jovi - keep the faith|Bon Jovi - kepfaith|Celine Dion - My Heart Will Go On Techno|COUNTRY - nobodyknows
C Dm C A#,→ C,4,13,18,Ace Of Base - lucky love|ace_of_base - lucky love|Bon Jovi - keepthefaith|Bon Jovi - keep the faith bon jovi|Bon Jovi - keep the faith|Bon Jovi - kepfaith|Celine Dion - My Heart Will Go On Techno|Go Gos - Vacation
D# C# D# C#,→ D#,4,13,19,aerosmith - dream on|Alice In Chains - what the hell have i|alice_in_chains - what the hell have i|carey_mariah - jesus born on this day|COUNTRY - bothsides ofthestory|COUNTRY - rainynitga|COUNTRY - SheThinksMyTractorSexy|dion_celine - the power of love
Em G Em C,→ Em,4,13,16,"Alice In Chains - nutshell|alice_in_chains - nutshell|COUNTRY - ghostridersinthesky|Cranberries - Zombie|daft_punk - around the world|dave_matthews_band - typical situation|Lionel Richie - Richie,Lionel Hello1|Movie Themes - James Bond"
G Bm G D,→ G,4,13,29,"All 4 One - i swear|all_4_one - i swear|Billy Joel - Joel, Billy Just the way you are|Christian Music - jesus jesus how i love thee|christian_music - jesus jesus how i love thee|christian_music - tis so sweet to trust in jesus|fleetwood_mac - man of the world|Genesis - driving the last spike"
E A F#m A,→ E,4,13,17,Beat - tha cros|beegees - how can you mend a broken heart|Bone - tha crossroads|COUNTRY - chataho|COUNTRY - chattahoochie|COUNTRY - smessage|Depech Mode - enjoy the silence|depeche_mode - enjoy the silence
C G Em D,→ C,4,13,22,Beatles - love me do|Bryan Adams - One Night Love Affair|Celine Dion - Thats The Way It Is|Christian Music - there is none like you|christian_music - there is none like you|clapton_eric - running on faith|COUNTRY - countryroads|COUNTRY - divorce
Fm G# Fm G#,→ Fm,4,13,90,Bee Bees - stayin alive|beegees - stayin alive|Bone - days of our livez|Destiny's Child - Say My Name|erasure - i love saturday|Madonna - causing a commotion|Madonna - Madonna CausingACommotion|Madonna - Madonna PapaDontPreach
Gm D# Gm D#,→ Gm,4,13,39,Blackstreet - good lovin|COUNTRY - byebye|COUNTRY - byebye jodeemessina|Cranberries - salvation|disney_songs - listen with your heart|erasure - always|police - don t stand so close to you|smashing_pumpkins - soothe
G Am C Am,→ G,4,13,16,Blues Traveller - crash and burn|blues_traveller - crash and burn|Bob Seger - BobSeger TillItShines|COUNTRY - Breathe|COUNTRY - breathe faith jens niehues|jethro_tull - sweet dreams|pantera - hollow|SEAL - Fly Like An Eagle
A F#m D E,→ A,4,13,24,Celine Dion - Tell Him|Chicago - chilook|clapton_eric - signe|COUNTRY - amanthislonely bnd|COUNTRY - bymyside lmorgan|COUNTRY - dontfallinlovedrm krogers|COUNTRY - dontfallinlovewithadreamer|COUNTRY - houston
G# D# G# A#,→ G#,4,13,17,Christian Music - to god be the glory|christian_music - to god be the glory|Christmas - chestnuts roasting on an open fire|Coolio - c u when u get there|COUNTRY - afoolsuchasi|COUNTRY - Whenyousaynothing|COUNTRY - whenyousaynothingatall|Duran Duran - come undone
G C G Dm,→ G,4,13,14,Christmas - rudolph the red nosed reindeer|clapton_eric - white room|COUNTRY - rhinestonecowboy|doors_the - the end|Eric Clapton - white room|kiss - beth|Madonna - Madonna WhosThatGirl|Madonna - who s that girl
A# C F Dm,→ A#,4,13,24,Counting Crows - raining in baltimore|counting_crows - raining in baltimore|COUNTRY - checkyesorno gstrait|COUNTRY - Don't Laugh At Me (Vern)|COUNTRY - dont laughatme|COUNTRY - stillofthenight|iron_maiden - fear of dark|omd - enola gay
F# C# G# C#,→ F#,4,13,21,COUNTRY - babyilyed|COUNTRY - beautifulbody|COUNTRY - believemebaby|COUNTRY - brotherjukebox mchestnut|COUNTRY - whiskeyriver willie|Pointer Sisters - Fire|Tori Amos - here in my head|Trisha Yearwood - Believe Me Baby I Lied
F Em F Em,→ F,4,13,34,COUNTRY - whatthecowgirlsdo gill|cure_the - six different ways|Cyndi Lauper - Time after Time|Duran Duran - i can't tell you why|Eagles - i can't tell you why|Eagles - I Cant Tell You Why|Eagles - i can t tell you why|live - lightning crashes
E G D,→ E,3,13,31,"David Bowie - Moonage Daydream|adams_bryan - can't stop this thing we started|Beatles - eight days a week|Beatles - me and my monkey|Billy Joel - Joel, Billy Just the way you are|Bryan Adams - Cant Stop That Thing We Sta|COUNTRY - whatdoyouknowaboutlove|cure_the - a kind of magic"
D E G,→ D,3,13,30,"David Bowie - Moonage Daydream|adams_bryan - can't stop this thing we started|Beatles - eight days a week|Billy Joel - Joel, Billy Just the way you are|Bryan Adams - Cant Stop That Thing We Sta|COUNTRY - dadshands|COUNTRY - sheandi al|Genesis - No Son of Mine"
G F Em,→ G,3,13,27,Jackson Browne - Late For The Sky|Seals & Crofts - Summer Breeze|ABBA - i wonder|Beatles - a day in the life|COUNTRY - boysnme sawyer|COUNTRY - CheapSeats|COUNTRY - cheapseats al|kiss - i was made for lovin you
F Dm G,→ F,3,13,21,John Lennon - Watching The Wheels|ABBA - hamlet 3|Billy Joel - Goodnight Saigon|COUNTRY - bhamturnaround keithwhitley|COUNTRY - whosbed|Kenny Loggins - Im Alright|morisette_alanis - hand in my pocket|Movie Themes - Forrest Gump
C D Am,→ C,3,13,32,Johnny Cash - Hurt|Christmas - a merry little christmas|Christmas - have yourself a merry little christmas|COUNTRY - asanyfoolcansee tlaw|Eagles - Already Gone|Genesis - domino|led_zepplin - rock and roll|REM - Great Beyond
A Bm G,→ A,3,13,57,Lana Del Rey - Young And Beautiful|Patti Smith - Because the Night|Backstreet Boys - quit playing games|backstreet_boys - quit playing games|BareNaked Ladies - Shoe Box|Genesis - Entangled|Metallica - damage inc|police - every little thing
Dm C G,→ Dm,3,13,24,Red Hot Chili Peppers - Californication|Bon Jovi - blaze of glory|Bryan Adams - When Youre Gone|COREL COLLECTION - POP 06|COUNTRY - 26cents|COUNTRY - bigwheelsrollin cd|COUNTRY - givemeonemorelastchance gill|COUNTRY - happytrails
Am Em G,→ Am,3,13,18,Tate McRae - Teenage Mind|America - America TinMan|Christian Music - calvary s love|christian_music - calvary's love|Christmas - greensleeves|dave_matthews_band - crush|doors_the - spanish caravan|kiss - sure know something
B E F#m,→ B,3,13,15,The Beatles - All My Loving|COUNTRY - countryclub|COUNTRY - shakethesugartree|Duran Duran - new kid in town|Eagles - New Kid in Town|foo_fighters - my hero|Men at Work - Who Can It Be Now|Movie Themes - Eye Of The Tiger
G Em Am,→ G,3,13,18,ABBA - does your mother know|Beat - CantTouchThis|Boston - more than a feeling|Counting Crows - anna begins|counting_crows - anna begins|COUNTRY - BeachCheyenne|COUNTRY - tenxmas al|kiss - sure know something
G A F#m,→ G,3,13,23,adams_bryan - summer of 69|COUNTRY - allineedtoknow kchesney|COUNTRY - bluemoon|COUNTRY - buymearose|COUNTRY - buymearose kennyrogers|COUNTRY - doesthebluemoonevershineonyou|COUNTRY - istillbelieveinyou vgill|COUNTRY - keepstars
E A C#m,→ E,3,13,13,"adams_bryan - thought i'd died and gone to heaven|Beatles - and your bird can sing|COREL COLLECTION - LITE 05|COUNTRY - bymyside lmorgan|COUNTRY - crossmyheart gs|COUNTRY - endoftheworld|COUNTRY - idontevenknow ajackson|Johnny Rivers - Rivers,Johnny PoorSideOfTown4"
C# A#m F#,→ C#,3,13,20,Alice In Chains - i stay away|alice_in_chains - i stay away|Boston - foreplay|COREL COLLECTION - NEWA 06|dion_celine - because you loved me|emerson_lake_and_palmer - the endless enigma|Foreigner - Foreigner I wanna know what love is|fugees - ready or not
Am D C,→ Am,3,13,26,Allman Brothers Band - whipping post|BabyFace - babyface when|Chicago - saturdayinthepark|Chicago - saturday in the park|COUNTRY - iftomorrownevercomes|Don Henley - end of innocence|guns_%26_roses - dust n bones|inxs - the swing
D C Am,→ D,3,13,23,Allman Brothers Band - whipping post|Chicago - saturdayinthepark|Chicago - saturday in the park|Christian Music - my sins are gone|disney_songs - can't wait to be king|disney_songs - can t wait to be king|Genesis - In Too Deep|Journey - separate ways worlds apart
Am G Em,→ Am,3,13,20,Beat - CantTouchThis|Bon Jovi - Shes A Little Runaway|collins_phil - just another day in paradise|COREL COLLECTION - INTL 19|garbage - push it|nirvana - school|REM - driver 8|REM - losereli
G D F#m,→ G,3,13,20,Beatles - anytime at all|carey_mariah - there's got to be a way|COREL COLLECTION - JAZZ 06|COUNTRY - amarillobymorning gs|COUNTRY - ivebeentryin 2getoveru vince|COUNTRY - openarms|COUNTRY - whenyoubelieve mariah whitney|Cranberries - ode to my family
G C Bm,→ G,3,13,18,Beatles - magical mystery tour|Billy Joel - Shes Got a Way|Christian Music - bring back the springtime|christian_music - bring back the springtime|COUNTRY - fromdist|COUNTRY - shesgotaway|COUNTRY - yardsale2|hole - doll parts
C Gm F,→ C,3,13,18,Beatles - when i'm 64|Beatles - when i m 64|BTO - Takin Care Of Business|clapton_eric - white room|COUNTRY - goaway|COUNTRY - go awaywaitaminute|COUNTRY - halfasmuch|COUNTRY - pc walkin
G F#m Em,→ G,3,13,17,"bolton_michael - go the distance|brooks_garth - the dance|COUNTRY - anniessong johndenver|COUNTRY - unansweredprayers|COUNTRY - up2|Garth Brooks - the dance|Garth Brooks - uanswered prayer|Johnny Rivers - Rivers,Johnny PoorSideOfTown5"
F# D#m B,→ F#,3,13,27,Brian McKnight - Anytime|carey_mariah - love takes time|COUNTRY - It Matters(VERN)|Cyndi Lauper - Girls Just Want to Have Fun|Foreigner - Cold as Ice|green_day - christie road|Mariah Carey - love takes time|smashing_pumpkins - tonight tonight
D A B,→ D,3,13,16,buffet_jimmy - come monday|Christian Music - what child is this|christian_music - what child is this|COUNTRY - comemon|COUNTRY - evrgreen|COUNTRY - icanloveubette|Jimmy Buffet - come monday|led_zepplin - good times bad times
D# A# Cm,→ D#,3,13,21,carey_mariah - endless love|COUNTRY - amilosingyou|COUNTRY - AmIosingyou|COUNTRY - dannyboy|COUNTRY - therose|cure_the - let's go to bed|cure_the - let s go to bed|Enigma - enigma
F# B G#m,→ F#,3,13,16,cetera_peter - if you leave me now|Christian Music - lamb of glory|COUNTRY - detroitcty|COUNTRY - ibelieve|COUNTRY - manfeelwoman|fatboy_slim - praise you|Foreigner - Foreigner Cold as ice|hootie_and_the_blowfish - only wanna be with you
C# B F#,→ C#,3,13,21,Cher - Believe|Collective Soul - shine|collective_soul - shine|Genesis - throwing it all away|green_day - christie road|guns_%26_roses - knockin on heaven s door|guns_%26_roses - sweet child o mine|presidents_of_the_usa - lump
G# D# Cm,→ G#,3,13,25,Christian Music - to god be the glory|christian_music - to god be the glory|collins_phil - saturday night and sunday morning|Coolio - c u when u get there|COUNTRY - threetimes|Cyndi Lauper - All Through the Night|mclachlan_sarah - adia|richie_lionel - three times a lady
Dm C A#,→ Dm,3,13,18,"christian_music - rose of sharon so precious to me|collins_phil - in the air tonight|COUNTRY - ladydownonlove al|mike_and_the_mechanics - silent running|Phil Collins - Collins, Phil In the air tonight|Phil Collins - in the air tonight|styx - blue collar man (long nights)|television_theme_songs - hawaii 5 0"
A G Bm,→ A,3,13,19,COREL COLLECTION - LITE 13|COUNTRY - openarms|cure_the - kyoto song|eve_6 - inside out|Genesis - three sides live medley|hootie_and_the_blowfish - time|Journey - open arms|Rod Stewart - Someone Like You
Bm F#,→ Bm,2,13,34,Patti Smith - Because the Night|R.E.M. - Everybody Hurts|Beat - bills|Broadway Shows - think of me|broadway_shows - think of me|carey_mariah - melt away|COUNTRY - shakethesugartree|Destiny's Child - Bills Bills Bills
F# Bm,→ F#,2,13,33,R.E.M. - Everybody Hurts|Radiohead - Exit Music (For A Film)|Beat - bills|Beatles - only a northern song|COUNTRY - shakethesugartree|Destiny's Child - Bills Bills Bills|Eagles - Eagles HotelCalifornia|Eagles - Eagles HotelCalifornia2
B C,→ B,2,13,35,The Moody Blues - Nights In White Satin|Beatles - being for the benefit of mr kite|Beatles - mean mr mustard|COUNTRY - dreamsof everyday housewife|COUNTRY - papalovedmama(VERN)|Garth Brooks - pap loves mama|Genesis - Turn it on Again|level_42 - the sun goes down
D F,→ D,2,13,20,aerosmith - pink|Bangles - Bangles eternal flame|Beatles - something|COUNTRY - eternal|Foreigner - Foreigner Hot Blooded|Go Gos - We Got the Beat|Mariah Carey - Thank God I Found You|Motley Crue - motleypublic
C F#dim,→ C,2,13,15,Atlantic Starr - always|atlantic_starr - always|COUNTRY - hardworkinman|Disney - March Of The Gladiators|grant_amy - i will remember you|Mozart - req5|Olivia Newton John - I Honestly Love You|pearl_jam - animal
Gm Fm,→ Gm,2,13,40,Barry Manilow - Copacabana|Blackstreet - good lovin|Christofer Cross - Ride Like the Wind|collins_phil - one more night|Duran Duran - pretty maids all in a row|Eagles - Pretty Maids All In a Row|Genesis - hold on my heart|manilow_barry - copacabana
Fm Gm,→ Fm,2,13,38,Barry Manilow - Copacabana|Blackstreet - good lovin|COREL COLLECTION - TECH 01|Duran Duran - pretty maids all in a row|Eagles - Pretty Maids All In a Row|manilow_barry - copacabana|Movie Themes - eyeofthe|Movie Themes - tiger
G D#,→ G,2,13,39,beach_boys - i just wasnt made for these times|Beat - books|Blur - girls and boys|COUNTRY - countryboy skaggs|COUNTRY - ilikeitloveit|crow_sheryl - tomorrow never dies|disney_songs - duck tales theme|FUNK - Thats the Way I Like It
A A#dim,→ A,2,13,13,Bee Bees - to love somebody|beegees - to love somebody|Billy Joel - Uptown Girl|Blues Brothers - everybody needs somebody|blues_brothers - everybody needs somebody|carey_mariah - make it happen|Christian Music - my god and i|COUNTRY - enjine9
D# F#,→ D#,2,13,29,"Black Sabbath - ironman|black_sabbath - ironman|jackson_michael - stranger in moscow|Lionel Richie - Richie,Lionel SayYouSayMe1|Movie Themes - Young Guns|prince - bat dance|styx - mr roboto|TLC - Redlight Special"
A D#dim,→ A,2,13,31,Blackstreet - no diggity|COUNTRY - blueyescrying|COUNTRY - wakeup lilsuzie everlybros|Duran Duran - DuranDuran TheReflex|Duran Duran - reflex|Duran Duran - The Reflex|duran_duran - reflex|gaye_marvin - what's going on
Am Bdim,→ Am,2,13,33,Bush - machine head|cure_the - six different ways|Genesis - get 'em out by friday|Genesis - get em out by friday|led_zepplin - stairway to heaven|Metallica - escape|Movie Themes - Schindlers List|pearl_jam - mankind
F C F C G,→ F,5,12,26,Billy Joel - Piano Man|The Beatles - Let It Be|ABBA - hamlet 3|Bryan Adams - Have You Ever Really Loved|COUNTRY - anymore|COUNTRY - isthatatear tbyrd|COUNTRY - rainynights erabbit|Queen - days of our lives
A E A D E,→ A,5,12,16,Bonnie Raitt - John Prine - Angel from Montgomery|Billy Joel - You May Be Right|COUNTRY - 57chevy billyjospears|COUNTRY - babyyourbaby gs|COUNTRY - battleneworl|COUNTRY - bd bootscoot big|COUNTRY - blame hwy101|COUNTRY - foolheartedmemory
D G D C G,→ D,5,12,17,Cat Stevens - Father And Son|Johnny Nash - I Can See Clearly Now|Taylor Swift - Lover|The La's - There She Goes|Van Morrison - And It Stoned Me|America - America TinMan|clapton_eric - wonderful tonight|COUNTRY - almost persuaded
B E B A E,→ B,5,12,23,Céline Dion - My Heart Will Go On|carey_mariah - someday|COUNTRY - hard rock bottom of your heart|COUNTRY - headscarolina|COUNTRY - headscaroline tailscalifornia jodeemessina|COUNTRY - shesevrywoman|Mariah Carey - someday|oasis - shakermaker
G D C G C,→ G,5,12,20,"Grateful Dead - Ripple|Beatles - love me do|Christian Music - the heavenly light|christian_music - the heavenly light|COUNTRY - daydreamnightthings|COUNTRY - dontrockjukebox|jethro_tull - cross eyed mary|Johnny Rivers - Rivers,Johnny MidnightSpecial3"
G D C G D,→ G,5,12,16,Johnny Nash - I Can See Clearly Now|America - America TinMan|buffet_jimmy - when the volcano blows|Christmas - away in a manger|COUNTRY - allmylov|COUNTRY - almost persuaded|COUNTRY - bouqofroses|COUNTRY - daydreamnightthings
A G D G D,→ A,5,12,15,The Pogues - Fairytale of New York|Ace Of Base - life is a flower|Beach Boys - i get around|beach_boys - i get around|Beatles - we can work it out|Beatles - why don't we do it in the road|brown_james - i feel good|Christmas - first noel
D# A# D# F A#,→ D#,5,12,17,ABBA - move on|Barry Manilow - Mandy|Beatles - revolution|carey_mariah - endless love|Christian Music - standing on the promises|christian_music - standing on the promises|COUNTRY - behindcloseddoors|four_seasons - rag doll
A G D A G,→ A,5,12,15,Beatles - across the universe|Beatles - anytime at all|Christian Music - joy to the world|christian_music - joy to the world|COUNTRY - coalminersdaughter|COUNTRY - week2|def_leppard - two steps behind|hendrix_jimi - 1983
C Dm G C G,→ C,5,12,14,Beatles - i don't want to spoil the party|Beatles - paperback writer|byrds_the - turn turn|Christmas - holy joly christmas|COUNTRY - deepnheartoftes|COUNTRY - ruby shoestown krogers|COUNTRY - soncaldaddy|houston_whitney - one moment in time
E A D A D,→ E,5,12,16,carey_mariah - if it's over|COREL COLLECTION - WEST 08|COUNTRY - aintthatashame|COUNTRY - cottonjenny|COUNTRY - rumorhasit reba|COUNTRY - rumor has it|COUNTRY - tempted|gin_blossoms - jealousy
C A# F C F,→ C,5,12,15,Christian Music - family of god|Christian Music - he s everything to me|christian_music - family of god|christian_music - he's everything to me|COREL COLLECTION - MISC 11|COUNTRY - countmein|COUNTRY - idlove2layudown|Genesis - duke's end
A# F A# C F,→ A#,5,12,17,Christian Music - largo|COUNTRY - blueclearsky jmm|COUNTRY - eaglewhensheflies|COUNTRY - udecoratedmylife krogers|meatloaf - bat out of hell|Movie Themes - My Girl|television_theme_songs - family circus|television_theme_songs - twin peaks
G C Em Am,→ G,4,12,19,Bruno Mars - Count On Me|fleetwood_mac - dreams|Foreigner - watluvis|nicks_stevie - dreams|pantera - hollow|REM - losereli|REM - Losing My Religion|soul_asylum - runaway train
G Em Am D,→ G,4,12,23,Cat Stevens - Father And Son|98 Degrees - I Do Cherish You|Barry Manilow - BarryManilow CantSmileWithoutYou|COUNTRY - bluesman aj|COUNTRY - bouqofroses|COUNTRY - clown conway|COUNTRY - dontclos|Duran Duran - tequila sunrise
Em D C D,→ Em,4,12,16,Finneas - Break My Heart Again|Rod Stewart - Reason To Believe|Christian Music - come all ye faithful|christian_music - come all ye faithful|kansas - dust in the wind|Metallica - the outlaw torn|Metallica - The Outlaw Torn (Metallica)|Steve Winwood - Higher Love
G Am G F,→ G,4,12,16,Jeremy Zucker - Comethru|Led Zeppelin - D’yer Mak’er|Psycho Killer - Talking Heads|R.E.M. - Losing My Religion|clapton_eric - bellbottom blues|COUNTRY - isthatatear tbyrd|COUNTRY - rhinestonecowboy|Depech Mode - everything counts
B E B F#,→ B,4,12,22,Neil Diamond - Sweet Caroline|Beach Boys - fun fun fun|beach_boys - fun fun fun|COUNTRY - burythehatchet|COUNTRY - detroitcty|COUNTRY - stillcare|COUNTRY - Whatdoyousaytothat|fleetwood_mac - i don't want to know
C F G Am,→ C,4,12,14,Oh Shenandoah|Carpenters - yesterday once more|carpenters_the - yesterday once more|cocker_joe - the letter|Joe Cocker - the letter|lennox_annie - here comes the rain again|Movie Themes - Addicted To Love|palmer_robert - addicted to love
D A D Em,→ D,4,12,21,Pink - Just Give Me A Reason|Bangles - manic monday|Beatles - twist and shout|cocker_joe - with a little help from my friends|COUNTRY - sclausestillbelieveinu al|COUNTRY - whyhaventiheardfromyou reba|Genesis - carpet crawl|television_theme_songs - wonder years
F# B F# C#,→ F#,4,12,21,Sonny & Cher - I Got You Babe|aerosmith - janie's got a gun|aerosmith - janie s got a gun|COUNTRY - It Matters(VERN)|COUNTRY - itmatters2me faith|COUNTRY - whermigonnalive|foo_fighters - my poor brain|green_day - she
F# C# F# B,→ F#,4,12,18,Sonny & Cher - I Got You Babe|aerosmith - janie's got a gun|aerosmith - janie s got a gun|Christian Music - each for the other|christian_music - each for the other|COUNTRY - ceremony|COUNTRY - itwouldnthurt mchestnut|foo_fighters - my poor brain
A D E D,→ A,4,12,22,The Beatles - Strawberry Fields Forever|buffet_jimmy - come monday|COUNTRY - 57chevy billyjospears|COUNTRY - comemon|COUNTRY - mountmus al|Jimmy Buffet - come monday|Movie Themes - Breakfast Club|oasis - wonder wall
D G D Bm,→ D,4,12,14,The Pogues - Fairytale of New York|alan_parsons_project - eye in the sky|Christian Music - give thanks|christian_music - give thanks|christian_music - give thanks with a greatful heart|COUNTRY - crich behind|COUNTRY - longnec|dave_matthews_band - don t drink the water
F C F Em,→ F,4,12,16,ABBA - i wonder|COUNTRY - rainynights erabbit|Cyndi Lauper - Time after Time|Duran Duran - i can't tell you why|Eagles - i can't tell you why|Eagles - I Cant Tell You Why|Eagles - i can t tell you why|steve_miller_band - take the money and run
C A# C Dm,→ C,4,12,17,Ace Of Base - lucky love|ace_of_base - lucky love|Air Supply - Even The Nights Are Better|Bon Jovi - keepthefaith|Bon Jovi - keep the faith bon jovi|Bon Jovi - keep the faith|Bon Jovi - kepfaith|COUNTRY - nobodyknows
F#m A E A,→ F#m,4,12,13,adams_bryan - run to you|Air Supply - Two Less Lonely People|Beatles - a taste of honey|Bryan Adams - Run To You|COUNTRY - alittletoolate|COUNTRY - itsalittle2late tanya|Duran Duran - love will alwayep us alive|Eagles - love will always keep us alive
D F#m D F#m,→ D,4,12,45,aerosmith - crazy|Beat - g thang|COUNTRY - allineedtoknow kchesney|COUNTRY - alwaysonmymind|doctor_dre - ain't nuthin but a g thang|doctor_dre - ain t nuthin but a g thang|iron_maiden - aces high|jackson_michael - billie jean
D C Am C,→ D,4,12,19,Alice In Chains - don t follow|alice_in_chains - don't follow|clapton_eric - wonderful tonight|COUNTRY - fadedpictureson thewall|Don Henley - end of innocence|Duran Duran - lyin' eyes|Eagles - lyin' eyes|Eagles - Lyin Eyes
Bm D Bm D,→ Bm,4,12,23,America - america a horse with no name1|Billy Idol - BillyIdol WhiteWedding|Brandy - i wanna be down|COREL COLLECTION - TECH 03|Depech Mode - master and servant|depeche_mode - master and servant|emerson_lake_and_palmer - father christmas|Hanson - If Only
F C Dm A#,→ F,4,12,28,Aqua - my oh my|COUNTRY - aintthatlonelyyet|COUNTRY - aintthatlonelyyet tobykeith|erasure - always|Go Gos - Vacation|jewel - foolish games|Madonna - like a prayer|Madonna - Madonna LikeAPrayer
C F D G,→ C,4,12,21,BabyFace - babyface everytime|Beatles - from me to you|Christian Music - over the sunset mountains|COREL COLLECTION - SEA 05|COUNTRY - beautdreamer|COUNTRY - born2loose|COUNTRY - dourememberthese|COUNTRY - goaway
B F#m B F#m,→ B,4,12,46,Bangles - walklikeanegyptian|Bangles - walk like an egyptian|Beatles - a taste of honey|colvin_shawn - sunny came home|garbage - stupid girl|Movie Themes - Eye Of The Tiger|Movie Themes - rocky|Shawn Colvin - sunny came home
Dm C Dm F,→ Dm,4,12,13,Beach Boys - surfs up|beach_boys - surfs up|Celine Dion - Its All Coming Back To Me|Christmas - do you hear what i hear|dion_celine - it's all coming back to me now|rolling_stones - angie|Sting - we'll be together|Sting - we ll be together
A# Cm A# Cm,→ A#,4,12,55,Beat - honey|carey_mariah - honey|COUNTRY - myboyfrnds|COUNTRY - therose|Enya - Enya OricalFlows|Enya - orinocoflow|grant_amy - baby baby|Madonna - rain
A# Gm A# Gm,→ A#,4,12,44,Beat - summer|clapton_eric - i shot the sheriff|dj_jazzy_jeff - summer time|Eric Clapton - i shot the sheriff|Lou Bega - I Got A Girlfriend Everywhe|MatchBox 20 - Real World|Movie Themes - Austin Powers|nirvana - in bloom
C G C Dm,→ C,4,12,16,Beatles - abbey road medley|COUNTRY - babyblue|COUNTRY - babyblues gstrait|COUNTRY - blueeyescryingintherain|COUNTRY - tomakeyoufeelmylove|Disney - Hakuna Matata|Eagles - Best of My Love|Genesis - never a time
G E G E,→ G,4,12,23,Beatles - magical mystery tour|Bobby Brown - my perogative|brown_bobby - my perogative|dave_matthews_band - halloween|hornsby_bruce - the long race|led_zepplin - no quarter|nirvana - milk it|Santana - Smooth
Dm G C F,→ Dm,4,12,19,Beatles - misery|Billy Joel - Movin Out|Celine Dion - Its All Coming Back To Me|christian_music - great and mighty is the lord|COUNTRY - bhamturnaround keithwhitley|COUNTRY - lovesickblues|COUNTRY - rosegarden lynnanderson|dion_celine - it's all coming back to me now
E B E F#m,→ E,4,12,15,Big Mr - to be with you|big_mr - to be with you|buffet_jimmy - changes in latitude|COUNTRY - b4imetu|COUNTRY - changesin latitudes changesin attitudes|COUNTRY - tempted|Jimmy Buffet - changes in latitude|radiohead - high and dry
D# F A# F,→ D#,4,12,19,carey_mariah - endless love|Christian Music - low in the grave he lay|COREL COLLECTION - ROCK 06|COREL COLLECTION - ROCK 08B|COUNTRY - amazes|COUNTRY - byebye|COUNTRY - byebye jodeemessina|four_seasons - rag doll
C# D#m C# D#m,→ C#,4,12,19,carey_mariah - without you|Genesis - invisible touch|green_day - when i come around|jewel - near you always|lennox_annie - it's all right|lennox_annie - it s all right|Mariah Carey - without you|Righteoud Brothers - RighteousBrothers You'veLostThatLovinFeeling(60s)
A Bm A E,→ A,4,12,16,CCR - born on the bayou|COUNTRY - cowboycad|COUNTRY - dontfallinlovedrm krogers|COUNTRY - dontfallinlovewithadreamer|COUNTRY - enjine9|COUNTRY - sumblue|COUNTRY - summertimeblues aljack|television_theme_songs - step by step
G A G C,→ G,4,12,16,Christian Music - i m not alone|christian_music - i'm not alone|cocker_joe - you are so beautiful|COUNTRY - almost persuaded|COUNTRY - lovegetsmeeverytime|def_leppard - photograph|Disney - Main St Electrical Parade|Joe Cocker - you are so beautiful
G Am G D,→ G,4,12,14,Christian Music - oh come oh come emmanuel|Counting Crows - anna begins|counting_crows - anna begins|COUNTRY - amysbckinaustin liltex|COUNTRY - backroads rickvsheldon|COUNTRY - donttellmewhattodo|COUNTRY - donttel himwha2do ptillis|john_elton - nikita
Dm A# C F,→ Dm,4,12,28,Christmas - deck the halls|COUNTRY - checkyesorno gstrait|COUNTRY - Don't Laugh At Me (Vern)|COUNTRY - dontthinktwice davidball|COUNTRY - dont laughatme|COUNTRY - stillofthenight|Movie Themes - Phantom Of The Opera|omd - enola gay
F C F Am,→ F,4,12,16,COUNTRY - aroomfullofroses|COUNTRY - chillofanearlyfall gs|disney_songs - new baroqur|grant_amy - doubly good to you|inxs - never tear us apart|nicks_stevie - rhiannon|prince - little red corvette|reel_big_fish - she has a girlfriend now
D Dm D Dm,→ D,4,12,36,jamiroquai - half the man|led_zepplin - kashmire|nirvana - stain|offspring - way down the line|pearl_jam - even flow|primus - wynona s big brown beaver|television_theme_songs - acapulco heat|television_theme_songs - gadget
G C Cm,→ G,3,12,29,Mariah Carey - All I Want For Christmas|brooks_garth - if tomorrow never comes|Christian Music - fill my cup|christian_music - fill my cup|cocker_joe - you are so beautiful|COUNTRY - guysdoitalltime mindymc|extreme - more than words|Garth Brooks - if tomorrow never comes
C Cm G,→ C,3,12,22,Mariah Carey - All I Want For Christmas|Beatles - eleanor rigby|Christian Music - fill my cup|christian_music - fill my cup|cocker_joe - you are so beautiful|COUNTRY - diana paulanka|COUNTRY - guysdoitalltime mindymc|extreme - more than words
D# F Gm,→ D#,3,12,23,ABBA - summer night city|abdul_paula - opposites attract|COUNTRY - godspent|dion_celine - any other way|houston_whitney - i have nothing at all|jackson_michael - liberean girl|kiss - creatures of the night|Paula Abdul - opposites attract
Dm C Em,→ Dm,3,12,16,ABBA - super trouper|byrds_the - turn turn|Celine Dion - Immortality|christian_music - great and mighty is the lord|Christmas - deck the halls|COUNTRY - bluemoon|COUNTRY - doesthebluemoonevershineonyou|kansas - dust in the wind
A# Dm F,→ A#,3,12,18,Beat - tupac californialoveremix|Christian Music - largo|Christian Music - praise the lord|christian_music - praise the lord|COREL COLLECTION - CLAS 18|disney_songs - part of your world|Elvis - intheghetto|four_seasons - rag doll
F A# Dm,→ F,3,12,17,Beat - tupac californialoveremix|Christian Music - now thank we all our god|COUNTRY - 10000angels|COUNTRY - behindcloseddoors|COUNTRY - endoftheworld|Creed - myownprison Creed|Creed - My Own Prison|four_seasons - rag doll
E D B,→ E,3,12,13,Beatles - a day in the life|CCR - Travelin Band|COUNTRY - allmyex gstrait|COUNTRY - blueyescrying|COUNTRY - midnightspecial|prince - i feel for you|Rollin STones - Beast of Burden|Rollin STones - Get off my Cloud
Am A# F,→ Am,3,12,17,Beatles - i will|brooks_garth - the good|Celine Dion - My Heart Will Go On Techno|clapton_eric - bad love|clapton_eric - layla|Eagles - Seven Bridges Road|erasure - always|Eric Clapton - bad love
Am Dm G,→ Am,3,12,26,Beatles - lady madonna|Billy Joel - Uptown Girl|Christmas - silver and gold|COREL COLLECTION - LITE 09|COUNTRY - angelbaby|Enigma - sadness|joel_billy - uptown girl|petty_tom - you got lucky
F A# Cm,→ F,3,12,20,beegees - i've got to get a message to you|Billy Joel - The Longest Time|chapin_harry - cats in the cradle|COUNTRY - 10000angels|COUNTRY - allthegold|COUNTRY - AmIosingyou|dion_celine - power of the dream|Harry Chapin - cats in the cradle
E C#m B,→ E,3,12,18,Bon Jovi - in these arms|COUNTRY - daddydntwalksofast|COUNTRY - daddydontwalksofast|COUNTRY - detroitcty|COUNTRY - icanloveubette|COUNTRY - ThinkaboutElvisLoveless(VERN)|Elvis - elvis|guns_%26_roses - november rain
A Am G,→ A,3,12,14,brooks_garth - thunder rolls|cetera_peter - next time i fall|COUNTRY - dearhearts|COUNTRY - easycomego|COUNTRY - goodheartwoman|Garth Brooks - thunder rolls|grant_amy - next time i fall|joel_billy - stiletto
G Am Dm,→ G,3,12,26,Bryan Adams - Christmas Time|Christmas - silver and gold|COUNTRY - angelbaby|Genesis - follow you follow me|hornsby_bruce - china doll|petty_tom - you got lucky|UNSORTED - AFTERBUR|UNSORTED - I Just Called To Say I Love
C Bdim G,→ C,3,12,14,Bush - machine head|COREL COLLECTION - CLAS 10|COUNTRY - banksoftheohio mwillis|COUNTRY - coolwater|joel_billy - piano man classical version|maryln_manson - down in the park|Mozart - serenad2|Queen - my friend
A# Cm D#,→ A#,3,12,21,"carey_mariah - endless love|COREL COLLECTION - JAZZ 01|COUNTRY - britney sometimes|COUNTRY - therose|cure_the - let's go to bed|cure_the - let s go to bed|john_elton - rocket man|Lionel Richie - Richie,Lionel EndlessLove"
D# A# Gm,→ D#,3,12,24,"carey_mariah - whenever|Christian Music - mighty is our god|dion_celine - any other way|Disney - Circle Of Life|Genesis - seven stones|john_elton - circle of life|Lionel Richie - Richie,Lionel&DianaRoss EndlessLove|Mariah Carey - whenever"
A# F Am,→ A#,3,12,17,"Celine Dion - My Heart Will Go On Techno|clapton_eric - layla|COUNTRY - countrytillidie johnand|COUNTRY - underyourspell|Cyndi Lauper - I Drove All Night|erasure - always|imbruglia_natalie - torn|Lionel Richie - Richie,Lionel Sela"
Bm C G,→ Bm,3,12,22,Christian Music - jesu joy of men s desiring|christian_music - jesu joy of men's desiring|clapton_eric - wonderful tonight|COUNTRY - fireonmtn daniels|COUNTRY - somedaysoon|Eagles - Desperado|Elvis - suspiciousminds|Eric Clapton - wonderful tonight
A# F Gm,→ A#,3,12,16,COREL COLLECTION - MISC 04|COREL COLLECTION - POP 06|COUNTRY - britney sometimes|COUNTRY - ialwaysgetlucky gjones|Def Leppard - Animal|Def Leppard - defanimal|def_leppard - animal|Enigma - Enigma ReturnToInnocence
D Bm Em,→ D,3,12,13,COREL COLLECTION - SPRT 05|COUNTRY - canitrustuwithmyhrt|COUNTRY - cantItrustyouwithmyheart|cure_the - a thousand hours|Genesis - No Son of Mine|houston_whitney - i'm every woman|houston_whitney - i m every woman|kiss - magic touch
F G Em,→ F,3,12,16,COUNTRY - apache|COUNTRY - bluemoon|COUNTRY - doesthebluemoonevershineonyou|COUNTRY - ifyournotinitforlove|COUNTRY - thinkinthing traceadkins|Cranberries - Cordell|grant_amy - doubly good to you|Jo Dee Messina - 111
B F# D#m,→ B,3,12,17,Cyndi Lauper - Girls Just Want to Have Fun|Foreigner - Cold as Ice|green_day - christie road|midnight_oil - beds are burning|midnight_oil - beds burning|UNSORTED - blink182 whatsmyage|UNSORTED - cl girls|UNSORTED - girlsfun
C# D#m F#,→ C#,3,12,19,dion_celine - because you loved me|Foreigner - That was Yesterday|green_day - when i come around|Jo Dee Messina - becauseyoulovedme|Kenny Loggins - Danger Zone|kiss - strutter|Metallica - TurnPage Metallica|midnight_oil - beds are burning
G# A,→ G#,2,12,37,Ben E. King - Stand By Me|Radiohead - Let Down|Britney Spears - oopsididitagain|Disney - When You Wish Upon A Star|disney_songs - when you wish upon a star|michael_george - jesus to a child|nirvana - floyd the barber|nirvana - oh the guilt
F F#,→ F,2,12,42,Mac Demarco - Chamber of Reflection|Backstreet Boys - everybody|backstreet_boys - everybody|Christina Aguilera - needtoknow|disney_songs - prince ali from aladdin|Genesis - one for the vine|Marc Anthony - I Need To Know|nirvana - tourettes
A G#,→ A,2,12,27,Radiohead - Let Down|The Beatles - Here Comes The Sun|Beatles - because|Britney Spears - oopsididitagain|COUNTRY - aintmuchfun tkeith|COUNTRY - coldcoldheart|nirvana - floyd the barber|nirvana - oh the guilt
A# Ddim,→ A#,2,12,31,3t - why|COREL COLLECTION - SEA 04|COREL COLLECTION - SPRT 09|Madonna - Madonna Secret|Movie Themes - Naked Gun|Movie Themes - naked gun theme|Queen - bohemian rhapsody|Queen - Queen Bohemian Rhapsody
A G#dim,→ A,2,12,18,ABBA - fernando|BareNaked Ladies - One Week|Boston - piece of mind|cetera_peter - next time i fall|COUNTRY - bufgals|COUNTRY - dayindayout|COUNTRY - dayindayout davidkersh|COUNTRY - takeplaces
D F#,→ D,2,12,23,abdul_paula - blowing kisses in the wind|Ace Of Base - Dont Turn Around|Ace Of Base - don t turn around|ace_of_base - don't turn around|carey_mariah - miss you most at christmas time|Christian Music - in the garden|christian_music - in the garden|nirvana - marigold
D D#,→ D,2,12,28,adams_bryan - have you ever really loved a woman|Bryan Adams - have you ever rŠved a woman|carey_mariah - till the end of time|COREL COLLECTION - CLAS 23|john_elton - sorry seems to be|Madonna - Madonna ThisUsedToBeMyPlayground|Mariah Carey - till the end of time|nirvana - up on a plain
D A#,→ D,2,12,26,aerosmith - livin on the edge|clapton_eric - nobody knows you when you're down and out|clapton_eric - white room|COUNTRY - imfrmcntry tbyrd|COUNTRY - mostbeautgirlworld|Eric Clapton - white room|Metallica - damage inc|Movie Themes - Jurassic Park
Edim F,→ Edim,2,12,43,Boston - foreplay|Boston - long time|carey_mariah - can't let go|COREL COLLECTION - WEST 05|COUNTRY - doyou|COUNTRY - walkonby|Disney - Beauty|Huey Lewis - Power of Love
A C#dim,→ A,2,12,29,Brian Setzer Orchestra - jump jive an wail|COREL COLLECTION - CLAS 06|COREL COLLECTION - MISC 01|COUNTRY - blameitontexas mchestnut|COUNTRY - crystalchan|COUNTRY - theresyour trouble dixchk|Dixie Chicks - Theres Your Trouble|kiss - spit
E Dm,→ E,2,12,17,carey_mariah - anytime|erasure - so the story goes|Mariah Carey - anytime|marx_richard - right here waiting|Movie Themes - Gonna Fly Now|Movie Themes - Misirlou|Movie Themes - pulp fiction|nirvana - lounge act
Dm D#,→ Dm,2,12,22,Christmas - we three kings|COREL COLLECTION - JAZZ 07|COUNTRY - Woman In Me|COUNTRY - womaninme|green_day - coming clean|houston_whitney - didn't we almost have it all|joel_billy - this is the time|Movie Themes - Fame
Em F#dim,→ Em,2,12,18,cocker_joe - up where we belong|doors_the - spanish caravan|Joe Cocker - up where we belong|kiss - sure know something|lennox_annie - don't ask me why|lennox_annie - don t ask me why|maryln_manson - irresponsible hate anthem|Metallica - dyers eve
C# C#dim,→ C#,2,12,14,Duran Duran - DuranDuran TheReflex|Duran Duran - reflex|Duran Duran - The Reflex|duran_duran - reflex|maryln_manson - anti christ superstar|Movie Themes - Star Wars|rednex - cotton eyed joe|television_theme_songs - mickey mouse club
A E D A E,→ A,5,11,20,Bee Gees - To Love Somebody|Bonnie Raitt - John Prine - Angel from Montgomery|John Denver - Take Me Home Country Roads|The Beatles - With A Little Help From My Friends|ABBA - i am the city|COREL COLLECTION - LITE 07|COUNTRY - alittlelesstalk alotmoreaction tobykeith|COUNTRY - elvira
A E B A E,→ A,5,11,22,Big Thief - Masterpiece|Beatles - boys|Bon Jovi - someday i'll beurday night|COUNTRY - dontworryboutme|jackson_michael - black or white|Madonna - Madonna DrownedWorldSubstituteForLove|Rollin STones - 19th Nervous Breakdown|Rollin STones - Satisfaction
A D G D G,→ A,5,11,24,Bob Dylan - Blowin' in the Wind|Johnny Nash - I Can See Clearly Now|The Pogues - Fairytale of New York|byrds_the - mr tamborine man|COUNTRY - crazyarms|COUNTRY - crich behind|COUNTRY - hereintherealworld|COUNTRY - strawbwine
A E D A D,→ A,5,11,17,Bob Marley & The Wailers - Three Little Birds (A)|The Beatles - I'm So Tired|Christian Music - shine down|christian_music - shine down|COUNTRY - bluesteyesintexas|COUNTRY - dayindayout|COUNTRY - dayindayout davidkersh|COUNTRY - devilwoman
A D E A E,→ A,5,11,16,Bonnie Raitt - John Prine - Angel from Montgomery|COREL COLLECTION - LITE 07|COUNTRY - allmyex gstrait|COUNTRY - babyyourbaby gs|COUNTRY - bd bootscoot big|COUNTRY - friends|COUNTRY - lowplace|COUNTRY - prfctlove trisha
C G D C G,→ C,5,11,20,"Grateful Dead - Ripple|Beatles - love me do|fleetwood_mac - angel|guns_%26_roses - patience|hootie_and_the_blowfish - let her cry|Johnny Rivers - Rivers,Johnny MidnightSpecial3|monkees - im a believer|nicks_stevie - angel"
F G C F G,→ F,5,11,13,Lady Gaga - Always Remember Us This Way|The Righteous Brothers - Unchained Melody|Atlantic Starr - i ll remember you|atlantic_starr - i'll remember you|COUNTRY - coatofmanycolors dolly|COUNTRY - greatballsoffire|COUNTRY - thinkinthing traceadkins|Enya - Enya OricalFlows
C F Am C F,→ C,5,11,15,Noah Cyrus - July|COUNTRY - bhamturnaround keithwhitley|Eagles - inthelongrun theeagles CCMSN|Eagles - The Long Run|Foreigner - Double Vision|Foreigner - Foreigner Double vision|kiss - love is the drug|lennox_annie - here comes the rain again
A G A G D,→ A,5,11,14,The Beach Boys - God Only Knows|Collective Soul - the world i know|collective_soul - the world i know|COUNTRY - cityofneworleans willie|COUNTRY - strawbwine|cure_the - friday|def_leppard - two steps behind|Journey - Journey Open Arms
D A D A E,→ D,5,11,12,The Beatles - With A Little Help From My Friends|ABBA - i am the city|Christian Music - shine down|christian_music - shine down|COUNTRY - devilwoman|COUNTRY - elvira|COUNTRY - thatbeday|hendrix_jimi - third stone from the sun
E A E A F#m,→ E,5,11,11,ABBA - dancing queen|Allman Brothers Band - blue sky|Beatles - please please me|Bee Bees - to love somebody|beegees - to love somebody|Duran Duran - peaceful easy feeling|Eagles - Peaceful Easy Feeling|television_theme_songs - step by step
A# D# A# D# F,→ A#,5,11,18,ABBA - move on|Beatles - revolution|Christian Music - standing on the promises|christian_music - standing on the promises|COUNTRY - babysgotherbluejeanson|COUNTRY - behindcloseddoors|COUNTRY - downonthefarm timmcg|COUNTRY - finetime lucille
G C G Em C,→ G,5,11,11,ABBA - super trouper|Christian Music - our god is an awesome god|COUNTRY - amysbckinaustin liltex|COUNTRY - BeachCheyenne|COUNTRY - dowadidy|green_day - good riddance|live - turn my head|Movie Themes - Axels Theme
C F C D G,→ C,5,11,18,aerosmith - pink|COUNTRY - backsaddle|COUNTRY - fadedpictureson thewall|COUNTRY - goaway|COUNTRY - go awaywaitaminute|COUNTRY - helpmenight|COUNTRY - honeywontyouopenthatdoor|Elvis - teddybear
D# F A# D# A#,→ D#,5,11,15,Air Supply - All Out Of Love|Christian Music - angels watching over me|Christian Music - mighty is our god|Christian Music - standing on the promises|christian_music - angels watching over me|christian_music - standing on the promises|Disney - Zip A Dee Doo Dah|disney_songs - zip a de do da
A B A B E,→ A,5,11,17,"Air Supply - She Never Heard Me Call|Boston - piece of mind|dire_straits - walk of life|Duran Duran - the last resort|Eagles - The Last Resort|Kenney Rogers - The Gambler|Lionel Richie - Richie,Lionel AllNightLong1|Lionel Richie - Richie,Lionel AllNightLong3"
D G D Em A,→ D,5,11,16,Bangles - manic monday|Beatles - fool on the hill|COUNTRY - judd grandpa|COUNTRY - river|COUNTRY - sclausestillbelieveinu al|COUNTRY - The River(VERN)|COUNTRY - theriver|Garth Brooks - the river
C G C G F,→ C,5,11,23,Beatles - baby you're a rich man|Beatles - baby you re a rich man|Blink 182 - blink182 allthesmallthings|CCR - Down On The Corner|COUNTRY - angelmrn|COUNTRY - driftofftodream tritt|COUNTRY - im2blame mickeygilley|hornsby_bruce - stander on the mountain
D C G D C,→ D,5,11,11,Beatles - taxman|Christian Music - in the sweet by and by|Christian Music - nearer my god to thee|christian_music - in the sweet by and by|clapton_eric - wonderful tonight|COUNTRY - ballad jjames|COUNTRY - whenwemakelove|COUNTRY - whenwemakelove al
C G D C D,→ C,5,11,12,Beatles - taxman|COUNTRY - ballad jjames|COUNTRY - boysnme sawyer|COUNTRY - drivesouth suzyboggus|COUNTRY - givemeonemorelastchance gill|COUNTRY - whenwemakelove|COUNTRY - whenwemakelove al|Eagles - Already Gone
C D C G D,→ C,5,11,11,Billy Joel - Scenes from an Italian Rest|Christian Music - in the sweet by and by|christian_music - in the sweet by and by|COUNTRY - ballad jjames|COUNTRY - whenwemakelove|COUNTRY - whenwemakelove al|Eagles - Already Gone|joel_billy - blonde over blue
G Em G C Em,→ G,5,11,11,Bob Seger - BobSeger StillSame|COUNTRY - fromdist|COUNTRY - pc bluemoonofkentucky|Foreigner - Feels Like the First Time|Foreigner - Foreigner Feels like the first time|mellancamp_john_cougar - cherry bomb|midler_bette - beaches|midler_bette - from a distance
D G C G C,→ D,5,11,19,buffet_jimmy - when the volcano blows|COUNTRY - backroads rickvsheldon|COUNTRY - cowboysare|COUNTRY - dontrockjukebox|COUNTRY - harpervpta|COUNTRY - sadsongs|COUNTRY - wereallyshouldntbedoingthis|COUNTRY - wildflow
A# C F C F,→ A#,5,11,14,Christian Music - come thou almighty king|christian_music - come thou almighty king|COUNTRY - blueclearsky jmm|COUNTRY - checkyesorno gstrait|COUNTRY - dontitmakeyourbrowneyesblue|COUNTRY - dontmakebreyeblue|COUNTRY - donttellmama garyallen|COUNTRY - leroyanderson belleofball
F C A# F C,→ F,5,11,14,Christian Music - he s everything to me|Christian Music - we ll talk it over|christian_music - he's everything to me|christian_music - we'll talk it over|COUNTRY - countmein|COUNTRY - idlove2layudown|COUNTRY - satinst|meatloaf - bat out of hell
D# G# D# A# G#,→ D#,5,11,12,"collins_phil - everyday|collins_phil - take me home|Coolio - c u when u get there|COUNTRY - babysgottengoodatgoodbye|Phil Collins - Collins, Phil Everyday|Phil Collins - everyday|Phil Collins - take me home|rogers_kenny - the gambler"
D Bm E A,→ D,4,11,16,ABBA - Waterloo|a-ha - take on me|Beatles - here comes the sun|COUNTRY - allmyex gstrait|COUNTRY - fishininthedark|COUNTRY - forevernever rtravis|Europe - The Final Countdown|UNSORTED - EUROPE
A E F#m D,→ A,4,11,40,Bo Burnham - That Funny Feeling|John Denver - Take Me Home Country Roads|Old Crow Medicine Show - Wagon Wheel|a-ha - Take On Me|COUNTRY - allyoueverdoisbringmedown|COUNTRY - imnahurry alab|Goo Goo Dolls - Name|Sarah McGlachlan - Sweet Surrender
D G Em C,→ D,4,11,21,Cyndi Lauper - Girls Just Want To Have Fun|Neil Young - Heart of Gold|Van Morrison - Brown Eyed Girl|98 Degrees - I Do Cherish You|Blues Traveller - crash and burn|blues_traveller - crash and burn|Righteoud Brothers - RighteousBrothers UnchainedMelody2|Righteoud Brothers - RighteousBrothers UnchainedMelody3
C D G Em,→ C,4,11,20,Cyndi Lauper - Girls Just Want To Have Fun|Neil Young - Heart of Gold|Van Morrison - Brown Eyed Girl|aerosmith - what it takes|Blues Traveller - crash and burn|blues_traveller - crash and burn|COUNTRY - dontclos|oasis - whatever
G A D Bm,→ G,4,11,17,Elvis Presley - If I Can Dream|Lana Del Rey - Young And Beautiful|The Beatles - Real Love|Backstreet Boys - quit playing games|backstreet_boys - quit playing games|christian_music - as the dear panteth for the water|COUNTRY - 1niteatatime|COUNTRY - cityofneworleans willie
Am F C G,→ Am,4,11,22,Gerry Rafferty - Right Down The Line|Lady Gaga - Always Remember Us This Way|Backstreet Boys - as long as you love me|backstreet_boys - as long as you love me|COUNTRY - amazed lonestar|COUNTRY - rockinyears|Enya - orinocoflow|inxs - never tear us apart
F C G Am,→ F,4,11,26,Gillian Welch - Look At Miss Ohio|Lady Gaga - Always Remember Us This Way|Backstreet Boys - as long as you love me|backstreet_boys - as long as you love me|Bon Jovi - blaze of glory|COUNTRY - amazed lonestar|COUNTRY - greatestmanineverknew|COUNTRY - Tender Moment
F Dm G C,→ F,4,11,14,John Lennon - Watching The Wheels|ABBA - hamlet 3|Billy Joel - Movin Out|Celine Dion - Its All Coming Back To Me|COUNTRY - bhamturnaround keithwhitley|COUNTRY - born2loose|COUNTRY - ringonherfinger|dion_celine - it's all coming back to me now
D G Am C,→ D,4,11,23,Johnny Cash - Hurt|98 Degrees - I Do Cherish You|Bon Jovi - Wanted Dead Or Alive|COREL COLLECTION - INTL 11|COUNTRY - Breathe|COUNTRY - breathe faith jens niehues|TV Themes - Early Edition|U2 - Where The Streets Have No
F C Am G,→ F,4,11,13,Lady Gaga - Always Remember Us This Way|ABBA - hamlet 3|clapton_eric - white room|COUNTRY - rhinestonecowboy|COUNTRY - thinkingproblem|Eric Clapton - white room|keil_marty - rhine stone cowboy|live - turn my head
G D A C,→ G,4,11,18,Neil Young - After The Gold Rush|buffet_jimmy - when the volcano blows|Collective Soul - the world i know|collective_soul - the world i know|Jimmy Buffet - when the volcano blows|Movie Themes - Breakfast Club|pet_shop_boys - alwaysonmymind|pet_shop_boys - always on my mind
F#m D E A,→ F#m,4,11,17,Oasis - Wonderwall|Celine Dion - Tell Him|Chicago - chilook|clapton_eric - signe|COUNTRY - carryingyourlovewithme|COUNTRY - carrylovewithme gstrait|COUNTRY - standbyme beneking|COUNTRY - Stoponadime
C D G Bm,→ C,4,11,23,Radiohead - Karma Police|Stephen Sanchez - Until I Found You (intermediate)|Until I Found You - Stephen Sanchez|Beatles - baby it's you|Beatles - baby it s you|Beatles - lucy in the sky with diamonds|Madonna - don't cry for me argentina|Madonna - don t cry for me argentina
D C D Em,→ D,4,11,17,Rod Stewart - Reason To Believe|Genesis - domino|iron_maiden - wasted years|kansas - dust in the wind|Metallica - the outlaw torn|Metallica - The Outlaw Torn (Metallica)|Steve Winwood - Higher Love|Stevie Nicks - Edge of Seventeen
Bm E Bm E,→ Bm,4,11,26,a-ha - Take On Me|a-ha - take on me|Beatles - daytripper|CCR - born on the bayou|earth_wind_fire - september|jackson_michael - wanna be startin something|nirvana - aero zepplin|police - walking in your footsteps
Dm A# F C,→ Dm,4,11,18,3t - i need you|3t - i want you|Aqua - my oh my|COUNTRY - chillofanearlyfall gs|jewel - foolish games|Madonna - like a prayer|Madonna - Madonna LikeAPrayer|Righteoud Brothers - RighteousBrothers UnchainedMelody7
A G A Em,→ A,4,11,12,ABBA - just like that|AC DC - highway to hell|ac_dc - highway to hell|brooks_garth - the dance|COUNTRY - unansweredprayers|COUNTRY - up2|Elvis - backonthechaingang|Garth Brooks - the dance
G# D# G# C#,→ G#,4,11,17,ABBA - tiger|Bee Bees - don t forget to remember|beegees - don't forget to remember|Christian Music - i love to tell the story|christian_music - i love to tell the story|christian_music - i stand amazed in the presence|christian_music - when the roll is called up yonder|COUNTRY - bubbashotthejukebox mchestnut
Fm D# Fm D#,→ Fm,4,11,12,Ace Of Base - wheel of fortune|ace_of_base - wheel of fortune|Beatles - the inner light|Billy Joel - Tell Her About It|COUNTRY - putyourhead|Foreigner - Foreigner I'll been waiting...|Foreigner - waiting|Foreigner - Waiting for a Girl Like You
F Em F G,→ F,4,11,14,adams_bryan - heaven|Bryan Adams - heaven|COUNTRY - afterthesunriseYanniite|COUNTRY - anymore|COUNTRY - CheapSeats|COUNTRY - cheapseats al|local_h - back in the day|richie_lionel - hello
C# D# C# D#,→ C#,4,11,13,aerosmith - dream on|Alice In Chains - what the hell have i|alice_in_chains - what the hell have i|carey_mariah - jesus born on this day|COUNTRY - bothsides ofthestory|COUNTRY - SheThinksMyTractorSexy|dion_celine - the power of love|Mariah Carey - jesus born on this day
F Cm F Cm,→ F,4,11,18,alan_parsons_project - dr tarr and professor|COUNTRY - britney sometimes|COUNTRY - finetime lucille|COUNTRY - husbandsandwives|COUNTRY - husbands n wives|COUNTRY - sureismonday|crow_sheryl - everyday is a winding road|Enya - Enya OricalFlows
Em F#m Em F#m,→ Em,4,11,21,America - america A horse with no name|Bryan Adams - This Time|COUNTRY - Stoponadime|earth_wind_fire - lets groove|maryln_manson - irresponsible hate anthem|Metallica - eye of the beholder|Metallica - to live is to die|police - king of pain
A G#m A G#m,→ A,4,11,22,Aqua - barbie girl|carey_mariah - always be my baby|Christian Music - my god and i|doobie_brothers - listen to the music|joel_billy - famous last words|Mariah Carey - always be my baby|stone_temple_pilots - trippin on a hole in a paper heart|toto - africa
Am D G C,→ Am,4,11,27,Atlantic Starr - always|atlantic_starr - always|Chicago - saturdayinthepark|Chicago - saturday in the park|Christmas - jingle bells|Christmas - silver and gold|COREL COLLECTION - CLAS 12|COREL COLLECTION - MISC 08
F D# F A#,→ F,4,11,13,BareNaked Ladies - The Old Apartment|COREL COLLECTION - CLAS 22|COREL COLLECTION - ROCK 08B|COUNTRY - amazes|COUNTRY - byebye|COUNTRY - byebye jodeemessina|COUNTRY - deltadawn|Enigma - Enigma ReturnToInnocence
E Em E A,→ E,4,11,13,Beatles - boys|Bon Jovi - bad medicine|Bryan Adams - Kids Wanna Rock|COUNTRY - aintnothingwrongwradio|COUNTRY - highlowninbetween|COUNTRY - honkytonkman|COUNTRY - theshake|Dixie Chicks - I Can Love You Better
G Em Am C,→ G,4,11,18,Beatles - honey pie|COUNTRY - born2luvu mcollie|COUNTRY - Borntoloveyou|Duran Duran - the girl from yesterday|Eagles - the girl from yesterday|everclear - santa monica|lennon_john - jealous guy|Metallica - fade to black
Cm G# Cm Fm,→ Cm,4,11,18,Bee Bees - stayin alive|beegees - stayin alive|Bon Jovi - bonjovi itsmylife|Bon Jovi - it's my life|COUNTRY - dream|Madonna - Madonna IntoTheGroove|Madonna - Madonna KeepItTogether|Madonna - together
F A# Gm C,→ F,4,11,15,Bryan Adams - Have You Ever Really Loved|COUNTRY - flowersonthewall|COUNTRY - lastcheaterswaltz|COUNTRY - pc ifalltopieces|COUNTRY - twotears|Duran Duran - victim of love|Eagles - Victim of Love|mike_and_the_mechanics - the living years
A D A F#m,→ A,4,11,13,cars_the - let's go|COUNTRY - chataho|COUNTRY - chattahoochie|COUNTRY - everybodyknows trisha|green_day - only of you|houston_whitney - someone for me|oasis - wonder wall|The Cars - let s go
G C G Bm,→ G,4,11,14,Christian Music - awesome god|Christian Music - jesus jesus how i love thee|christian_music - awesome god|christian_music - jesus jesus how i love thee|christian_music - tis so sweet to trust in jesus|COUNTRY - desprado|COUNTRY - fromheretoeternity|COUNTRY - letsgotovegas faith
Am G D G,→ Am,4,11,11,Christian Music - go tell it on the mountain|Christian Music - oh come oh come emmanuel|christian_music - go tell it on the mountain|COREL COLLECTION - INTL 11|Counting Crows - anna begins|counting_crows - anna begins|COUNTRY - donttellmewhattodo|hornsby_bruce - way it is
B C#m B C#m,→ B,4,11,22,Christian Music - my yielded heart|COUNTRY - brokenwing martina|Duran Duran - equan for you|duran_duran - equan for you|Madonna - Madonna LaIslaBonita|prodigy - your love|red_hot_chilli_peppers - under the bridge|sublime - wrong way
C A# F A#,→ C,4,11,11,Christian Music - who cares|christian_music - who cares|COUNTRY - countmein|COUNTRY - eaglewhensheflies|Cyndi Lauper - I Drove All Night|kiss - love hate|meatloaf - bat out of hell|television_theme_songs - family circus
Em G D G,→ Em,4,11,18,COUNTRY - blanketontheground bjoespears|COUNTRY - changemymind jberry|Def Leppard - defhysteria|Def Leppard - Hysteria|fugees - killing me softly|hornsby_bruce - old playground|hornsby_bruce - river flow|smashing_pumpkins - forgive
G Em G A,→ G,4,11,14,"guns_%26_roses - back off bitch|jackson_michael - ghosts|jamiroquai - half the man|Lionel Richie - Richie,Lionel Hello|Madonna - i ll remember|nine_inch_nails - down in it|roxette - harley's and indians|roxette - harley s and indians"
Em D Em C,→ Em,4,11,12,Journey - send her my love|Mariah Carey - Fantasy|pearl_jam - black|Peter Schilling - MAJORTOM|Peter Schilling - majortom2|Peter Schilling - major tom|pink_floyd - keep talking|Sugar Ray - Rivers
A E G#m,→ A,3,11,27,America - Sister Golden Hair|Air Supply - She Never Heard Me Call|America - america Sister goldenhair|Bon Jovi - someday i'll beurday night|COUNTRY - amarillobymorning gs|joel_billy - famous last words|Journey - dontstop|Journey - Journey Don't stop believing
E C#m A,→ E,3,11,16,America - Sister Golden Hair|Beatles - it won't be long|Beatles - it won t be long|Boston - piece of mind|carey_mariah - someday|COUNTRY - catchfallinstar|COUNTRY - catchfallstar|COUNTRY - roll on
G Em Bm,→ G,3,11,20,Dua Lipa - Don't Start Now|America - america lonely people|Beatles - hard days night|Billy Joel - River of Dreams|Duran Duran - chauffer|Duran Duran - DuranDuran TheChauffer|duran_duran - chauffer|spice_girls - think you are
F Em G,→ F,3,11,16,Jackson Browne - Late For The Sky|ABBA - i wonder|COUNTRY - boysnme sawyer|COUNTRY - CheapSeats|COUNTRY - cheapseats al|COUNTRY - thinkinthing traceadkins|Metallica - one|nicks_stevie - sister
G A Em,→ G,3,11,19,John Lennon - Happy Xmas (War Is Over)|Simon & Garfunkel_Traditional - Scarborough Fair|America - america I Need You|America - america I Need You sll|Coolio - fantastic voyage|COREL COLLECTION - NEWA 01|COUNTRY - eastbound|COUNTRY - greengrass
B F# G#m,→ B,3,11,26,"Lewis Capaldi - Hold Me While You Wait|COREL COLLECTION - NEWA 13|dire_straits - brothers in arms|Foreigner - That was Yesterday|guns_%26_roses - knockin on heaven s door|hootie_and_the_blowfish - only wanna be with you|morisette_alanis - ironic|Peter Gabriel - Gabriel, Peter Games without frontiers"
C D A,→ C,3,11,18,Neil Young - After The Gold Rush|Sam Cooke - Bring It On Home to Me|The Beatles - I Am The Walrus|Christian Music - joyful joyful we adore thee|christian_music - joyful joyful we adore thee|COUNTRY - donttel himwha2do ptillis|Cranberries - Linger|Madonna - Madonna IllRemember
F Dm Am,→ F,3,11,13,Noah Cyrus - July|Red Hot Chili Peppers - Californication|COREL COLLECTION - WEST 01|COUNTRY - amarillobymorning|Metallica - until it sleeps|REM - losereli|REM - Losing My Religion|rolling_stones - angie
D Bm E,→ D,3,11,21,Pure Prairie League - Amie|COREL COLLECTION - MOOD 04|COUNTRY - abilene|Depech Mode - master and servant|depeche_mode - master and servant|marley_bob - jammin|reel_big_fish - sell out|Right Said Fred - RightSaidFred I'mTooSexy2
E G A,→ E,3,11,15,Sam Cooke - Bring It On Home to Me|Beach Boys - fun fun fun|beach_boys - fun fun fun|Bon Jovi - bad medicine|charles_ray - what i say|COUNTRY - beer30 bnd|COUNTRY - midnightspecial|COUNTRY - wakeup lilsuzie everlybros
Em G A,→ Em,3,11,17,Simon & Garfunkel_Traditional - Scarborough Fair|America - america I Need You|America - america I Need You sll|COUNTRY - eastbound|jethro_tull - locomotive breath|Rollin STones - Paint it Black|rolling_stones - paint it black|simon_%26_garfunkel - scarborough fair
A C#m D,→ A,3,11,38,The Band - The Weight|The Beatles - Penny Lane|Beat - lately|Beatles - with a little help from my friends|Bon Jovi - never say goodbye|cars_the - let's go|fleetwood_mac - little lies|hornsby_bruce - country doctor
F Gm D#,→ F,3,11,18,ABBA - summer night city|abdul_paula - opposites attract|COUNTRY - godspent|dion_celine - any other way|kiss - creatures of the night|Movie Themes - Phantom Of The Opera|Paula Abdul - opposites attract|police - don t stand so close to you
Bm G Em,→ Bm,3,11,15,adams_bryan - all for love|America - america lonely people|Bryan Adams - all for love|Bryan Adams - All For One|Duran Duran - chauffer|Duran Duran - DuranDuran TheChauffer|duran_duran - chauffer|Genesis - driving the last spike
F#m G A,→ F#m,3,11,19,adams_bryan - summer of 69|bolton_michael - when a man loves a woman|COUNTRY - aintnoway|COUNTRY - bluemoon|COUNTRY - doesthebluemoonevershineonyou|COUNTRY - thataintnowaytogo|Journey - ill be alright without you|Michael Bolton - when a man loves a woman
F# G#m C#,→ F#,3,11,13,"aerosmith - janie's got a gun|aerosmith - janie s got a gun|carey_mariah - without you|Christian Music - lamb of glory|Donny Osmond - Puppy Love|guns_%26_roses - since i don t have you|Mariah Carey - without you|Phil Collins - Collins, Phil True colors"
D F#dim G,→ D,3,11,12,Air Supply - Making Love Out Of Nothing|Christian Music - holy holy holy|christian_music - holy holy holy|COUNTRY - IAE|COUNTRY - MiVidaLoca pamtillis|COUNTRY - waltzetex|john_elton - crocodile rock|Mozart - serenad1
G D F#dim,→ G,3,11,13,Air Supply - Making Love Out Of Nothing|Beatles - i am the walrus|Christian Music - holy holy holy|christian_music - holy holy holy|COUNTRY - IAE|COUNTRY - waltzetex|john_elton - crocodile rock|Mozart - serenad1
F# C# A#m,→ F#,3,11,19,"Alice In Chains - i stay away|alice_in_chains - i stay away|brooks_garth - top gun|COREL COLLECTION - NEWA 06|COUNTRY - Rimes,LeAnn OneWayTicket|COUNTRY - whiskeyriver willie|dion_celine - because you loved me|fugees - ready or not"
G C A,→ G,3,11,13,America - america I Need You|America - america I Need You sll|Christmas - jingle bell rock|Christmas - rudolph the red nosed reindeer|Christmas - silver and gold|COUNTRY - desprado|john_elton - nikita|kiss - cold gin
B F# E,→ B,3,11,24,Beat - puffy beenaround|Ben Folds Five - underground|Christian Music - my yielded heart|COUNTRY - emotionalgirl|COUNTRY - ibelieve|COUNTRY - itsonly make believe twitty|COUNTRY - stillcare|Movie Themes - What Is Love
Dm C Am,→ Dm,3,11,13,Beatles - abbey road medley|Beatles - golden slumbers|Beatles - lady madonna|Christmas - silver and gold|Righteoud Brothers - RighteousBrothers EbbTide|television_theme_songs - love boat|toad_the_wet_sprocket - all i want|UNSORTED - becaus1
G Dm D,→ G,3,11,14,Beatles - come together|Bon Jovi - Wanted Dead Or Alive|COREL COLLECTION - CLAS 13|grant_amy - i will remember you|Motley Crue - motleygirls|silverchair - israel's son|silverchair - israel s son|soundgarden - hands all over
A# Dm D#,→ A#,3,11,20,"Beatles - straberry fields forever|COUNTRY - amazes|COUNTRY - amilosingyou|COUNTRY - AmIosingyou|COUNTRY - underyourspell|dion_celine - power of the dream|imbruglia_natalie - wishing i was there|Lionel Richie - Richie,Lionel&DianaRoss EndlessLove"
E A Bm,→ E,3,11,18,Beatles - ticket to ride|brooks_garth - friends in low places|COUNTRY - dontfallinlovedrm krogers|COUNTRY - dontfallinlovewithadreamer|COUNTRY - drinkingchampagne|COUNTRY - FILP|COUNTRY - hethinkshellkeepher|COUNTRY - hethinkskeepher
C Bm G,→ C,3,11,15,Billy Joel - Shes Got a Way|COUNTRY - fireonmtn daniels|COUNTRY - shesgotaway|Genesis - fountain of salamcis|hole - doll parts|joel_billy - river of dreams|joel_billy - she's got a way|joel_billy - she s got a way
F# B C#,→ F#,3,11,13,Bob Seger - BobSeger OldTimeRnR|Bon Jovi - bed of roses|Cher - Believe|Christian Music - lamb of glory|COUNTRY - adalida|COUNTRY - adalida1|green_day - when i come around|MatchBox 20 - Push
G Bm Em,→ G,3,11,18,Boston - more than a feeling|Counting Crows - round here|counting_crows - round here|COUNTRY - changemymind jberry|COUNTRY - crich behind|Genesis - fountain of salamcis|houston_whitney - so emotional|Journey - Journey Anyway you want it
D A Em,→ D,3,11,15,carey_mariah - melt away|Christian Music - halleluja chorus|christian_music - halleluja chorus|COUNTRY - whyhaventiheardfromyou reba|Garth Brooks - callin baton rouge|hornsby_bruce - river flow|Mariah Carey - melt away|Movie Themes - apollo 13
C Em Dm,→ C,3,11,20,Carpenters - top of the world|carpenters_the - top of the world|COUNTRY - bluemoon|COUNTRY - butterflykisses|COUNTRY - doesthebluemoonevershineonyou|john_elton - crocodile rock|kansas - dust in the wind|Movie Themes - mortal kombat
B E C#m,→ B,3,11,20,Celine Dion - Tell Him|COUNTRY - amazinggrace|COUNTRY - brokenwing martina|COUNTRY - daddydntwalksofast|COUNTRY - daddydontwalksofast|COUNTRY - detroitcty|COUNTRY - icanloveubette|guns_%26_roses - november rain
C F A,→ C,3,11,12,"Christian Music - fairest lord jesus|christian_music - fairest lord jesus|COUNTRY - 7 spanish angels|COUNTRY - blue|COUNTRY - cantstopmyselffromlovingyou|COUNTRY - cantstopmyselffromlovingyou plove|COUNTRY - Rimes,LeAnn Blue|Disney - March Of The Gladiators"
C F#dim D,→ C,3,11,14,Christian Music - fill my cup|christian_music - fill my cup|clapton_eric - running on faith|clapton_eric - wonderful tonight|Eric Clapton - running on faith|Eric Clapton - wonderful tonight|jethro_tull - as the tears go by|rolling_stones - as tears go by
D C#,→ D,2,11,55,Radiohead - Let Down|Beck - dead weight|COUNTRY - coldcoldheart|disney_songs - the nutcracker|Movie Themes - Nightmare Before Christmas|Movie Themes - Toy Story|Movie Themes - West Side Story|spice_girls - too much
A C#,→ A,2,11,12,The Beach Boys - God Only Knows|The Beatles - Here Comes The Sun|Big Mr - to be with you|big_mr - to be with you|foo_fighters - winnebago|guns_%26_roses - coma|Madonna - Madonna BeautifulStrangerGecko|pearl_jam - go
A# C#,→ A#,2,11,30,311 - all mixed up|COREL COLLECTION - SPRT 09|COUNTRY - downonthefarm timmcg|COUNTRY - SheThinksMyTractorSexy|disney_songs - the gospel truth|Genesis - lilywhite lilith|grant_amy - baby baby|green_day - my generation
F# D,→ F#,2,11,18,abdul_paula - blowing kisses in the wind|Beatles - sexy sadie|carey_mariah - miss you most at christmas time|COUNTRY - dustbottle|COUNTRY - duston thebottle|COUNTRY - onlyyou|Paula Abdul - blowing kisses in the wind|platters - only you
Edim Em,→ Edim,2,11,45,aerosmith - walk this way|Christmas - dance of the sugar plum fairies|doobie_brothers - takin it to the streets|kiss - god of thunder|Metallica - 2 x 4|Metallica - damage inc|Metallica - enter sandman|Metallica - king nothing
D# Adim,→ D#,2,11,17,Air Supply - All Out Of Love|clapton_eric - let it grow|COREL COLLECTION - ROCK 08B|Eric Clapton - let it grow|guns_%26_roses - get in the ring|guns_%26_roses - you could be mine|jamiroquai - too young to die|Sting - epilogue nothing bout me
F#dim G,→ F#dim,2,11,16,Air Supply - Making Love Out Of Nothing|Boston - more than a feeling|COUNTRY - beautifulboy|COUNTRY - delrio drive|Genesis - horizons|hancock_herbie - rock it|offspring - i choose|Righteoud Brothers - RighteousBrothers UnchainedMelody3
G# C,→ G#,2,11,14,Aqua - roses are red|Beatles - fixing a hole|disney_songs - arabian nights from aladdin|doors_the - people are strange|foo_fighters - up in arms|Movie Themes - West Side Story|Queen - invisible man|richie_lionel - three times a lady
G# G,→ G#,2,11,44,Aqua - roses are red|carey_mariah - i've been thinking about you|Chicago - chihard|Coolio - gangsta's paradise|Coolio - gangsta s paradise|COUNTRY - afoolsuchasi|COUNTRY - I'll Think Of(VERN)|Disney - Youve Got A Friend
A# A#m,→ A#,2,11,21,Asia - heat of the moment|COUNTRY - aceinhole|COUNTRY - aceinthehole|COUNTRY - goodlovinmakesitright|Depech Mode - shake the disease|depeche_mode - shake the disease|Donny Osmond - Puppy Love|jackson_michael - history
F C#,→ F,2,11,17,BabyFace - babyface everytime|COUNTRY - liveontulsatime|COUNTRY - tulsatm|Disney - March Of The Gladiators|Disney - Pirates Of The Caribbean|Metallica - jump in the fire|nine_inch_nails - eraser|Queen - makin whoopee
D#m E,→ D#m,2,11,63,Backstreet Boys - get down|backstreet_boys - get down|Beat - puffy beenaround|Bobby Brown - every little step i take|brown_bobby - every little step i take|COUNTRY - holdinmyown|Madonna - Madonna VogueRemix|Movie Themes - kongo
A#m D#,→ A#m,2,11,47,Barry Manilow - BarryManilow CantSmileWithoutYou|Christina Aguilera - genie|Christina Aguilera - Genie In A Bottle|COUNTRY - backnbabyarm|disney_songs - can't wait to be king|disney_songs - can t wait to be king|houston_whitney - all the man|Madonna - borderline
A F,→ A,2,11,13,Beach Boys - god only knows|beach_boys - god only knows|Beatles - oh darling|Celine Dion - To Love You More|cocker_joe - summer in the city|COUNTRY - eastbound|Joe Cocker - summer in the city|prince - take me with u
F# D#,→ F#,2,11,20,Black Sabbath - ironman|black_sabbath - ironman|gaye_marvin - heard it through the grapevine|Genesis - many too many|jackson_michael - stranger in moscow|MatchBox 20 - Push|Movie Themes - Young Guns|prince - bat dance
F Bdim,→ F,2,11,16,boys_2_men - yesterday|Christian Music - oh lord you re beautiful|COREL COLLECTION - INTL 19|COUNTRY - htmoon|COUNTRY - kansascityrrbluz|COUNTRY - yesterday|dave_matthews_band - crush|dave_matthews_band - halloween
G# E,→ G#,2,11,26,cars_the - just what i needed|hornsby_bruce - passing through|korn - no place to hide|Madonna - Madonna TakeABow|Madonna - take a bow|nirvana - radio friendly unit shifter|prodigy - wind it up|rush - spirit of radio
D C#dim,→ D,2,11,25,cars_the - you might think|COREL COLLECTION - MISC 02|COREL COLLECTION - POP 01|COUNTRY - abilene|Disney - A Spoonful Of Sugar|Enigma - meaculpa|Metallica - disposible heros|Mozart - reqa
A# Adim,→ A#,2,11,17,COUNTRY - finetime lucille|Disney - Circle Of Life|Genesis - supper's ready|Genesis - supper s ready|guns_%26_roses - get in the ring|john_elton - circle of life|morisette_alanis - all i really want|Movie Themes - Bridge Over The River Kwai
Fm C,→ Fm,2,11,22,doors_the - people are strange|Eagles - Best of My Love|jamiroquai - when you gonna learn|led_zepplin - when the levee breaks|manilow_barry - copacabana|Marc Anthony - Hasta Ayer|Marc Anthony - Vivir Lo Nuestro|Movie Themes - true lies
C Am F C F,→ C,5,10,11,Audrey Hepburn - Moon River|COREL COLLECTION - POP 04A|COUNTRY - goodnews|COUNTRY - moonriver|COUNTRY - moonrivr|gabriele_peter - wash water|Huey Lewis - Stuck With You|lewis_huey_and_the_news - stuck with you
D A E D A,→ D,5,10,14,Bob Marley & The Wailers - Three Little Birds (A)|Christian Music - shine down|christian_music - shine down|COUNTRY - bluesteyesintexas|COUNTRY - devilwoman|COUNTRY - thatbeday|COUNTRY - whyhaventiheardfromyou reba|mellancamp_john_cougar - jack and dianne
E A D E A,→ E,5,10,14,Bonnie Raitt - John Prine - Angel from Montgomery|COUNTRY - babyyourbaby gs|COUNTRY - bd bootscoot big|COUNTRY - friends|COUNTRY - lowplace|COUNTRY - prfctlove trisha|COUNTRY - standbyman tammyw|Europe - The Final Countdown
F C F C Am,→ F,5,10,13,Elton John - Daniel|COUNTRY - goodnews|Huey Lewis - Stuck With You|john_elton - daniel|lewis_huey_and_the_news - stuck with you|midler_bette - the rose|Pointer Sisters - Slow Hand|Righteoud Brothers - RighteousBrothers UnchainedMelody1
A E A E F#m,→ A,5,10,15,Eric Clapton - Tears in Heaven|Blues Brothers - sweet home chicago|blues_brothers - sweet home chicago|CCR - Proud Mary|COREL COLLECTION - WEST 06|COUNTRY - imgonnabacountrygirl buffysaintemarie|kiss - strange ways|level_42 - the sun goes down
D G D G Bm,→ D,5,10,11,Patti Smith - Because the Night|America - america Ventura hwy|Beatles - eight days a week|Brandy - i wanna be down|buffet_jimmy - cheese burger paradise|Hanson - If Only|Jimmy Buffet - cheese burger paradise|led_zepplin - over the hills and far away
B A B E A,→ B,5,10,16,"Air Supply - She Never Heard Me Call|COUNTRY - hard rock bottom of your heart|COUNTRY - headscarolina|COUNTRY - headscaroline tailscalifornia jodeemessina|COUNTRY - welc2myworld earnold|dire_straits - walk of life|Lionel Richie - Richie,Lionel AllNightLong1|Lionel Richie - Richie,Lionel AllNightLong3"
B A E B A,→ B,5,10,13,Beatles - lovely rita|carey_mariah - someday|COUNTRY - headscarolina|COUNTRY - headscaroline tailscalifornia jodeemessina|COUNTRY - lovewithoutend|COUNTRY - shesevrywoman|green_day - 86|Mariah Carey - someday
E A F#m E A,→ E,5,10,10,Beatles - real love|Bee Bees - to love somebody|beegees - to love somebody|Bon Jovi - someday i'll beurday night|COUNTRY - downatthetwistnshout|COUNTRY - downattwistshout|guns_%26_roses - rocket queen|Movie Themes - Starship Troopers
E B E A B,→ E,5,10,19,buffet_jimmy - changes in latitude|COUNTRY - changesin latitudes changesin attitudes|Cranberries - dreams|dire_straits - why worry|Jimmy Buffet - changes in latitude|Kenney Rogers - The Gambler|Rollin STones - Out of Time|TV Themes - Teletubbies
C G C G Am,→ C,5,10,14,Christian Music - awesome god|christian_music - awesome god|Christmas - jolly old saint nicholas|COUNTRY - If Tomorrow Never(VERN)|Eagles - Take it Easy|fleetwood_mac - rhiannon|Genesis - Paperlate|hootie_and_the_blowfish - let her cry
G C D C D,→ G,5,10,12,Christian Music - nearer my god to thee|COUNTRY - backstreeaffair|COUNTRY - divorce|COUNTRY - wereallyshouldntbedoingthis|hootie_and_the_blowfish - let her cry|joel_billy - river of dreams|Sheryl Crow - If It Makes You Happy|U2 - Where The Streets Have No
A# F C A# C,→ A#,5,10,10,Christian Music - the solid rock|christian_music - the solid rock|COUNTRY - satinst|Cyndi Lauper - I Drove All Night|Def Leppard - Animal|Def Leppard - defanimal|def_leppard - animal|Rollin STones - Jumping Jack Flash
C F C A# F,→ C,5,10,11,Christian Music - trust and obey|christian_music - trust and obey|COREL COLLECTION - MISC 12|COUNTRY - countmein|COUNTRY - idlove2layudown|imbruglia_natalie - torn|offspring - gotta get away|TV Themes - Twin Peaks
E A E A B,→ E,5,10,12,COUNTRY - burningmem|COUNTRY - crossmyheart gs|COUNTRY - highlowninbetween|COUNTRY - kickalittle|Duran Duran - peaceful easy feeling|Eagles - Peaceful Easy Feeling|Kenney Rogers - The Gambler|Rick Springfield - Ive Done Everything For You
C# B C# B,→ C#,4,10,19,Chris Stapleton - Tennessee Whiskey|Collective Soul - shine|collective_soul - shine|Genesis - all in a mouse's night|Genesis - all in a mouse s night|green_day - when i come around|jackson_michael - beat it|oasis - all around the world
B C# B C#,→ B,4,10,16,Chris Stapleton - Tennessee Whiskey|Collective Soul - shine|collective_soul - shine|COREL COLLECTION - SPRT 06|Genesis - all in a mouse's night|Genesis - all in a mouse s night|green_day - when i come around|oasis - all around the world
Em C D G,→ Em,4,10,23,Cyndi Lauper - Girls Just Want To Have Fun|Neil Young - Heart of Gold|Def Leppard - defhysteria|Def Leppard - Hysteria|def_leppard - hysteria|Eagles - lyineyes eagles philsmith|Righteoud Brothers - RighteousBrothers UnchainedMelody2|Righteoud Brothers - RighteousBrothers UnchainedMelody3
Am G F G,→ Am,4,10,16,Lady Gaga - Always Remember Us This Way|Psycho Killer - Talking Heads|Carpenters - yesterday once more|carpenters_the - yesterday once more|clapton_eric - bellbottom blues|clapton_eric - white room|COUNTRY - isthatatear tbyrd|Eric Clapton - bellbottom blues
E B F# B,→ E,4,10,17,Neil Diamond - Sweet Caroline|Beach Boys - fun fun fun|beach_boys - fun fun fun|COUNTRY - burythehatchet|COUNTRY - emotionalgirl|COUNTRY - itsonly make believe twitty|COUNTRY - stillcare|fleetwood_mac - i don't want to know
Em C G C,→ Em,4,10,12,Pink - Just Give Me A Reason|COUNTRY - ghetto elvis|Eagles - lyineyes eagles philsmith|guns_%26_roses - patience|kiss - love gun|oasis - talk tonight|smashing_pumpkins - disarm|tool - message to harry manback
Am G Am Em,→ Am,4,10,14,R.E.M. - Losing My Religion|America - america sandman|Beat - CantTouchThis|Duran Duran - i can't tell you why|Eagles - i can't tell you why|Eagles - I Cant Tell You Why|Eagles - i can t tell you why|Genesis - keep it dark
G A D C,→ G,4,10,20,Rod Stewart - Reason To Believe|Bee Bees - words|beegees - words|brooks_garth - if tomorrow never comes|Christian Music - come all ye faithful|Christian Music - praise him praise him|christian_music - come all ye faithful|christian_music - praise him praise him
D Em D C,→ D,4,10,13,Rod Stewart - Reason To Believe|ABBA - i'm a marionette|ABBA - i m a marionette|emerson_lake_and_palmer - lucky man|Genesis - domino|notorious_big - notorious thugs|Stevie Nicks - Edge of Seventeen|TV Themes - 7th Heaven
C G D Em,→ C,4,10,20,The Cranberries - Zombie|Christian Music - our god is an awesome god|COUNTRY - BeachCheyenne|COUNTRY - driftofftodream tritt|COUNTRY - itsyourlove|COUNTRY - shameless|def_leppard - hysteria|rolling_stones - good time
G Am C D,→ G,4,10,23,98 Degrees - I Do Cherish You|Bon Jovi - Wanted Dead Or Alive|COUNTRY - Breathe|COUNTRY - breathe faith jens niehues|TV Themes - Early Edition|U2 - Where The Streets Have No|U2 - where the streets have no name|UNSORTED - EVERHUR1
D G Am G,→ D,4,10,14,98 Degrees - I Do Cherish You|Counting Crows - anna begins|counting_crows - anna begins|COUNTRY - backroads rickvsheldon|COUNTRY - donttellmewhattodo|petty_tom - into the great wide open|television_theme_songs - waltons|TV Themes - Early Edition
Dm Gm Dm Gm,→ Dm,4,10,16,a-ha - the living daylights|Beatles - and i love her|cure_the - lament|Genesis - Jesus He Knows Me|Madonna - like a prayer|Madonna - Madonna LikeAPrayer|police - can t stand losing you|Santana - Black Magic Woman
D G C Em,→ D,4,10,15,ABBA - eagle|COUNTRY - BeachCheyenne|COUNTRY - doesheloveyou|COUNTRY - doesheloveyou reba|Foreigner - watluvis|Goo Goo Dolls - Slide|hornsby_bruce - mandolin rain|Journey - Journey Be good to yourself
D G Bm G,→ D,4,10,22,Ace Of Base - Dont Turn Around|Ace Of Base - don t turn around|ace_of_base - don't turn around|Christian Music - jesus jesus how i love thee|christian_music - jesus jesus how i love thee|christian_music - tis so sweet to trust in jesus|goo_goo_dolls - iris|rea_chris - let s dance
A G D Bm,→ A,4,10,16,Ace Of Base - Dont Turn Around|Ace Of Base - don t turn around|ace_of_base - don't turn around|Christian Music - holy holy holy|christian_music - holy holy holy|Disney - Whole New World|disney_songs - whole new world|erasure - stop
C D C Em,→ C,4,10,12,adams_bryan - have you ever really loved a woman|Bryan Adams - have you ever rŠved a woman|COUNTRY - thunder|COUNTRY - whenwemakelove|COUNTRY - whenwemakelove al|Eagles - lyineyes eagles philsmith|jackson_michael - man in the mirror|nirvana - radio friendly unit shifter
F#m D F#m D,→ F#m,4,10,38,aerosmith - crazy|Beat - g thang|COUNTRY - allineedtoknow kchesney|doctor_dre - ain't nuthin but a g thang|doctor_dre - ain t nuthin but a g thang|iron_maiden - aces high|Sting - i hung my head|Sting - they dance alone
Em Edim Em Edim,→ Em,4,10,24,aerosmith - walk this way|Christmas - dance of the sugar plum fairies|kiss - god of thunder|Metallica - 2 x 4|Metallica - damage inc|Metallica - enter sandman|Metallica - king nothing|pantera - cowboys from hell
A Bm D E,→ A,4,10,20,Air Supply - Come What May|brooks_garth - friends in low places|brooks_meridith - bitch|COUNTRY - comemon|COUNTRY - FILP|COUNTRY - takeplaces|Garth Brooks - friends in low places|Meridith Brooks - bitch
D Em D Bm,→ D,4,10,13,America - america a horse with no name1|Christian Music - give thanks|christian_music - give thanks|christian_music - give thanks with a greatful heart|Depech Mode - master and servant|depeche_mode - master and servant|houston_whitney - i'm every woman|houston_whitney - i m every woman
F D G C,→ F,4,10,18,BabyFace - babyface everytime|Christian Music - over the sunset mountains|COREL COLLECTION - SEA 05|COUNTRY - born2loose|COUNTRY - dourememberthese|COUNTRY - goaway|COUNTRY - go awaywaitaminute|COUNTRY - saygoodbye
C# A#m C# A#m,→ C#,4,10,17,Backstreet Boys - everybody|backstreet_boys - everybody|COREL COLLECTION - TECH 04|jamiroquai - blow your mind|lennox_annie - missionary man|loeb_lisa - stay|palmer_robert - bad case of lovin you|prince - cream
Gm F A# F,→ Gm,4,10,11,BareNaked Ladies - The Old Apartment|COUNTRY - pc ifalltopieces|Culture Club - Karma Chameleon|Enigma - Enigma ReturnToInnocence|mellancamp_john_cougar - i believe in miracles|midler_bette - wind beneath my wings|steve_miller_band - joker|TV Themes - Dukes of Hazzard
D# A# D# F,→ D#,4,10,13,Barry Manilow - Mandy|COREL COLLECTION - CLAS 22|COUNTRY - teddybear|def_leppard - miss you in a heartbeat|dion_celine - where does my heart beat now|Disney - Zip A Dee Doo Dah|disney_songs - zip a de do da|green_day - emenius sleepus
F Dm C Dm,→ F,4,10,13,Beach Boys - surfs up|beach_boys - surfs up|Christmas - do you hear what i hear|collins_phil - hang in long enough|guess_who - these eyes|Phil Collins - hang in long enough|television_theme_songs - eight in enough|UNSORTED - BACHTO
Cm A# Cm A#,→ Cm,4,10,47,Beat - honey|carey_mariah - honey|COUNTRY - myboyfrnds|COUNTRY - therose|Enya - Enya OricalFlows|Enya - orinocoflow|Mariah Carey - honey|nirvana - son of a gun
A# Fm A# Fm,→ A#,4,10,16,Beat - honey|Bee Bees - stayin alive|beegees - stayin alive|carey_mariah - honey|COREL COLLECTION - LITE 15|Mariah Carey - honey|Men at Work - Down Under|Men at Work - Men At Work Down Under
A B A D,→ A,4,10,13,Beatles - the end|COUNTRY - hestoplovher|COUNTRY - stoppedluv|crosby_stills_and_nash - sweet judy blue eyes|led_zepplin - communication breakdown|Mozart - serenad1|Tone Loc - WildThing|UNSORTED - AKINDOFM
C Bm D G,→ C,4,10,10,Billy Joel - Piano Man|Christian Music - bring back the springtime|christian_music - bring back the springtime|clapton_eric - cocaine|COUNTRY - speclangel|Disney - Can You Feel The Love|Eric Clapton - cocaine|television_theme_songs - knot's landing
F G Am C,→ F,4,10,10,Bob Carlisle - butterfly kisses|carlislie_bob - butterfly kisses|COREL COLLECTION - INTL 15|COUNTRY - dontthinktwice davidball|lennox_annie - here comes the rain again|moore_gary - still got the blues|Movie Themes - Addicted To Love|palmer_robert - addicted to love
B G#m B G#m,→ B,4,10,30,"Brian McKnight - Back At One|colvin_shawn - sunny came home|Journey - faithfully|Peter Gabriel - Gabriel, Peter Solsbury hill|Shawn Colvin - sunny came home|smashing_pumpkins - soma|U2 - new year's day|U2 - New Years Day"
Dm G Dm C,→ Dm,4,10,16,brooks_garth - the good|COUNTRY - areyoulonesome|COUNTRY - ruby shoestown krogers|Garth Brooks - the good|Genesis - domino|Genesis - Misunderstanding|smashing_pumpkins - cherry|Sting - we'll be together
G Dm G C,→ G,4,10,11,Bryan Adams - When Youre Gone|clapton_eric - bad love|COREL COLLECTION - INTL 19|COUNTRY - 26cents|COUNTRY - allmylov|COUNTRY - twistnite|Eric Clapton - bad love|Sheryl Crow - If It Makes You Happy
C F C Gm,→ C,4,10,16,carey_mariah - i'll be there|COUNTRY - 2pinacoladas|COUNTRY - chapel|COUNTRY - lastcheaterswaltz|COUNTRY - sockhop|Mariah Carey - i ll be there|nazereth - love hurts|rea_chris - josephine
F C Gm C,→ F,4,10,11,carey_mariah - i'll be there|COUNTRY - chapel|COUNTRY - sockhop|Mariah Carey - i ll be there|nazereth - love hurts|rea_chris - josephine|red_hot_chilli_peppers - aeroplane|Righteoud Brothers - RighteousBrothers UnchainedMelody5
G# A# D# A#,→ G#,4,10,11,"chapin_harry - cats in the cradle|collins_phil - everyday|COUNTRY - uaintwomanenuf|erasure - oh lamour|Harry Chapin - cats in the cradle|Kenny Loggins - Footloose|Phil Collins - Collins, Phil Everyday|Phil Collins - everyday"
A D A Em,→ A,4,10,14,Christian Music - open our eyes lord|COUNTRY - a tear in my beer|COUNTRY - flopearedmule|COUNTRY - hestoplovher|COUNTRY - louiloui|COUNTRY - stoppedluv|COUNTRY - walkrightback everlys|Movie Themes - apollo 13
A# Gm C F,→ A#,4,10,14,Christian Music - praise the lord|christian_music - praise the lord|COUNTRY - canthelp|COUNTRY - flowersonthewall|COUNTRY - pc ifalltopieces|COUNTRY - twotears|jackson_michael - stop loving you|mike_and_the_mechanics - the living years
A#m G# A#m G#,→ A#m,4,10,30,Christina Aguilera - genie|Christina Aguilera - Genie In A Bottle|COUNTRY - speclangel|dave_matthews_band - satellite|Madonna - Madonna Secret|richie_lionel - easy|television_theme_songs - murder she wrote|U2 - Sunday Bloody Sunday
Dm G Dm G,→ Dm,4,10,41,Christmas - chipmunks christmas|Genesis - Misunderstanding|Madonna - Madonna WhosThatGirl|Madonna - who s that girl|prince - diamonds and pearls|prince - interactive|smashing_pumpkins - cherry|Sting - if you love somebody
G Dm C Dm,→ G,4,10,10,clapton_eric - bad love|COUNTRY - 26cents|COUNTRY - ruby shoestown krogers|Duran Duran - notorious|duran_duran - notorious|Eric Clapton - bad love|Genesis - domino|Genesis - Misunderstanding
C Dm A# Dm,→ C,4,10,11,"collins_phil - in the air tonight|COREL COLLECTION - INTL 06|COUNTRY - amithateasytoforget|mike_and_the_mechanics - silent running|nicks_stevie - gold dust|Phil Collins - Collins, Phil In the air tonight|Phil Collins - in the air tonight|UNSORTED - FREED FR"
E G#m E G#m,→ E,4,10,18,COUNTRY - hankw hglook|COUNTRY - tempted|Destiny's Child - Bugaboo|Dixie Chicks - I Can Love You Better|led_zepplin - bring it on home|smashing_pumpkins - love|smashing_pumpkins - soma|Stevie Nicks - I Can Love You Better
Em F E F,→ Em,4,10,14,Duran Duran - i can't tell you why|Eagles - i can't tell you why|Eagles - I Cant Tell You Why|Eagles - i can t tell you why|jackson_michael - smooth criminal|Movie Themes - Addams Family|television_theme_songs - addams family|TV Themes - Addams Family
E G#m A,→ E,3,10,23,America - Sister Golden Hair|Air Supply - Two Less Lonely People|America - america Sister goldenhair|COUNTRY - amarillobymorning gs|COUNTRY - Indian Outlaw (Vern)|Journey - dontstop|Journey - Journey Don't stop believing|mighty_mighty_bosstones - the impression that i get
F C E,→ F,3,10,13,David Bowie - Space Oddity|ABBA - my love my life|carey_mariah - sent from up above|Disney - Bippity Boppity Boo|foo_fighters - big me|john_elton - a word in spanish|Mariah Carey - sent from up above|marx_richard - right here waiting
D Em Am,→ D,3,10,22,Finneas - Break My Heart Again|Lady Gaga and Bradley Cooper - Shallow|collins_phil - just another day in paradise|COUNTRY - tenxmas al|COUNTRY - throughtheyears krogers|kiss - magic touch|Madonna - Madonna YoullSee|Madonna - you'll see
Am C D,→ Am,3,10,28,Johnny Cash - Hurt|COUNTRY - asanyfoolcansee tlaw|COUNTRY - Breathe|COUNTRY - breathe faith jens niehues|Eagles - Already Gone|REM - Great Beyond|Rollin STones - Mixed Emotions|rolling_stones - mixed emotions
F# G#m B,→ F#,3,10,28,Lewis Capaldi - Hold Me While You Wait|COUNTRY - adalida|COUNTRY - adalida1|Foreigner - That was Yesterday|hootie_and_the_blowfish - only wanna be with you|Madonna - like a virgin|morisette_alanis - ironic|Sarah McGlachlan - Angel
D C Bm,→ D,3,10,10,Pink - Just Give Me A Reason|Christian Music - go tell it on the mountain|christian_music - go tell it on the mountain|COREL COLLECTION - POP 01|COUNTRY - hurtme2|COUNTRY - ringfire jcash|COUNTRY - seminolewind|dave_matthews_band - crush
D E C#m,→ D,3,10,14,"Sia - Unstoppable|gnash (feat. olivia o'brien) - i hate u, i love u|COUNTRY - rumorhasit reba|COUNTRY - rumor has it|COUNTRY - shenotthecheatingkind|COUNTRY - shesnotcheatking|houston_whitney - i will always love you|UNSORTED - ALWAYS"
C F Em,→ C,3,10,15,The Beatles - A Day In The Life|Disney - Kiss The Girl|Metallica - one|pearl_jam - state of love and trust|SEAL - Fly Like An Eagle|steve_miller_band - fly like an eagle|television_theme_songs - miss marple|TV Themes - X Men
C#m B E,→ C#m,3,10,20,The Pixies - Where Is My Mind|COUNTRY - brokenwing martina|COUNTRY - daddydntwalksofast|COUNTRY - daddydontwalksofast|COUNTRY - icanloveubette|gabriele_peter - touch|guns_%26_roses - november rain|jackson_michael - billie jean
G#m E F#,→ G#m,3,10,15,ABBA - angel eyes|bolton_michael - steel bars|carey_mariah - whenever|Foreigner - Head Games|Journey - faithfully|Mariah Carey - whenever|Michael Bolton - steel bars|prince - i feel for you
A# F Cm,→ A#,3,10,14,ABBA - i have a dream|COUNTRY - amilosingyou|COUNTRY - britney sometimes|COUNTRY - calludarlin|COUNTRY - cestlavie|COUNTRY - myboyfrnds|COUNTRY - sayhello|COUNTRY - younevercantell emmylouharris
Bm A G,→ Bm,3,10,20,ABBA - knowing me knowing you|COREL COLLECTION - LITE 13|cure_the - kyoto song|eve_6 - inside out|Genesis - three sides live medley|marley_bob - jammin|pink_floyd - comfortably numb|roxette - run to you
A# D# Gm,→ A#,3,10,12,Ace Of Base - Always Have Always Will|Beatles - help things we said today|Bob Seger - BobSeger BlindLove|Christian Music - the lord s prayer|christian_music - the lord's prayer|COUNTRY - maybehenoticehernow|Disney - Zip A Dee Doo Dah|disney_songs - zip a de do da
A F#m G,→ A,3,10,17,adams_bryan - summer of 69|CCR - Up Around The Bend|COUNTRY - buymearose|COUNTRY - buymearose kennyrogers|Garth Brooks - callin baton rouge|police - king of pain|Queen - under pressure|rush - manhattan project
Dm A# Gm,→ Dm,3,10,13,Air Supply - All Out Of Love|Christian Music - praise the lord|christian_music - praise the lord|COREL COLLECTION - MISC 12|disney_songs - listen with your heart|Enigma - Enigma ReturnToInnocence|pearl_jam - porch|van_halen - i'll wait
G C Bdim,→ G,3,10,10,Air Supply - Making Love Out Of Nothing|Christmas - chipmunks christmas|COREL COLLECTION - CLAS 10|COREL COLLECTION - MISC 10|COUNTRY - banksoftheohio mwillis|COUNTRY - ialright|joel_billy - piano man classical version|TV Themes - Babar
Em D Bm,→ Em,3,10,10,America - america a horse with no name1|COUNTRY - doesheloveyou|COUNTRY - doesheloveyou reba|Genesis - driving the last spike|Genesis - No Son of Mine|kiss - magic touch|nazereth - love hurts|Peter Schilling - MAJORTOM
A Em G,→ A,3,10,10,America - america I Need You|America - america I Need You sll|brooks_garth - the dance|COUNTRY - unansweredprayers|COUNTRY - up2|Garth Brooks - the dance|Garth Brooks - uanswered prayer|Rod Stewart - Maggie May
Em Dm C,→ Em,3,10,20,Atlantic Starr - i ll remember you|atlantic_starr - i'll remember you|Bob Seger - BobSeger TillItShines|COUNTRY - bluemoon|COUNTRY - doesthebluemoonevershineonyou|doors_the - riders on the storm|kansas - dust in the wind|Movie Themes - mortal kombat
C A Dm,→ C,3,10,15,Bangles - hazy|Beatles - you never give me your money|carey_mariah - never forget you|COUNTRY - happytrails|COUNTRY - ilovemyfriend charlierich|jethro_tull - bouree|Mariah Carey - never forget you|nirvana - the man who sold the world
C A# Gm,→ C,3,10,19,Bangles - hazy|Christian Music - my sins are gone|COREL COLLECTION - FNFRE 03|COUNTRY - canthelp|COUNTRY - eaglewhensheflies|COUNTRY - jackson jcash|jackson_michael - stop loving you|roxette - it must have been love
F# E B,→ F#,3,10,23,Beat - puffy beenaround|COUNTRY - emotionalgirl|COUNTRY - ibelieve|COUNTRY - itsonly make believe twitty|COUNTRY - stillcare|morisette_alanis - ironic|puff_daddy - been around the world|Ricky Martin - Shes All I Ever Had
E A F#,→ E,3,10,36,Beat - puffy momoney|clapton_eric - bellbottom blues|COUNTRY - bigdeal larimes|Def Leppard - Animal|Def Leppard - defanimal|def_leppard - animal|Eric Clapton - bellbottom blues|pet_shop_boys - one in a million
Dm D G,→ Dm,3,10,14,Beatles - come together|COREL COLLECTION - CLAS 13|earth_wind_fire - boogie wonderland|grant_amy - i will remember you|Motley Crue - motleygirls|silverchair - israel's son|silverchair - israel s son|UNSORTED - BOOGIEWO
Bm D E,→ Bm,3,10,10,Beatles - eight days a week|Billy Idol - BillyIdol WhiteWedding|Billy Idol - Billy Idol White wedding|brooks_meridith - bitch|hornsby_bruce - country doctor|Meridith Brooks - bitch|U2 - zooropa|UNSORTED - bi whitewed
Am Dm C,→ Am,3,10,12,Beatles - lady madonna|Genesis - hairless heart|Metallica - my friend of misery|Righteoud Brothers - RighteousBrothers EbbTide|sublime - same in the end|television_theme_songs - love boat|toad_the_wet_sprocket - all i want|TV Themes - Hawaii 50
Dm G Am,→ Dm,3,10,17,Beatles - lady madonna|Christmas - silver and gold|COUNTRY - angelbaby|marx_richard - right here waiting|petty_tom - you got lucky|Richard Marx - RichardMarx RightHereWaiting|Richard Marx - Right Here Waiting For You|UNSORTED - AFTERBUR
D# G# Fm,→ D#,3,10,12,Beatles - piggies|Christmas - 12 days of christmas|Christmas - christmas rhapsody|COUNTRY - I'll Think Of(VERN)|crash_test_dummies - mmm mmm mmm mmm|houston_whitney - all the man|Lou Bega - Mambo No 5|nazereth - love hurts
B G#m E,→ B,3,10,12,Ben Folds Five - underground|Bryan Adams - I Finally Found Someone|CCR - Someday Never Comes|COUNTRY - holdinmyown|jamiroquai - cosmic girl|Journey - faithfully|rush - limelight|U2 - new year's day
Am A# C,→ Am,3,10,28,Billy Joel - Goodnight Saigon|Celine Dion - My Heart Will Go On Techno|Christian Music - largo|Christian Music - oh lord you re beautiful|collins_phil - the west side|COUNTRY - inadiffe|erasure - man in the moon|Phil Collins - the west side
F Am Gm,→ F,3,10,15,Billy Joel - Tell Her About It|COUNTRY - canthelp|Disney - Beauty|meatloaf - bat out of hell|steve_miller_band - joker|UNSORTED - BATOUT|UNSORTED - BREAKMYS|UNSORTED - Call Me Al
Gm F C,→ Gm,3,10,14,BTO - Takin Care Of Business|christian_music - what a friend we have in jesus|clapton_eric - white room|COUNTRY - DreamingWithMyEyesWideOpen|COUNTRY - dreaminwithmy eyeswideopen claywalker|Eric Clapton - white room|Genesis - seven stones|offspring - genocide
G# Fm A#,→ G#,3,10,14,carey_mariah - till the end of time|COREL COLLECTION - NEWA 03|COUNTRY - almostgdbye|COUNTRY - almstgdbye mchestnut|COUNTRY - I'll Think Of(VERN)|Def Leppard - Love Bites|def_leppard - love bites|erasure - oh lamour
Gm D# A#,→ Gm,3,10,15,carey_mariah - whenever|COUNTRY - pc sweetdreamsofyou|COUNTRY - whosebed|dion_celine - any other way|Disney - Circle Of Life|john_elton - circle of life|Mariah Carey - whenever|smith_will - men in black
C Am Bm,→ C,3,10,10,"collins_phil - groovy kind of love|COREL COLLECTION - LITE 13|COUNTRY - Don't Take The Girl|COUNTRY - donttake|COUNTRY - timmcgraw donttakethegirl|Disney - Bellerep|jackson_michael - bad|Phil Collins - Collins, Phil Groovy kind of Love"
G# F# C#,→ G#,3,10,13,COUNTRY - Amazed (Vern)|COUNTRY - babyilyed|COUNTRY - believemebaby|COUNTRY - whiskeyriver willie|green_day - jar|merchant_natalie - wonder|mike_and_the_mechanics - another cup of coffee|morisette_alanis - you learn
Dm G F,→ Dm,3,10,16,COUNTRY - bhamturnaround keithwhitley|COUNTRY - rhinestonecowboy|houston_whitney - one moment in time|Kenny Loggins - Im Alright|prince - interactive|red_hot_chilli_peppers - my friends|REM - Losing My Religion|REM - strange currencies
G# F# Fm,→ G#,3,10,18,"COUNTRY - threetimes|Lionel Richie - Richie,Lionel ThreeTimesALady|Lionel Richie - Richie,Lionel ThreeTimesALady1|mike_and_the_mechanics - another cup of coffee|oasis - roll with it|richie_lionel - all night long|richie_lionel - still|richie_lionel - three times a lady"
F#m C#,→ F#m,2,10,21,John Lennon - Love|The Kinks - Waterloo Sunset|The Turtles - Happy Together|Beatles - real love|COUNTRY - chancesr martina|Ricky Martin - She Bangs|smashing_pumpkins - today|television_theme_songs - bugs bunny
C# E,→ C#,2,10,14,Red Hot Chili Peppers - Californication|The Beach Boys - God Only Knows|cocker_joe - leave your hat on|COREL COLLECTION - SPRT 09|Joe Cocker - leave your hat on|nine_inch_nails - sanctified|prodigy - wind it up|television_theme_songs - peanuts
G# B,→ G#,2,10,14,Beat - jamaroqui virtual|cars_the - just what i needed|jamiroquai - virtual insanity|SEAL - kiss from a rose|SEAL - Seal KissFromARose|television_theme_songs - peanuts|The Cars - just what i needed|TV Themes - Charlie Brown
F# A#,→ F#,2,10,24,Beat - jamaroqui virtual|Eagles - Eagles HotelCalifornia|Eagles - Eagles HotelCalifornia2|guns_%26_roses - since i don t have you|jackson_michael - history|jamiroquai - virtual insanity|loeb_lisa - stay|meat_puppets - lake fire
B D#dim,→ B,2,10,13,Beatles - and your bird can sing|Blues Brothers - everybody needs somebody|blues_brothers - everybody needs somebody|carey_mariah - hero|cars_the - good times roll|Mariah Carey - hero|television_theme_songs - oprah winfrey show|The Cars - good times roll
C Cdim,→ C,2,10,13,Bon Jovi - boys are back|COUNTRY - backsaddle|COUNTRY - ubelong2myheart|Duran Duran - chauffer|Duran Duran - DuranDuran TheChauffer|duran_duran - chauffer|miami_sound_machine - conga|Righteoud Brothers - RighteousBrothers UnchainedMelody(50s)
Bm F#m,→ Bm,2,10,13,Christmas - march of the toy soldiers|def_leppard - all i want is everything|Disney - Colors Of The Wind|disney_songs - colors of the wind|houston_whitney - greatest love of all|jethro_tull - bungle in the jungle|marley_bob - jammin|rolling_stones - can't be seen
D F#dim,→ D,2,10,17,Christmas - oh come all ye faithful|COREL COLLECTION - CLAS 05|Metallica - master of puppets|no_doubt - hey you|pink_floyd - money|reel_big_fish - take on me|rolling_stones - can't be seen|rolling_stones - can t be seen
Cm C#,→ Cm,2,10,28,collins_phil - easy lover|COREL COLLECTION - ROCK 07|COUNTRY - angelsamongus alab|Genesis - easy lover|MatchBox 20 - 3 AM|Movie Themes - Flashdance|Phil Collins - easy lover|UNSORTED - 3 AM
A# D#m,→ A#,2,10,14,COREL COLLECTION - CLAS 24|Disney - Some Day My Prince Will C|Foreigner - Cold as Ice|Foreigner - Foreigner Cold as ice|jackson_michael - rock with you|Partridge Family - I Think I Love You|partridge_family - i think i love you|television_theme_songs - thunderbirds
Edim C,→ Edim,2,10,17,COREL COLLECTION - RBOOGY 1|COUNTRY - hankypanky|COUNTRY - ilikeitloveit|doobie_brothers - takin it to the streets|Genesis - i can't dance|Genesis - I Cant Dance|Genesis - i can t dance|Huey Lewis - Heart of Rock and Roll
D#m D#,→ D#m,2,10,17,COREL COLLECTION - TECH 06|foo_fighters - watershed|garbage - stupid girl|jackson_michael - beat it|midnight_oil - beds are burning|midnight_oil - beds burning|UNSORTED - Beatit|UNSORTED - Beds are Burning
A F#,→ A,2,10,15,COUNTRY - aintnothingwrongradio|Madonna - Madonna CandyPerfumeGirl|Madonna - Madonna MerGirl|nirvana - drain down|oasis - do you know what i mean|prodigy - your love|television_theme_songs - mary tyler moore|TV Themes - Mary Tyler Moore
F#m F#,→ F#m,2,10,15,"COUNTRY - downatthetwistnshout|COUNTRY - downattwistshout|COUNTRY - dreambaby glenc|dave_matthews_band - too much|disney_songs - when i fall in love|Genesis - the musical box|inxs - what you need|Phil Collins - Collins, Phil Another day in paradise"
Dm Cm,→ Dm,2,10,21,COUNTRY - whatsgoingoninyourworld|jackson_michael - liberean girl|Kenney Rogers - She Believes In Me|Madonna - Madonna ThisUsedToBeMyPlayground|police - get here|television_theme_songs - cheers|tool - intermission|tool - intolerance
F C G C G,→ F,5,9,12,Cat Stevens - Wild World|Beatles - baby you're a rich man|Beatles - baby you re a rich man|CCR - Down On The Corner|COUNTRY - coatofmanycolors dolly|COUNTRY - driftofftodream tritt|foo_fighters - i'll stick around|foo_fighters - i ll stick around
G C G A C,→ G,5,9,11,"Pink Floyd - Comfortably Numb|jethro_tull - as the tears go by|Johnny Rivers - Rivers,Johnny MidnightSpecial3|police - every breath you take|rolling_stones - as tears go by|Sting - everybre|Sting - everybreathyoutake|Sting - evrybrth"
G A G D A,→ G,5,9,11,Tears For Fears - Everybody Wants To Rule The World|Christian Music - joy to the world|christian_music - joy to the world|Christmas - first noel|cure_the - friday|def_leppard - two steps behind|Journey - Journey Open Arms|UNSORTED - baker
A B E A B,→ A,5,9,13,"Air Supply - She Never Heard Me Call|COUNTRY - welc2myworld earnold|def_leppard - when love and hate collide|Kenney Rogers - The Gambler|Lionel Richie - Richie,Lionel AllNightLong1|Lionel Richie - Richie,Lionel AllNightLong3|Rollin STones - Time Is on my Side|sublime - santeria"
G D A D A,→ G,5,9,13,Alice In Chains - don t follow|alice_in_chains - don't follow|Beatles - anytime at all|Bryan Adams - Cloud No 9|Christmas - first noel|COUNTRY - daddyshands|COUNTRY - dadshands|COUNTRY - happygirl martina
G D G D C,→ G,5,9,9,America - America TinMan|COUNTRY - almost persuaded|COUNTRY - bouqofroses|COUNTRY - dreamsof everyday housewife|Culture Club - Do You Really Want to Hurt|REM - night swimming|rush - closer to the heart|tool - aenima
D G D Em G,→ D,5,9,9,Bananorama - Venus|Bananorama - venus2|COUNTRY - canitrustuwithmyhrt|COUNTRY - cantItrustyouwithmyheart|mclachlan_sarah - building a mystery|Movie Themes - Legends Of The Fall|oasis - cum on feel the noise|spin_doctors - two princes
C G C Em D,→ C,5,9,9,"Bangles - Bangles eternal flame|COUNTRY - eternal|Disney - March Of The Gladiators|disney_songs - can't wait to be king|disney_songs - can t wait to be king|guns_%26_roses - patience|Johnny Rivers - Rivers,Johnny MidnightSpecial3|monkees - daydream believer"
A E A B E,→ A,5,9,11,Beatles - i saw her standing there|COUNTRY - crossmyheart gs|COUNTRY - highlowninbetween|def_leppard - when love and hate collide|Kenney Rogers - The Gambler|Queen - i can t live with you|Rick Springfield - Ive Done Everything For You|UNSORTED - cand
C Am G C Am,→ C,5,9,9,Beatles - i want to hold your hand|Bee Bees - massachusetts|beegees - massachusetts|Bob Carlisle - butterfly kisses|Bush - cold contagious|carlislie_bob - butterfly kisses|COREL COLLECTION - INTL 03|COREL COLLECTION - LITE 02
G C G C Am,→ G,5,9,10,"Beatles - paperback writer|Billy Joel - River of Dreams|COUNTRY - wabashcanball royacuff|hornsby_bruce - way it is|Lionel Richie - Richie,Lionel YouAreTrulyMyEndlessLove|television_theme_songs - ducktales|TV Themes - Ducktales|U2 - everlasting love"
C G C Am G,→ C,5,9,10,"Beatles - paperback writer|Bruce Hornsby - The Way It Is|Christian Music - great is the lord|christian_music - great is the lord|COUNTRY - wabashcanball royacuff|COUNTRY - wheneveryoucomearound gill|hornsby_bruce - way it is|Lionel Richie - Richie,Lionel YouAreTrulyMyEndlessLove"
F A# D# A# D#,→ F,5,9,14,Beatles - revolution|Christian Music - angels watching over me|Christian Music - standing on the promises|christian_music - angels watching over me|christian_music - standing on the promises|Disney - Zip A Dee Doo Dah|disney_songs - zip a de do da|four_seasons - rag doll
B E A B E,→ B,5,9,15,Ben Folds Five - underground|COUNTRY - hard rock bottom of your heart|COUNTRY - headscarolina|COUNTRY - headscaroline tailscalifornia jodeemessina|Cranberries - dreams|dire_straits - why worry|Rollin STones - Out of Time|UNSORTED - myheart
D# G# A# D# G#,→ D#,5,9,13,Bjork - oh so quiet|Christian Music - he keeps me signing|Christian Music - jesus loves me|christian_music - he keeps me signing|christian_music - jesus loves me|Christmas - i'm dreaming of a white christmas|COUNTRY - babysgottengoodatgoodbye|rogers_kenny - the gambler
D# A# D# G# A#,→ D#,5,9,15,Bob Seger - BobSeger BlindLove|Christian Music - jesus loves me|Christian Music - let us break bread together|christian_music - jesus loves me|COUNTRY - babysgotherbluejeanson|COUNTRY - lookatus gill|COUNTRY - uaintwomanenuf|COUNTRY - yourstilltheone
G D G D Bm,→ G,5,9,10,Bon Jovi - thank you for loving mebonjovi|cars_the - you might think|COUNTRY - cityofneworleans willie|COUNTRY - heartsdesire|Culture Club - Do You Really Want to Hurt|joel_billy - leningrad|Movie Themes - Dances With Wolves|The Cars - you might think
G C G A D,→ G,5,9,14,brooks_garth - if tomorrow never comes|Christmas - jingle bells|COUNTRY - blameit|COUNTRY - blameitonyourcheatingheart|COUNTRY - bouqofroses|COUNTRY - letsaygoodblikeneverhello|COUNTRY - runbear2|Garth Brooks - if tomorrow never comes
G Am C G C,→ G,5,9,14,Carpenters - yesterday once more|carpenters_the - yesterday once more|Christmas - jolly old saint nicholas|COUNTRY - If Tomorrow Never(VERN)|Eagles - Take it Easy|Genesis - Paperlate|oasis - morning glory|Phil Collins - adinpds
C F G C Am,→ C,5,9,9,checker_chubby - let's twist again|Christmas - granma's christmas|Christmas - granma s christmas|Chubby Checker - let s twist again|styx - come sail away|Tears for Fears - Sowing the Seeds of Love|U2 - One|ub40 - one
D# A# G# D# A#,→ D#,5,9,14,"Christian Music - count your blessings|Christian Music - were you there|christian_music - count your blessings|christian_music - were you there|collins_phil - everyday|COUNTRY - ido paulbrandt|Phil Collins - Collins, Phil Everyday|Phil Collins - everyday"
C F C Am F,→ C,5,9,11,Coolio - too hot|COUNTRY - goodnews|COUNTRY - rockinyears|gabriele_peter - wash water|grant_amy - stay for awhile|Huey Lewis - Stuck With You|lewis_huey_and_the_news - stuck with you|midler_bette - the rose
D C D C G,→ D,5,9,10,COUNTRY - ballad jjames|COUNTRY - whenwemakelove|COUNTRY - whenwemakelove al|joel_billy - blonde over blue|Movie Themes - Legends Of The Fall|Rollin STones - Sympathy for the Devil|roxette - run to you|UNSORTED - SOLONG
E C#m E A,→ E,4,9,15,"Big Thief - Masterpiece|COUNTRY - crossmyheart gs|mighty_mighty_bosstones - the impression that i get|Movie Themes - Starship Troopers|Phil Collins - Collins, Phil Another day in paradise|Rollin STones - Gimme Shelter|rolling_stones - gimme shelter|UNSORTED - whyrain"
Dm A Dm A,→ Dm,4,9,39,Billie Eilish - Therefore I Am|Alice In Chains - killer is me|alice_in_chains - killer is me|Marc Anthony - I Want To Spend My Lifetime|UNSORTED - EVE|UNSORTED - evewar|UNSORTED - I Just Called To Say I Love|UNSORTED - YOU MAKE
A Dm A Dm,→ A,4,9,29,Billie Eilish - Therefore I Am|The Beatles - Real Love|Alice In Chains - killer is me|alice_in_chains - killer is me|Marc Anthony - I Want To Spend My Lifetime|UNSORTED - evewar|UNSORTED - I Just Called To Say I Love|UNSORTED - YOU MAKE
E F#m D A,→ E,4,9,36,Bo Burnham - That Funny Feeling|John Denver - Take Me Home Country Roads|Old Crow Medicine Show - Wagon Wheel|a-ha - Take On Me|COUNTRY - allyoueverdoisbringmedown|COUNTRY - imnahurry alab|Goo Goo Dolls - Name|UNSORTED - AKINDOFM
C Em F G,→ C,4,9,14,Gerry & The Pacemakers - You'll Never Walk Alone|Atlantic Starr - i ll remember you|atlantic_starr - i'll remember you|Bob Seger - BobSeger StillSame|COUNTRY - amarillobymorning|COUNTRY - turnaround|REM - losereli|Trisha Yearwood - There Goes My Baby
C G Am F,→ C,4,9,22,Gillian Welch - Look At Miss Ohio|Lady Gaga - Always Remember Us This Way|Bon Jovi - blaze of glory|COUNTRY - amazed lonestar|Enya - orinocoflow|marley_bob - no woman no cry|police - so lonely|Rollin STones - Waiting on a Friend
D G C A,→ D,4,9,15,Grateful Dead - Ripple|Beatles - act naturaly|Beatles - your mother should know|clapton_eric - nobody knows you when you're down and out|COUNTRY - chet saltydog|COUNTRY - settingfancyfree|television_theme_songs - ron's honeymoon|television_theme_songs - ron s honeymoon
C A D G,→ C,4,9,12,Grateful Dead - Ripple|Beatles - your mother should know|COUNTRY - areyoulonesome|COUNTRY - backsaddle|COUNTRY - born2bblu|COUNTRY - born2beblue|COUNTRY - chet saltydog|COUNTRY - fourinthemorning farronyoung
F G Am G,→ F,4,9,14,Jackson Browne - Late For The Sky|clapton_eric - bellbottom blues|COUNTRY - anymore|COUNTRY - isthatatear tbyrd|Depech Mode - everything counts|depeche_mode - everything counts|Eric Clapton - bellbottom blues|nsync - tearin up my heart
F Am F G,→ F,4,9,14,Jackson Browne - Late For The Sky|guns_%26_roses - don t cry|iron_maiden - revelations|nicks_stevie - sister|prince - little red corvette|reel_big_fish - beer|smashing_pumpkins - cherry|TLC - Dear Lie
Am C D G,→ Am,4,9,19,Johnny Cash - Hurt|98 Degrees - I Do Cherish You|COUNTRY - Breathe|COUNTRY - breathe faith jens niehues|Don Henley - end of innocence|REM - Great Beyond|TV Themes - Early Edition|UNSORTED - faith breathe
C D G Am,→ C,4,9,17,Johnny Cash - Hurt|98 Degrees - I Do Cherish You|Bon Jovi - Wanted Dead Or Alive|COUNTRY - Breathe|COUNTRY - breathe faith jens niehues|COUNTRY - fireonmtn daniels|REM - Great Beyond|UNSORTED - faith breathe
A D Bm G,→ A,4,9,17,Lana Del Rey - Young And Beautiful|The Beatles - Real Love|Backstreet Boys - quit playing games|backstreet_boys - quit playing games|christian_music - as the dear panteth for the water|COUNTRY - 1niteatatime|COUNTRY - dadshands|COUNTRY - dannys song
E F#m E D,→ E,4,9,19,Linda Ronstadt - Long Long Time|clapton_eric - tears in heaven|COUNTRY - everybodyknows trisha|Eric Clapton - tears in heaven|Eric Clapton - th|houston_whitney - i will always love you|MatchBox 20 - Bent|Rollin STones - Satisfaction
B Em B Em,→ B,4,9,24,Nazareth - Love Hurts|COREL COLLECTION - CLAS 15|jackson_michael - ghosts|Rollin STones - Paint it Black|rolling_stones - paint it black|Sheryl Crow - A Change Would Do You Good|stone_temple_pilots - creep|stone_temple_pilots - daisy
F# B E B,→ F#,4,9,14,Neil Diamond - Sweet Caroline|Beach Boys - fun fun fun|beach_boys - fun fun fun|COUNTRY - burythehatchet|COUNTRY - stillcare|COUNTRY - Whatdoyousaytothat|fleetwood_mac - i don't want to know|fleetwood_mac - i don t want to know
C G D A,→ C,4,9,13,Neil Young - After The Gold Rush|buffet_jimmy - when the volcano blows|Cranberries - Linger|Jimmy Buffet - when the volcano blows|Movie Themes - Breakfast Club|pet_shop_boys - alwaysonmymind|pet_shop_boys - always on my mind|simple_minds - dont you forget about me
A D Em D,→ A,4,9,16,Pink - Just Give Me A Reason|Beatles - twist and shout|cocker_joe - with a little help from my friends|COUNTRY - bigwheelsrollin cd|guns_%26_roses - back off bitch|Olivia Newton John - Summer Nights|television_theme_songs - wonder years|TV Themes - With A Little Help
C D Em D,→ C,4,9,13,Rod Stewart - Reason To Believe|ABBA - i'm a marionette|ABBA - i m a marionette|Genesis - domino|smashing_pumpkins - disarm|Stevie Nicks - Edge of Seventeen|television_theme_songs - wacky lane|TV Themes - 7th Heaven
C# F# B F#,→ C#,4,9,16,Sonny & Cher - I Got You Babe|aerosmith - janie's got a gun|aerosmith - janie s got a gun|COUNTRY - whermigonnalive|Cyndi Lauper - Girls Just Want to Have Fun|foo_fighters - my poor brain|green_day - she|television_theme_songs - star trek voyager
G A Em F#m,→ G,4,9,14,Tears For Fears - Everybody Wants To Rule The World|brooks_garth - the dance|COUNTRY - unansweredprayers|COUNTRY - up2|Garth Brooks - the dance|Garth Brooks - uanswered prayer|Genesis - behind the lines|Genesis - duke's end
D Gm D Gm,→ D,4,9,30,The Beatles - If I Fell|Eagles - Witchy Woman|jackson_michael - earth song|joel_billy - 52nd street|nirvana - in bloom|Ricky Martin - Maria|UNSORTED - EARTHSON|White Zombie - Temple Of The Bull
D Bm G A,→ D,4,9,16,The Beatles - Real Love|Bon Jovi - thank you for loving mebonjovi|christian_music - as the dear panteth for the water|COUNTRY - 1niteatatime|COUNTRY - dadshands|COUNTRY - dannys song|Partridge Family - I Woke Up In Love This Morn|television_theme_songs - civil war
D Em C G,→ D,4,9,16,The Cranberries - Zombie|aerosmith - what it takes|christian_music - humble thyself in the presence of the lord|COUNTRY - countryroads|COUNTRY - itsyourlove|COUNTRY - shameless|Movie Themes - Escape From NY|Steve Winwood - higherlove
D A Bm G,→ D,4,9,29,The Cure - Friday I'm In Love|The Pogues - Fairytale of New York|COUNTRY - daddyshands|COUNTRY - keepstars|COUNTRY - pkisses|COUNTRY - strawbwine|four_non_blondes - what's up|four_non_blondes - what s up
Em A Em D,→ Em,4,9,11,Ace Of Base - Dont Turn Around|Ace Of Base - don t turn around|ace_of_base - don't turn around|dave_matthews_band - best of what s around|jamiroquai - cosmic girl|nine_inch_nails - piggy|simon_%26_garfunkel - scarborough fair|Sting - englishman in new york
G#m F# G#m F#,→ G#m,4,9,22,adams_bryan - thought i'd died and gone to heaven|Bryan Adams - Thought Id Died And Gone To|Foreigner - Foreigner Cold as ice|guns_%26_roses - since i don t have you|local_h - bound to the floor|smashing_pumpkins - thirty three|SmashMouth - All Star|warren_g - what's love got to do with it
G C Am Em,→ G,4,9,14,Atlantic Starr - always|atlantic_starr - always|Christian Music - calvary s love|christian_music - calvary's love|Christmas - granma's christmas|Christmas - granma s christmas|Coolio - fantastic voyage|red_hot_chilli_peppers - knock me down
C Am Em G,→ C,4,9,14,"Atlantic Starr - always|atlantic_starr - always|Christian Music - calvary s love|christian_music - calvary's love|Christmas - granma's christmas|Christmas - granma s christmas|Coolio - fantastic voyage|Lionel Richie - Richie,Lionel YouAreTrulyMyEndlessLove"
A#m C# A#m C#,→ A#m,4,9,14,Backstreet Boys - everybody|backstreet_boys - everybody|jamiroquai - blow your mind|loeb_lisa - stay|Pat Benatar - Dont Let It Show|prince - cream|television_theme_songs - airwolf|TV Themes - Airwolf
G Am D C,→ G,4,9,16,Bangles - eternal flame|COUNTRY - If Tomorrow Never(VERN)|COUNTRY - iftomorrownevercomes|COUNTRY - mostbeautgirlworld|Depech Mode - somebody|depeche_mode - somebody|Don Henley - end of innocence|UNSORTED - FLAME
Am C G C,→ Am,4,9,9,Barry Manilow - BarryMannilow IWriteTheSongs|Bruce Hornsby - The Way It Is|Bryan Adams - Christmas Time|COUNTRY - asanyfoolcansee tlaw|COUNTRY - hereyoucomeagain dolly|Madonna - Madonna LuckyStar|Queen - save me|red_hot_chilli_peppers - knock me down
A# D# F D#,→ A#,4,9,12,Barry Manilow - Mandy|Billy Joel - Honesty|COREL COLLECTION - CLAS 22|Disney - Zip A Dee Doo Dah|disney_songs - under the sea|disney_songs - zip a de do da|green_day - emenius sleepus|Madonna - Madonna Rain
A# D# A# Cm,→ A#,4,9,10,Barry Manilow - Mandy|Christian Music - closer walk with thee|Christian Music - just as i am|Christian Music - love lifted me|christian_music - closer walk with thee|COUNTRY - dannyboy|COUNTRY - hellowalls|grant_amy - everywhere i go
G Gm G Gm,→ G,4,9,13,Beatles - being for the benefit of mr kite|Bryan Adams - House Arrest|collins_phil - sussudio|COUNTRY - fancy reba|Genesis - sussudio|jamiroquai - music of the mind|Phil Collins - sussudio|primus - jerry was a racecar driver
A E Em E,→ A,4,9,9,Beatles - boys|Beatles - please please me|Christmas - silent night|COUNTRY - aintnothingwrongwradio|COUNTRY - highlowninbetween|COUNTRY - honkytonkman|Dixie Chicks - I Can Love You Better|Stevie Nicks - I Can Love You Better
C G Em Am,→ C,4,9,16,Beatles - honey pie|Beatles - in my life|COUNTRY - born2luvu mcollie|COUNTRY - Borntoloveyou|Foreigner - Urgent|Metallica - fade to black|Queen - friends will be friends|rogers_kenny - medley
F Am F C,→ F,4,9,11,Beatles - let it be|Christmas - walking in a winter wonderland|disney_songs - new baroqur|inxs - never tear us apart|Journey - girl cant help it|nicks_stevie - rhiannon|prince - little red corvette|television_theme_songs - miss marple
F D# F C,→ F,4,9,11,Beatles - ob la di ob la da|carey_mariah - i'll be there|COUNTRY - deltadawn|Enya - Enya enyatune|Mariah Carey - i ll be there|Righteoud Brothers - RighteousBrothers UnchainedMelody(60s)|Righteoud Brothers - RighteousBrothers UnchainedMelody1|Righteoud Brothers - RighteousBrothers UnchainedMelody5
E B E F#,→ E,4,9,11,Big Mr - to be with you|big_mr - to be with you|COUNTRY - dustbottle|COUNTRY - duston thebottle|COUNTRY - stillcare|garbage - only happy when it rains|hornsby_bruce - look out any window|REM - love is all around
E F#m E B,→ E,4,9,11,Big Mr - to be with you|big_mr - to be with you|buffet_jimmy - changes in latitude|COUNTRY - changesin latitudes changesin attitudes|COUNTRY - tempted|Jimmy Buffet - changes in latitude|UNSORTED - EBONY|UNSORTED - mrbigto
F#m G F#m G,→ F#m,4,9,33,bolton_michael - go the distance|dave_matthews_band - dancing nancies|goo_goo_dolls - iris|joel_billy - matter of trust|Journey - Journey Lights|Michael Bolton - go the distance|nirvana - oh the guilt|prince - raspberry beret
G# C# G# A#m,→ G#,4,9,9,Bon Jovi - one sweet day|boys_2_men - one sweet day|Boyz II Men - one sweet day|carey_mariah - one sweet day|Christmas - 12 days of christmas|Mariah Carey - one sweet day|richie_lionel - easy|U2 - Sunday Bloody Sunday
Am C Am F,→ Am,4,9,9,brooks_garth - industrial|Christmas - a merry little christmas|Christmas - have yourself a merry little christmas|fleetwood_mac - rhiannon|Foreigner - Double Vision|Foreigner - Foreigner Double vision|Garth Brooks - industrial|Metallica - until it sleeps
C Em Dm G,→ C,4,9,14,byrds_the - turn turn|Christian Music - calvary s love|christian_music - calvary's love|christian_music - great and mighty is the lord|Movie Themes - Bridges Of Madison County|television_theme_songs - hogan's heros|television_theme_songs - hogan s heros|The Byrds - turn turn
G C F Dm,→ G,4,9,12,Carpenters - top of the world|carpenters_the - top of the world|COUNTRY - babyblue|COUNTRY - babyblues gstrait|COUNTRY - bhamturnaround keithwhitley|COUNTRY - rosegarden lynnanderson|COUNTRY - whosbed|morisette_alanis - hand in my pocket
F C F Gm,→ F,4,9,11,Christian Music - my sins are gone|COUNTRY - babylikestorockit|COUNTRY - babyrocket|Disney - Winnie The Pooh|Foreigner - Foreigner Hot Blooded|Queen - makin whoopee|UNSORTED - ALLSONGS|UNSORTED - BACKLIFE
G# A#m G# A#m,→ G#,4,9,33,Christina Aguilera - genie|Christina Aguilera - Genie In A Bottle|COUNTRY - speclangel|dave_matthews_band - satellite|faith_no_more - easy|Madonna - Madonna Secret|richie_lionel - easy|U2 - Sunday Bloody Sunday
C G Dm G,→ C,4,9,14,Christmas - chipmunks christmas|Christmas - rockin around the christmas tree|COUNTRY - 26cents|COUNTRY - fadedpictureson thewall|COUNTRY - happytrails|kiss - beth|temptations - my girl|tool - aenima
C F Am F,→ C,4,9,12,Christmas - walking in a winter wonderland|COUNTRY - aroomfullofroses|disney_songs - new baroqur|inxs - never tear us apart|prince - little red corvette|reel_big_fish - she has a girlfriend now|smashing_pumpkins - cherry|television_theme_songs - miss marple
Gm D Gm D,→ Gm,4,9,24,clapton_eric - i shot the sheriff|Eagles - Witchy Woman|Eric Clapton - i shot the sheriff|jackson_michael - earth song|nirvana - in bloom|Ricky Martin - Maria|UNSORTED - EARTHSON|White Zombie - Temple Of The Bull
G D A Em,→ G,4,9,14,cocker_joe - with a little help from my friends|devo - jerkin' back and forth|devo - jerkin back and forth|Elvis - backonthechaingang|hornsby_bruce - river flow|Sheryl Crow - Strong Enough|television_theme_songs - wonder years|TV Themes - With A Little Help
A# Dm A# F,→ A#,4,9,15,collins_phil - do you remember|disney_songs - part of your world|fleetwood_mac - songbird|Genesis - invisible touch|jackson_michael - do you remember|Phil Collins - do you remember|UNSORTED - DO YOU R|UNSORTED - INVTOUCH
Dm A# Dm C,→ Dm,4,9,12,"collins_phil - in the air tonight|COREL COLLECTION - LITE 06|Madonna - Madonna NothingReallyMatters|mike_and_the_mechanics - silent running|Phil Collins - Collins, Phil In the air tonight|Phil Collins - in the air tonight|UNSORTED - FREED FR|UNSORTED - intheair"
A# Dm C Dm,→ A#,4,9,11,"collins_phil - in the air tonight|COREL COLLECTION - LITE 06|Madonna - Madonna NothingReallyMatters|mike_and_the_mechanics - silent running|Phil Collins - Collins, Phil In the air tonight|Phil Collins - in the air tonight|UNSORTED - FREED FR|UNSORTED - intheair"
A G A Bm,→ A,4,9,9,COUNTRY - buymearose|COUNTRY - buymearose kennyrogers|COUNTRY - Day O|Mozart - reqa|pink_floyd - goodbye blue sky|rolling_stones - black is black|roxette - queen of rain|Tone Loc - WildThing
A G A E,→ A,4,9,10,COUNTRY - godblesstexas|COUNTRY - mountmus al|Def Leppard - armageddon it|def_leppard - armageddon it|def_leppard - two steps behind|guns_%26_roses - back off bitch|Hanson - Mmmbop|Tone Loc - WildThing
A# G# D# G#,→ A#,4,9,13,COUNTRY - heartland|COUNTRY - heartland gstrait|COUNTRY - maybehenoticehernow|COUNTRY - tellmewhy|dave_matthews_band - one sweet world intro|erasure - oh lamour|rogers_kenny - the gambler|U2 - stay
A G Em G,→ A,4,9,10,COUNTRY - hereintherealworld|COUNTRY - youmoveme|guns_%26_roses - back off bitch|jackson_michael - ghosts|jackson_michael - heal the world|Madonna - i ll remember|nine_inch_nails - down in it|roxette - listen to your heart
C A C A,→ C,4,9,23,Genesis - i can't dance|Genesis - I Cant Dance|Genesis - i can t dance|nirvana - dumb|rush - roll the bones|Tears for Fears - Head Over Heels|television_theme_songs - candid camera|television_theme_songs - spiderman
A B C#m,→ A,3,9,27,Charlie Puth ft. Selena Gomez - We Don't Talk Anymore|abdul_paula - rush rush|Air Supply - She Never Heard Me Call|Allman Brothers Band - melissa|Pat Benatar - Hit Me With Your Best Shot|Paula Abdul - rush rush|UNSORTED - geri halliwell lift me up|UNSORTED - ISLA
G F D,→ G,3,9,10,Otis Redding - (Sittin’ On) the Dock of the Bay|Bon Jovi - Wanted Dead Or Alive|brown_james - i feel good|Christian Music - oh little town of bethlehem|iron_maiden - aces high|James Brown - i feel good|television_theme_songs - macgyver|television_theme_songs - waltons
D A C,→ D,3,9,13,Sam Cooke - Bring It On Home to Me|The Beatles - I Am The Walrus|The Beatles - With A Little Help From My Friends|Christian Music - joyful joyful we adore thee|christian_music - joyful joyful we adore thee|COUNTRY - whyhaventiheardfromyou reba|led_zepplin - rock and roll|Madonna - Madonna IllRemember
E G#m B,→ E,3,9,10,ABBA - hole in your soul|Ben Folds Five - underground|COUNTRY - b4imetu|COUNTRY - solonesome|red_hot_chilli_peppers - under the bridge|rush - limelight|rush - marathon|rush - mission
Am F Dm,→ Am,3,9,12,ABBA - money money money|Metallica - until it sleeps|Movie Themes - Schindlers List|radiohead - street spirit|styx - blue collar man (long nights)|sublime - same in the end|van_halen - i'll wait|van_halen - i ll wait
A D C#m,→ A,3,9,15,ABBA - waterloo|COUNTRY - aintnoway|COUNTRY - thataintnowaytogo|kiss - strange ways|rednex - cotton eyed joe|reel_big_fish - sell out|rolling_stones - can't be seen|rolling_stones - can t be seen
C# F# B,→ C#,3,9,15,ABBA - winner takes it all|Bob Seger - BobSeger OldTimeRnR|Christian Music - each for the other|christian_music - each for the other|green_day - when i come around|MatchBox 20 - Push|presidents_of_the_usa - lump|television_theme_songs - star trek voyager
D# Cm Fm,→ D#,3,9,29,Ace Of Base - beautiful life|ace_of_base - beautiful life|Beat - s Paradise|COUNTRY - earthangel|roxette - i'm sorry|roxette - i m sorry|television_theme_songs - popeye|TV Themes - Popeye
D# Fm Cm,→ D#,3,9,13,Ace Of Base - beautiful life|ace_of_base - beautiful life|carey_mariah - open arms|Christina Aguilera - mambo|Lou Bega - Mambo No 5|Mariah Carey - open arms|television_theme_songs - chips|UNSORTED - CHIPS
C D Bm,→ C,3,9,16,Air Supply - Making Love Out Of Nothing|clapton_eric - wonderful tonight|COUNTRY - fadedpictureson thewall|Def Leppard - defhysteria|Eric Clapton - wonderful tonight|Genesis - driving the last spike|Queen - one vision|television_theme_songs - brooklyn bridge chewing gum commercial
D G F#m,→ D,3,9,14,Alice In Chains - don t follow|alice_in_chains - don't follow|carey_mariah - there's got to be a way|dave_matthews_band - pantala naga pampa|Duran Duran - DuranDuran SaveAPrayer|Duran Duran - Save a Prayer|Duran Duran - Union of the Snake|duran_duran - save a prayer
Em Bm G,→ Em,3,9,18,America - america lonely people|Beatles - hard days night|Duran Duran - chauffer|Duran Duran - DuranDuran TheChauffer|duran_duran - chauffer|Eagles - One of These Nights|Metallica - wasting my hate|Queen - the show must go on
Am G D,→ Am,3,9,9,America - america sandman|Beatles - while my guitar gently weeps|CCR - Wholl Stop The Rain|COUNTRY - somedaysoon|Journey - separate ways worlds apart|prince - brick house|Queen - don t try so hard|smashing_pumpkins - cherub rock
E B G#m,→ E,3,9,12,America - america Sister goldenhair|COUNTRY - dontworryboutme|jamiroquai - cosmic girl|joel_billy - famous last words|Journey - faithfully|rush - limelight|steve_miller_band - rock'n me|steve_miller_band - rock n me
Dm F A#,→ Dm,3,9,12,Beat - tupac californialoveremix|clapton_eric - bad love|COUNTRY - 10000angels|Elvis - intheghetto|Eric Clapton - bad love|imbruglia_natalie - wishing i was there|Madonna - Madonna NothingReallyMatters|prince - 1999
D G Dm,→ D,3,9,10,Beatles - come together|COUNTRY - cityputcountry|COUNTRY - cityputthecountrybackinme nealmc|COUNTRY - devilwoman|COUNTRY - longnec|Motley Crue - motleygirls|silverchair - israel's son|silverchair - israel s son
G# A# Gm,→ G#,3,9,11,Beatles - help things we said today|COUNTRY - ido paulbrandt|COUNTRY - Whenyousaynothing|COUNTRY - whenyousaynothingatall|COUNTRY - yourstilltheone|Duran Duran - pretty maids all in a row|Eagles - Pretty Maids All In a Row|guns_%26_roses - get in the ring
C F D,→ C,3,9,10,Beck - devil s haircut|COUNTRY - dourememberthese|COUNTRY - satinst|Disney - Hakuna Matata|Duran Duran - Hungry Like a Wolf|Movie Themes - The Entertainer|red_hot_chilli_peppers - deep kick|television_theme_songs - looney tunes
C A# G,→ C,3,9,12,Billy Joel - Goodnight Saigon|clapton_eric - white room|COREL COLLECTION - WEST 09|COUNTRY - hardworkinman|COUNTRY - heartachesbyno|COUNTRY - ilovemyfriend charlierich|Eric Clapton - white room|u_s_songs - off we go into wild blue yonder
A Em E,→ A,3,9,9,Blues Brothers - sweet home chicago|blues_brothers - sweet home chicago|COUNTRY - biblebelt tritt|COUNTRY - girlswithguitars judds|COUNTRY - mountmus al|COUNTRY - whenyoubelieve mariah whitney|Garth Brooks - black sheep of the family|TV Themes - Friends
D# G# Cm,→ D#,3,9,11,Bob Seger - BobSeger BlindLove|carey_mariah - open arms|Christian Music - i love to tell the story|christian_music - i love to tell the story|Christmas - 12 days of christmas|dion_celine - because you loved me|Jo Dee Messina - becauseyoulovedme|Mariah Carey - open arms
F# B D#m,→ F#,3,9,12,Bon Jovi - bed of roses|Chicago - chihard|Christina Aguilera - Reflection|Collective Soul - precious declaration|collective_soul - precious declaration|COUNTRY - adalida|COUNTRY - adalida1|Disney - Reflection
B G#m F#,→ B,3,9,10,Brian McKnight - Back At One|Christian Music - lamb of glory|COUNTRY - detroitcty|fatboy_slim - praise you|hootie_and_the_blowfish - only wanna be with you|Kenny Loggins - Danger Zone|Sarah McGlachlan - Angel|Tori Amos - winter
Em D E,→ Em,3,9,12,brooks_garth - the dance|COUNTRY - unansweredprayers|COUNTRY - up2|faith_no_more - epic|Garth Brooks - the dance|Garth Brooks - uanswered prayer|kiss - dr love|kiss - spit
B F#m E,→ B,3,9,14,Bryan Adams - Before The Night Is Over|COUNTRY - b4imetu|COUNTRY - catchfallinstar|COUNTRY - catchfallstar|COUNTRY - kissangelgmorn|COUNTRY - stillcare|dire_straits - walk of life|grant_amy - big yellow taxi
A Bm Em,→ A,3,9,19,Bush - army of dreams|Kate Bush - army dreamer|rea_chris - fool if you think it s over|Steve Winwood - While You See a Chance|toto - somewhere tonight|UNSORTED - LAMBADA|UNSORTED - MASH|yes - love will find a way
D# Gm G#,→ D#,3,9,11,carey_mariah - open arms|COREL COLLECTION - JAZZ 07|COUNTRY - beautifulinmyeyes|crash_test_dummies - mmm mmm mmm mmm|dion_celine - because you loved me|Disney - Beauty|Jo Dee Messina - becauseyoulovedme|Mariah Carey - open arms
A Em D,→ A,3,9,10,CCR - Up Around The Bend|Christmas - joy to the world|COUNTRY - settingfancyfree|Emerson Lake and Palmer - benny the bouncer|emerson_lake_and_palmer - benny the bouncer|Metallica - disposible heros|Movie Themes - apollo 13|Rod Stewart - Stay With Me
A# D# Fm,→ A#,3,9,11,chapin_harry - cats in the cradle|Christian Music - let us break bread together|collins_phil - one more night|COREL COLLECTION - NEWA 03|COUNTRY - tellmewhy|Harry Chapin - cats in the cradle|Phil Collins - one more night|television_theme_songs - hill street blues
D# Fm A#,→ D#,3,9,9,chapin_harry - cats in the cradle|collins_phil - one more night|COREL COLLECTION - LITE 04|COUNTRY - immovingon hanksnow|grant_amy - everywhere i go|Harry Chapin - cats in the cradle|Phil Collins - one more night|television_theme_songs - hill street blues
C Bm D,→ C,3,9,11,Christian Music - go tell it on the mountain|christian_music - go tell it on the mountain|COUNTRY - hurtme2|COUNTRY - ringfire jcash|Depech Mode - strange love|depeche_mode - strange love|Mozart - serenad1|Rollin STones - Under my Thumb
F# A#m G#,→ F#,3,9,13,"Christina Aguilera - I Turn To You|COUNTRY - babyilyed|COUNTRY - believemebaby|COUNTRY - whiskeyriver willie|emerson_lake_and_palmer - the endless enigma|jackson_michael - rock with you|Lionel Richie - Richie,Lionel AllNightLong2|Trisha Yearwood - Believe Me Baby I Lied"
C Gm G,→ C,3,9,17,Christmas - let it snow|clapton_eric - rollin and tumblin|COREL COLLECTION - MISC 09|COUNTRY - dreambaby glenc|COUNTRY - icantstoplovingyou02|COUNTRY - tlc asap al|Eric Clapton - rollin and tumblin|seger_bob - old time rock n roll
D# Cm F,→ D#,3,9,14,Christmas - silver bells|COUNTRY - whosebed|hornsby_bruce - spider fingers|mclachlan_sarah - adia|Right Said Fred - RightSaidFred I'mTooSexy|Right Said Fred - RightSaidFred I'mTooSexy1|Right Said Fred - RightSaidFred I'mTooSexy4|toto - a thousand years
G# A#m C#,→ G#,3,9,12,collins_phil - against all odds|collins_phil - easy lover|Genesis - easy lover|hornsby_bruce - end of the innocence|MatchBox 20 - 3 AM|Phil Collins - against all odds|Phil Collins - easy lover|richie_lionel - easy
C# G# A#m,→ C#,3,9,13,collins_phil - easy lover|Genesis - easy lover|hornsby_bruce - end of the innocence|lennox_annie - missionary man|MatchBox 20 - 3 AM|Pat Benatar - Dont Let It Show|Phil Collins - easy lover|richie_lionel - easy
C F#dim G,→ C,3,9,9,COREL COLLECTION - SEA 03|COUNTRY - dowadidy|COUNTRY - hypnotize|COUNTRY - hypnotizethemoon|grant_amy - i will remember you|prince - little red corvette|Sugar Ray - Rivers|television_theme_songs - three stooges
F#m B E,→ F#m,3,9,15,COUNTRY - countryclub|Duran Duran - new kid in town|Eagles - New Kid in Town|Men at Work - Who Can It Be Now|Sting - they dance alone|UNSORTED - BARBIE G|UNSORTED - MAINTHEM|UNSORTED - Men At Work Who Can It Be Now
Bb F,→ Bb,2,9,82,Barry Manilow - Mandy|Bob Dylan - Mr. Tambourine Man|Cigarettes After Sex - Apocalypse|Fleetwood Mac - Songbird|Jackson Browne  - Doctor My Eyes|Sasha Sloan - Only Child|Sonny & Cher - I Got You Babe|The Five Satins - In the Still of the Night
A# B,→ A#,2,9,10,Mac Demarco - Chamber of Reflection|COREL COLLECTION - INTL 13|COUNTRY - sendmethepillow|Movie Themes - Top Gun|Movie Themes - top gun theme|Partridge Family - I Think I Love You|partridge_family - i think i love you|television_theme_songs - frasier
C# D,→ C#,2,9,53,Radiohead - Let Down|Beck - dead weight|COUNTRY - htmoon|Movie Themes - West Side Story|television_theme_songs - acapulco heat|television_theme_songs - bugs bunny|TV Themes - Bugs Bunny|TV Themes - Stone Cold Steve Austin
C#m F#m,→ C#m,2,9,23,Sufjan Stevens - Fourth of July|Bananorama - Cruel Summer|Beat - butterfly|Beatles - while my guitar gently weeps|carey_mariah - butterfly|cole_paula - where have all the cowboys gone|Mariah Carey - butterfly|nirvana - territorial pissings
G# C#m,→ G#,2,9,13,Ace Of Base - happy nation|ace_of_base - happy nation|Britney Spears - oopsididitagain|Duran Duran - a view to kill|Duran Duran - DuranDuran AViewToAKill|duran_duran - a view to kill|Madonna - Madonna TakeABow|Madonna - take a bow
A# Bdim,→ A#,2,9,9,Ace Of Base - lucky love|ace_of_base - lucky love|Beatles - straberry fields forever|COUNTRY - aroomfullofroses|COUNTRY - cestlavie|COUNTRY - younevercantell emmylouharris|George Michael - Father Figure|television_theme_songs - gadget
G#m F#m,→ G#m,2,9,32,Aqua - barbie girl|Beat - tha cros|Bone - tha crossroads|COUNTRY - alittlepastlittlerock leeannwomack|COUNTRY - Faith Hill This Kiss|COUNTRY - thiskiss(VERN)|Genesis - many too many|UNSORTED - bc heaven
B A#dim,→ B,2,9,13,Beatles - and your bird can sing|Bryan Adams - Before The Night Is Over|Chicago - chicagohardtosay|Chicago - chiyou|Chicago - hard to say i'm sorry get away|Christian Music - my yielded heart|COUNTRY - freighttrain rustydraper|COUNTRY - Whatdoyousaytothat
D# Ddim,→ D#,2,9,11,"Bob Seger - BobSeger BlindLove|Christina Aguilera - Come On Over|doors_the - crystal ship|hornsby_bruce - harbor lights|Johnny Rivers - Rivers,Johnny Rockin'PneumoniaBoogieWoogieFlu|Johnny Rivers - Rivers,Johnny RockingPneumoniaAndBoogieWoogieFlu(50s)|Madonna - Madonna RayOfLight|Mozart - req9"
Cm Cdim,→ Cm,2,9,13,Bon Jovi - bonjovi itsmylife|Bon Jovi - it's my life|COUNTRY - halfwaydown|COUNTRY - halfwaydown ploveless|COUNTRY - themanilove|Ricky Martin - La Copa De La Vida|TLC - waterfall|TLC - Waterfalls
Gm Edim,→ Gm,2,9,21,christian_music - the battle belongs to the lord|COUNTRY - AGDTTSCU|COUNTRY - aintgoingdown|COUNTRY - aintgoingdowntillthesuncomesup|COUNTRY - ISwear|Genesis - cinema show|jackson_michael - i just can't stop loving you|red_hot_chilli_peppers - aeroplane
A#m G#m,→ A#m,2,9,23,COREL COLLECTION - INTL 13|Genesis - Jesus He Knows Me|houston_whitney - i wanna dance with somebody|Madonna - vogue|smashing_pumpkins - melon collie and the infinite sadness|Tori Amos - winter|U2 - Sunday Bloody Sunday|UNSORTED - TWOBECOM
D#m A#m,→ D#m,2,9,13,"COREL COLLECTION - JAZZ 08|COUNTRY - It Matters(VERN)|Genesis - heathaze|jamiroquai - blow your mind|Peter Gabriel - Gabriel, Peter Sledgehammer|television_theme_songs - sledgehammer|UNSORTED - ALLIASK|UNSORTED - SLEDGE"
Dm E,→ Dm,2,9,12,erasure - so the story goes|led_zepplin - moby dick|marx_richard - right here waiting|Movie Themes - Misirlou|Movie Themes - pulp fiction|nirvana - lounge act|rea_chris - it s all gone|Richard Marx - Right Here Waiting For You
D#m G#m,→ D#m,2,9,25,Genesis - A Trick of the Tail|Genesis - trick of the tail|hornsby_bruce - passing through|local_h - bound to the floor|Metallica - low man's lyric|Metallica - low man s lyric|Metallica - unforgiven new|UNSORTED - PhantomG
E A E D A,→ E,5,8,9,Bee Gees - To Love Somebody|Blur - in the country|COREL COLLECTION - LITE 07|COREL COLLECTION - POP 02|COUNTRY - allyoueverdoisbringmedown|COUNTRY - babyyourbaby gs|police - de do do do de da da da|UNSORTED - sylvias
F C G F G,→ F,5,8,11,Cat Stevens - Wild World|Bryan Adams - Somebody|COUNTRY - littlerock|hawkins_sophie - as i lay me down|roxette - harley's and indians|roxette - harley s and indians|UNSORTED - kissover|UNSORTED - timeaft
Am G F G C,→ Am,5,8,12,Led Zeppelin - D’yer Mak’er|clapton_eric - bellbottom blues|Eric Clapton - bellbottom blues|Movie Themes - stand by me|soul_asylum - runaway train|styx - best of times|styx - the best of times|UNSORTED - pianoman
G D G Bm D,→ G,5,8,10,Patti Smith - Because the Night|America - america Ventura hwy|buffet_jimmy - cheese burger paradise|COUNTRY - backroads rickvsheldon|Jimmy Buffet - cheese burger paradise|UNSORTED - I'm a Believer|UNSORTED - igotyou|UNSORTED - reasons
G C G Am C,→ G,5,8,12,Pink - Just Give Me A Reason|COUNTRY - If Tomorrow Never(VERN)|Eagles - Already Gone|Eagles - Take it Easy|Genesis - Paperlate|hootie_and_the_blowfish - let her cry|hornsby_bruce - old playground|UNSORTED - leanonme1
A B E B E,→ A,5,8,10,Wheatus - Teenage Dirtbag|COUNTRY - Everyminute|COUNTRY - kickalittle|Cranberries - dreams|dire_straits - why worry|Pat Benatar - Hit Me With Your Best Shot|UNSORTED - beautwom|UNSORTED - Stand By Me PRO(John Lennon)
Em C G Em G,→ Em,5,8,9,ABBA - super trouper|COUNTRY - trouble|COUNTRY - trouble tritt|green_day - good riddance|Journey - Journey Anyway you want it|Movie Themes - Axels Theme|Movie Themes - beverly hills cop theme|ZZ Top - Just Got Paid
Am F Am C F,→ Am,5,8,8,adams_bryan - heaven|Bryan Adams - heaven|Foreigner - Double Vision|Foreigner - Foreigner Double vision|nicks_stevie - rhiannon|styx - best of times|styx - the best of times|UNSORTED - DoubleVision
E D E D A,→ E,5,8,10,adams_bryan - please forgive me|Bryan Adams - Please Forgive Me|COUNTRY - bluesteyesintexas|COUNTRY - rumorhasit reba|COUNTRY - rumor has it|rage_against_the_machine - bulls on parade|Restless Heart - bluesteyesintexas[1]|UNSORTED - radio
E A B A B,→ E,5,8,12,Air Supply - She Never Heard Me Call|Boston - piece of mind|dire_straits - walk of life|Kenney Rogers - The Gambler|morisette_alanis - you oughta know|Rollin STones - Time Is on my Side|sublime - santeria|UNSORTED - Every Once In A While
B E A E A,→ B,5,8,11,Air Supply - She Never Heard Me Call|COUNTRY - burningmem|COUNTRY - crossmyheart gs|COUNTRY - kickalittle|dire_straits - walk of life|Kenney Rogers - The Gambler|morisette_alanis - you oughta know|Rick Springfield - Ive Done Everything For You
Em D C Em C,→ Em,5,8,9,Alice In Chains - nutshell|alice_in_chains - nutshell|Billy Joel - Big Shot|Cake - the distance|carey_mariah - all i want for christmas|Mariah Carey - All I Want|Mariah Carey - all i want for christmas|REM - e bow the letter
G C F G F,→ G,5,8,11,Atlantic Starr - i ll remember you|atlantic_starr - i'll remember you|Bryan Adams - Somebody|COUNTRY - coatofmanycolors dolly|COUNTRY - thinkinthing traceadkins|Elvis - teddybear|kiss - black diamond|morisette_alanis - head over feet
A# D# F A# D#,→ A#,5,8,14,"Barry Manilow - Mandy|Christian Music - angels watching over me|Christian Music - standing on the promises|christian_music - angels watching over me|christian_music - standing on the promises|COUNTRY - hellomarylou|Lionel Richie - Richie,Lionel&DianaRoss EndlessLove|manilow_barry - mandy"
D A G A G,→ D,5,8,10,Beatles - across the universe|COUNTRY - cityofneworleans willie|COUNTRY - happygirl martina|cure_the - friday|def_leppard - two steps behind|Journey - Journey Open Arms|Rod Stewart - Someone Like You|UNSORTED - thanks
C F A# F A#,→ C,5,8,13,Beatles - all together now|COREL COLLECTION - MISC 11|COUNTRY - blueclearsky jmm|COUNTRY - forgivingyouwaseasy willie|COUNTRY - happyhearts|UNSORTED - I Could Not Ask For More|UNSORTED - ROMEO AN|UNSORTED - twinpeak
Em C G Em C,→ Em,5,8,11,Beatles - a day in the life|disney_songs - new baroqur|extreme - more than words|jackson_michael - man in the mirror|kansas - dust in the wind|police - every breath you take|Sting - everybreathyoutake|UNSORTED - Dustwind
G C G C Em,→ G,5,8,8,Beatles - a day in the life|CCR - CCR Medley|COUNTRY - delrio drive|COUNTRY - fromheretoeternity|COUNTRY - gonecountry|dave_matthews_band - typical situation|houston_whitney - one moment in time|pearl_jam - rockin in the free world
C Am G C G,→ C,5,8,9,Beatles - paperback writer|Bruce Hornsby - The Way It Is|Christian Music - do you know jesus|Christian Music - morning has broken|christian_music - do you know jesus|COUNTRY - ialright|COUNTRY - turnaround|smashing_pumpkins - rocket
A E Bm A Bm,→ A,5,8,11,Billy Idol - BillyIdol WhiteWedding|Billy Idol - Billy Idol White wedding|COUNTRY - dancinonblvd al|COUNTRY - dancinonthe(VERN)|COUNTRY - shaggingdancingontheboulevard|COUNTRY - sumblue|COUNTRY - summertimeblues aljack|UNSORTED - bi whitewed
F G C Am G,→ F,5,8,14,Bob Carlisle - butterfly kisses|carlislie_bob - butterfly kisses|clapton_eric - bellbottom blues|COUNTRY - goodbye earl|Dixie Chicks - Goodbye Earl|Eric Clapton - bellbottom blues|Movie Themes - stand by me|Stevie Nicks - Goodbye Earl
G Em D G D,→ G,5,8,8,Boston - more than a feeling|COUNTRY - istillbelieveinyou vgill|goo_goo_dolls - iris|jethro_tull - bungle in the jungle|sailor_moon - you're yet still my love|sailor_moon - you re yet still my love|television_theme_songs - picket fences|UNSORTED - ALICEFAR
G F C G F,→ G,5,8,10,Bryan Adams - Somebody|Celine Dion - Im Your Angel|erasure - sometimes|hawkins_sophie - as i lay me down|hornsby_bruce - stander on the mountain|roxette - harley's and indians|roxette - harley s and indians|UNSORTED - timeaft
C G C G Dm,→ C,5,8,9,byrds_the - turn turn|Christian Music - fill my cup|christian_music - fill my cup|COREL COLLECTION - FNFRE 04|COUNTRY - coolwater|Disney - Its A Small World|led_zepplin - your time is gonna come|The Byrds - turn turn
A# G# D# A# D#,→ A#,5,8,12,"Christian Music - count your blessings|Christian Music - were you there|christian_music - count your blessings|christian_music - were you there|collins_phil - everyday|COUNTRY - ido paulbrandt|Phil Collins - Collins, Phil Everyday|Phil Collins - everyday"
C F A# C A#,→ C,5,8,10,Christian Music - i love you lord|Christian Music - my jesus i love thee|christian_music - i love you lord|COUNTRY - canihavethisdance|COUNTRY - sayhello|Enya - Enya shepard|nicks_stevie - gypsy|Righteoud Brothers - RighteousBrothers You'veLostThatLovin'Feeling1
C Em C G Em,→ C,5,8,9,Christian Music - there is none like you|christian_music - there is none like you|COUNTRY - whenwemakelove|COUNTRY - whenwemakelove al|jackson_michael - man in the mirror|kansas - dust in the wind|tool - message to harry manback|UNSORTED - Dustwind
C G Am C F,→ C,5,8,10,Christmas - jolly old saint nicholas|COUNTRY - drivemewild sawyerbrown|COUNTRY - rockinyears|COUNTRY - straw|grant_amy - stay for awhile|joel_billy - piano man|Madonna - don't cry for me argentina|Madonna - don t cry for me argentina
C# F# C# F# G#,→ C#,5,8,8,COUNTRY - babyilyed|COUNTRY - believemebaby|jewel - near you always|richie_lionel - sail on|richie_lionel - still|television_theme_songs - bugs bunny|Trisha Yearwood - Believe Me Baby I Lied|TV Themes - Bugs Bunny
G# A# D# A# D#,→ G#,5,8,12,COUNTRY - babysgotherbluejeanson|COUNTRY - lookatus gill|COUNTRY - uaintwomanenuf|grant_amy - everywhere i go|green_day - pulling teeth|Kenny Loggins - Footloose|Movie Themes - Footloose|nine_inch_nails - perfect drug
E A E A D,→ E,5,8,11,COUNTRY - babyyourbaby gs|COUNTRY - battleneworl|COUNTRY - bd bootscoot big|COUNTRY - blame hwy101|COUNTRY - foolheartedmemory|Europe - The Final Countdown|guns_%26_roses - rocket queen|rolling_stones - satisfaction
G C F C D,→ G,5,8,13,COUNTRY - cadillacstyle samkershaw|COUNTRY - goaway|COUNTRY - go awaywaitaminute|COUNTRY - helpmenight|COUNTRY - honeywontyouopenthatdoor|Elvis - teddybear|television_theme_songs - casper the friendly ghost|TV Themes - Casper the Friendly Ghost
G D Em A D,→ G,5,8,9,COUNTRY - judd grandpa|COUNTRY - river|COUNTRY - sclausestillbelieveinu al|COUNTRY - The River(VERN)|COUNTRY - theriver|Garth Brooks - the river|Rod Stewart - You Wear It Well|television_theme_songs - picket fences
D A E F#m,→ D,4,8,33,Bo Burnham - That Funny Feeling|John Denver - Take Me Home Country Roads|Old Crow Medicine Show - Wagon Wheel|a-ha - Take On Me|COUNTRY - imnahurry alab|Goo Goo Dolls - Name|Sarah McGlachlan - Sweet Surrender|UNSORTED - AKINDOFM
Am C F Dm,→ Am,4,8,15,Cigarettes After Sex - Apocalypse|Noah Cyrus - July|checker_chubby - let's twist again|Chicago - 25or6to4|Chicago - 25 or 6 to 4|Chubby Checker - let s twist again|Rollin STones - Miss You|rolling_stones - miss you
F#m E A E,→ F#m,4,8,11,King Princess - 1950|ABBA - dancing queen|COUNTRY - bd bootscoot big|grant_amy - big yellow taxi|hootie_and_the_blowfish - hold my hand|UNSORTED - DANCING|UNSORTED - MAINTHEM|UNSORTED - whyrain
G F C Am,→ G,4,8,10,Lady Gaga - Always Remember Us This Way|ABBA - hamlet 3|christian_music - a mighty fortress is our god|COUNTRY - rhinestonecowboy|COUNTRY - thinkingproblem|live - turn my head|UNSORTED - addicted|UNSORTED - count
D Am D G,→ D,4,8,14,Lady Gaga and Bradley Cooper - Shallow|COUNTRY - donttellmewhattodo|COUNTRY - iquit vince|COUNTRY - waltzetex|Duran Duran - tequila sunrise|Eagles - Tequila Sunrise|hornsby_bruce - china doll|TV Themes - Teletubbies
G C Am Dm,→ G,4,8,20,Pink SweatS - At My Worst|Beatles - golden slumbers|Christmas - silver and gold|COUNTRY - ugavemeamount|Movie Themes - Advance To The Rear|Movie Themes - Doctor Doolittle|Righteoud Brothers - RighteousBrothers EbbTide|UNSORTED - KILLSOFT
G Bm G A,→ G,4,8,14,Psycho Killer - Talking Heads|Collective Soul - the world i know|collective_soul - the world i know|rolling_stones - black is black|roxette - queen of rain|Sting - Fields Of Gold|Sting - fldsgold|television_theme_songs - picket fences
G D A Bm,→ G,4,8,23,The Cure - Friday I'm In Love|COUNTRY - chataho|COUNTRY - chattahoochie|COUNTRY - daddyshands|COUNTRY - keepstars|COUNTRY - strawbwine|four_non_blondes - what's up|four_non_blondes - what s up
G#m C# G#m C#,→ G#m,4,8,17,2 Unlimited - let the beat coŠl your body|2_unlimited - let the beat control your body|COREL COLLECTION - INTL 13|COUNTRY - mysweetlord|Madonna - Madonna BeautifulStrangerGecko|SmashMouth - Walking On The Sun|smash_mouth - walking in the sun|U2 - I Will Follow
G# F G# F,→ G#,4,8,57,2 Unlimited - workaholic|2_unlimited - workaholic|Alice In Chains - rooster|alice_in_chains - rooster|Blur - ecco song|Blur - song 2|toto - i won t hold back|UNSORTED - safety
F G# F G#,→ F,4,8,45,2 Unlimited - workaholic|2_unlimited - workaholic|Alice In Chains - rooster|alice_in_chains - rooster|Blur - ecco song|Blur - song 2|toto - i won t hold back|UNSORTED - safety
E A D Bm,→ E,4,8,16,a-ha - take on me|COUNTRY - foolheartedmemory|COUNTRY - rumorhasit reba|COUNTRY - rumor has it|Europe - The Final Countdown|Restless Heart - whenshecries|UNSORTED - EUROPE|UNSORTED - TAKEONME
Em D G C,→ Em,4,8,10,ABBA - eagle|Eagles - Desperado|Foreigner - watluvis|Goo Goo Dolls - Slide|Journey - Journey Be good to yourself|lennox_annie - don't ask me why|lennox_annie - don t ask me why|UNSORTED - I WANT T
F Em F C,→ F,4,8,14,ABBA - i wonder|Asia - only time will tell|COUNTRY - rainynights erabbit|Cyndi Lauper - Time after Time|pearl_jam - state of love and trust|steve_miller_band - take the money and run|UNSORTED - protect|UNSORTED - yourvain
D C#m A Bm,→ D,4,8,8,ABBA - waterloo|Air Supply - Come What May|brooks_meridith - bitch|Meridith Brooks - bitch|rolling_stones - can't be seen|rolling_stones - can t be seen|UNSORTED - Bitch|UNSORTED - bitch2
F Am G C,→ F,4,8,11,Ace Of Base - lucky love|ace_of_base - lucky love|COUNTRY - istherelife reba|Disney - Kiss The Girl|joel_billy - captain jack|Queen - my friend|styx - best of times|styx - the best of times
F#m A D E,→ F#m,4,8,13,adams_bryan - can't stop this thing we started|Bryan Adams - Cant Stop That Thing We Sta|clapton_eric - tears in heaven|Eric Clapton - tears in heaven|fleetwood_mac - little lies|kravitz_lenny - heaven help|oasis - wonder wall|UNSORTED - WONDERWALL
F C F Dm,→ F,4,8,8,adams_bryan - heaven|Bryan Adams - heaven|COUNTRY - Day O|Duran Duran - i can't tell you why|Eagles - i can't tell you why|Eagles - I Cant Tell You Why|Eagles - i can t tell you why|Pat Benatar - Love Is A Battlefield
A D Bm D,→ A,4,8,9,aerosmith - livin on the edge|Christofer Cross - Sailing|COUNTRY - cattlecall|COUNTRY - enjine9|COUNTRY - evrgreen|COUNTRY - ineedu trisha|toto - somewhere tonight|UNSORTED - TEKKENII
Cm F Cm F,→ Cm,4,8,15,alan_parsons_project - dr tarr and professor|crow_sheryl - everyday is a winding road|Enya - Enya OricalFlows|jethro_tull - living in the past|kc_and_the_sunshine_band - kc medley|Movie Themes - Aquarius|nine_inch_nails - last|UNSORTED - POWEROFL
Am A Am A,→ Am,4,8,11,Alice In Chains - brother|alice_in_chains - brother|Beatles - she's a woman|Beatles - she s a woman|COUNTRY - chet windy n warm|Genesis - firth of fifth|led_zepplin - black dog|led_zepplin - kashmire
F#m Em F#m Em,→ F#m,4,8,20,America - america Ventura hwy|Bryan Adams - This Time|earth_wind_fire - lets groove|maryln_manson - irresponsible hate anthem|Metallica - eye of the beholder|police - king of pain|UNSORTED - JUSTDIED|UNSORTED - RELIGHTM
F# C# F# G#,→ F#,4,8,11,"Asia - heat of the moment|COUNTRY - biglove tbyrd|COUNTRY - poorpitifulme terriclark|Hanson - This Time Around|Lionel Richie - Richie,Lionel AllNightLong|richie_lionel - sail on|UNSORTED - AMILLION|UNSORTED - She Drives Me Crazy"
F# G# F# C#,→ F#,4,8,10,"Asia - heat of the moment|COUNTRY - poorpitifulme terriclark|jewel - near you always|Lionel Richie - Richie,Lionel AllNightLong|richie_lionel - sail on|Tori Amos - here in my head|UNSORTED - AMILLION|UNSORTED - She Drives Me Crazy"
C G F Am,→ C,4,8,16,"Backstreet Boys - as long as you love me|backstreet_boys - as long as you love me|Chicago - 25or6to4|Chicago - 25 or 6 to 4|Movie Themes - Addicted To Love|palmer_robert - addicted to love|Robert Palmer - addictedtolove|Robert Palmer - Palmer, Robert Addicted to love"
Fm F# Fm F#,→ Fm,4,8,17,Backstreet Boys - everybody|backstreet_boys - everybody|en_vogue - never gonna get it|Genesis - Dance on a Volcano|Genesis - dance on the volcano|Genesis - one for the vine|richie_lionel - sail on|UNSORTED - video
E D#m E D#m,→ E,4,8,48,Backstreet Boys - get down|backstreet_boys - get down|Beat - puffy beenaround|Bobby Brown - every little step i take|brown_bobby - every little step i take|Madonna - Madonna VogueRemix|prince - do me baby|puff_daddy - been around the world
D#m E D#m E,→ D#m,4,8,39,Backstreet Boys - get down|backstreet_boys - get down|Beat - puffy beenaround|Bobby Brown - every little step i take|brown_bobby - every little step i take|Madonna - Madonna VogueRemix|prince - do me baby|puff_daddy - been around the world
D C G Em,→ D,4,8,13,Bangles - Bangles eternal flame|Celine Dion - Thats The Way It Is|COUNTRY - countryroads|COUNTRY - eternal|Eagles - Take it Easy|Journey - send her my love|The Bangles - Eternal Flame|TV Themes - 7th Heaven
F Gm F A#,→ F,4,8,13,BareNaked Ladies - The Old Apartment|cure_the - close to me|Elvis - bluehawaii|Enigma - Enigma ReturnToInnocence|mellancamp_john_cougar - i believe in miracles|midler_bette - wind beneath my wings|steve_miller_band - joker|UNSORTED - DON TSTO
G C Gm C,→ G,4,8,13,Barry Manilow - BarryMannilow IWriteTheSongs|COUNTRY - deepnheartoftes|COUNTRY - dontrockjkbx ajackson|COUNTRY - whatthecowgirlsdo gill|Disney - Kiss The Girl|jackson_alan - don't rock the jukebox|jackson_alan - don t rock the jukebox|joel_billy - running on ice
C Dm G Dm,→ C,4,8,9,Beach Boys - i get around|beach_boys - i get around|Carpenters - top of the world|carpenters_the - top of the world|COREL COLLECTION - INTL 06|COUNTRY - areyoulonesome|COUNTRY - ruby shoestown krogers|Genesis - domino
G Em D Em,→ G,4,8,9,Beat - fantasy|COUNTRY - closeruget|devo - jerkin' back and forth|devo - jerkin back and forth|Goo Goo Dolls - Iris|jethro_tull - bungle in the jungle|smashing_pumpkins - bullet with butterfly wings|UNSORTED - pacific
F#m A F#m B,→ F#m,4,8,8,Beatles - a taste of honey|garbage - stupid girl|level_42 - the sun goes down|oasis - wonder wall|stone_temple_pilots - artschool girlfriend|UNSORTED - bc heaven|UNSORTED - stupgirl|UNSORTED - WONDERWALL
E A C#m D,→ E,4,8,12,Beatles - here comes the sun|Celine Dion - Tell Him|COUNTRY - amanthislonely bnd|COUNTRY - hethinkshellkeepher|COUNTRY - hethinkskeepher|Movie Themes - Misirlou|Movie Themes - pulp fiction|UNSORTED - ridance
B A E A,→ B,4,8,10,Beatles - i saw her standing there|COREL COLLECTION - NEWA 10|COUNTRY - My Maria(VERN)|crosby_stills_and_nash - sweet judy blue eyes|def_leppard - when love and hate collide|UNSORTED - beautwom|UNSORTED - Every Once In A While|UNSORTED - JUDYBLUE
C F Am Dm,→ C,4,8,8,Beatles - i will|collins_phil - do you remember|COREL COLLECTION - INTL 02A|COUNTRY - crich behind|jackson_michael - do you remember|Marc Anthony - No Me Ames|Phil Collins - do you remember|UNSORTED - DO YOU R
G Em D C,→ G,4,8,13,Beatles - love me do|Bryan Adams - One Night Love Affair|Celine Dion - Thats The Way It Is|COUNTRY - countryroads|COUNTRY - divorce|Eagles - Take it Easy|fugees - killing me softly|Journey - send her my love
Bm C Bm C,→ Bm,4,8,36,Bee Bees - i started a joke|beegees - i started a joke|Billy Joel - Allentown|COUNTRY - fireonmtn daniels|korn - clown|pearl_jam - release|pink_floyd - keep talking|weezer - undone the sweater song
C Bm C Bm,→ C,4,8,35,Bee Bees - i started a joke|beegees - i started a joke|Billy Joel - Allentown|COUNTRY - fireonmtn daniels|korn - clown|pearl_jam - release|pink_floyd - keep talking|weezer - undone the sweater song
A F#m E B,→ A,4,8,9,Big Mountain - baby i love your way|big_mountain - baby i love your way|Bon Jovi - someday i'll beurday night|Chicago - hard to say i'm sorry get away|COUNTRY - headscarolina|COUNTRY - headscaroline tailscalifornia jodeemessina|U2 - Pride|U2 - pride in the name of love
C F C Em,→ C,4,8,10,Billy Joel - Goodnight Saigon|COREL COLLECTION - NEWA 02|COUNTRY - bhamturnaround keithwhitley|hawkins_sophie - as i lay me down|inxs - never tear us apart|joel_billy - root beer rag|UNSORTED - cl truecols|van_halen - not enough
C D C F,→ C,4,8,10,Billy Joel - Only the Good Die Young|christian_music - angels we have heard on high|COUNTRY - amiblue gs|COUNTRY - rockinyears|Elvis - bluehawaii|gabriele_peter - wash water|Mozart - reqb|television_theme_songs - married with children
D G Dm C,→ D,4,8,13,Billy Joel - Shes Got a Way|COUNTRY - fourinthemorning farronyoung|COUNTRY - goodheartwoman|COUNTRY - howtimeslipsaway|COUNTRY - shesgotaway|joel_billy - she's got a way|joel_billy - she s got a way|u_s_songs - march me
C# F# C# Fm,→ C#,4,8,8,Bon Jovi - one sweet day|boys_2_men - one sweet day|Boyz II Men - one sweet day|carey_mariah - one sweet day|COUNTRY - babyilyed|COUNTRY - believemebaby|Mariah Carey - one sweet day|Trisha Yearwood - Believe Me Baby I Lied
Edim F Edim F,→ Edim,4,8,21,Boston - foreplay|Boston - long time|carey_mariah - can't let go|COUNTRY - doyou|Huey Lewis - Power of Love|Mariah Carey - can t let go|steve_miller_band - joker|UNSORTED - BEN XG
G#m B G#m B,→ G#m,4,8,27,Brian McKnight - Back At One|Genesis - Jesus He Knows Me|Journey - faithfully|smashing_pumpkins - soma|U2 - new year's day|U2 - New Years Day|U2 - new year s day|weezer - only in dreams
D G A Em,→ D,4,8,8,brooks_garth - the dance|Christian Music - the heavenly light|christian_music - the heavenly light|Christmas - joy to the world|COUNTRY - unansweredprayers|COUNTRY - up2|Garth Brooks - the dance|Garth Brooks - uanswered prayer
Fm A#m Fm A#m,→ Fm,4,8,24,carey_mariah - now that i know|Foreigner - Foreigner I'll been waiting...|Foreigner - waiting|Foreigner - Waiting for a Girl Like You|lennox_annie - missionary man|Mariah Carey - now that i know|Phil Collins - anotherdayinparadise|smashing_pumpkins - ava adore
Dm C Dm G,→ Dm,4,8,9,Carpenters - top of the world|carpenters_the - top of the world|clapton_eric - bad love|COUNTRY - ruby shoestown krogers|Eric Clapton - bad love|Genesis - domino|Genesis - Misunderstanding|UNSORTED - TWOTRIBE
E Bm E A,→ E,4,8,10,CCR - Born On A Bayou|CCR - born on the bayou|COUNTRY - befrthenexterdrp|COUNTRY - endoftheworld|COUNTRY - ff b4nextteardropfall|COUNTRY - littlsis|jackson_michael - black or white|rolling_stones - satisfaction
A# F A# Gm,→ A#,4,8,11,CCR - Lookin Out My Back Door|COREL COLLECTION - POP 08|COUNTRY - amazes|COUNTRY - inadiffe|def_leppard - miss you in a heartbeat|nazereth - love hurts|Pat Benatar - We Belong|radiohead - no alarm no suprises
F Am A# C,→ F,4,8,14,"Celine Dion - My Heart Will Go On Techno|COREL COLLECTION - WEST 01|disney_songs - part of your world|erasure - always|Movie Themes - philadelphia|nicks_stevie - sara|Phil Collins - Collins, Phil Do you remember|springstein_bruce - streets of philidelphia"
G# C# A#m D#,→ G#,4,8,14,Celine Dion - Power Of Love|COUNTRY - ibelieveinangels leannrimes|COUNTRY - mywomanmywife|COUNTRY - wayuluv|dion_celine - the power of love|Disney - When You Wish Upon A Star|disney_songs - when you wish upon a star|UNSORTED - JINGBELL
D# G# C# A#m,→ D#,4,8,12,Celine Dion - Power Of Love|COUNTRY - mywomanmywife|COUNTRY - wayuluv|dion_celine - the power of love|Disney - When You Wish Upon A Star|disney_songs - when you wish upon a star|prince - diamonds and pearls|UNSORTED - JINGBELL
A C#m D E,→ A,4,8,10,Celine Dion - Tell Him|COUNTRY - amanthislonely bnd|COUNTRY - hethinkshellkeepher|COUNTRY - hethinkskeepher|Movie Themes - Misirlou|Movie Themes - pulp fiction|UNSORTED - LEMM8|UNSORTED - ridance
C Dm F Dm,→ C,4,8,8,Christmas - do you hear what i hear|inxs - never tear us apart|Sting - we'll be together|Sting - we ll be together|television_theme_songs - hawaii 5 0|UNSORTED - BLUEMOND|UNSORTED - bmonday|UNSORTED - HAWAI50
C Em C D,→ C,4,8,9,clapton_eric - rock 'n roll heart|COUNTRY - fromdist|COUNTRY - rocknrollhrt|COUNTRY - thunder|Eagles - lyineyes eagles philsmith|Eric Clapton - rock n roll heart|midler_bette - beaches|midler_bette - from a distance
Em G Am C,→ Em,4,8,11,clapton_eric - rock 'n roll heart|COUNTRY - rocknrollhrt|daft_punk - around the world|Eric Clapton - rock n roll heart|kiss - dr love|kiss - love gun|oasis - morning glory|UNSORTED - MORNINGGLORY
A C A C,→ A,4,8,22,cocker_joe - summer in the city|COUNTRY - godblesstexas|COUNTRY - keephandstoyourself|Joe Cocker - summer in the city|Madonna - Madonna IllRemember|nirvana - dumb|Tears for Fears - Head Over Heels|toto - pamela
Cm Gm Cm Gm,→ Cm,4,8,27,"collins_phil - don't lose my number|Johnny Rivers - Rivers,Johnny SecretAgentMan1|Johnny Rivers - Rivers,Johnny SecretAgentMan3|Johnny Rivers - Rivers,Johnny SecretAgentMan6|lennox_annie - sweet dreams|no_doubt - dont speak clueless remix|Phil Collins - don t lose my number|UNSORTED - themodel"
Dm C Dm A#,→ Dm,4,8,9,"collins_phil - in the air tonight|Madonna - Madonna SkyFitsHeaven|mike_and_the_mechanics - silent running|Phil Collins - Collins, Phil In the air tonight|Phil Collins - in the air tonight|UNSORTED - FREED FR|UNSORTED - intheair|UNSORTED - LIVE"
G# A#m G# C#,→ G#,4,8,8,COUNTRY - americanmade|MatchBox 20 - 3 AM|richie_lionel - easy|Sugar Ray - Every Morning|television_theme_songs - airwolf|TV Themes - Airwolf|U2 - Sunday Bloody Sunday|UNSORTED - 3 AM
E F# B F#,→ E,4,8,12,COUNTRY - emotionalgirl|COUNTRY - itsonly make believe twitty|Disney - Colors of the Wind pop version|Genesis - the battle of epping forest|U2 - new year's day|U2 - New Years Day|U2 - new year s day|UNSORTED - AMNESIA
D Bm A G,→ D,4,8,16,COUNTRY - heartsdesire|Disney - Colors Of The Wind|disney_songs - colors of the wind|erasure - stop|styx - babe|TV Themes - Roswell|UNSORTED - I DDOANY|UNSORTED - STOP
D#m B D#m B,→ D#m,4,8,16,COUNTRY - It Matters(VERN)|Foreigner - Cold as Ice|Foreigner - Foreigner Cold as ice|Movie Themes - What Is Love|television_theme_songs - tales from the crypt|TV Themes - Tales From The Crypt|UNSORTED - WHATISLO|van_halen - human being
A Bm A B,→ A,4,8,12,Creed - one Creed|Creed - One|jamiroquai - half the man|roxette - queen of rain|Tone Loc - WildThing|UNSORTED - BITTERSW|UNSORTED - wild thg|verve_the - bittersweet symphony
F# C# B C#,→ F#,4,8,10,Cyndi Lauper - Girls Just Want to Have Fun|guns_%26_roses - knockin on heaven s door|prince - bat dance|UNSORTED - Beatit|UNSORTED - cl girls|UNSORTED - girlsfun|UNSORTED - MUSTLOVE|UNSORTED - whenshe
F E F Em,→ F,4,8,16,Duran Duran - i can't tell you why|Eagles - i can't tell you why|Eagles - I Cant Tell You Why|Eagles - i can t tell you why|Movie Themes - Addams Family|television_theme_songs - addams family|TV Themes - Addams Family|UNSORTED - ADDAMS
E F Em F,→ E,4,8,12,Duran Duran - i can't tell you why|Eagles - i can't tell you why|Eagles - I Cant Tell You Why|Eagles - i can t tell you why|Movie Themes - Addams Family|television_theme_songs - addams family|TV Themes - Addams Family|UNSORTED - ADDAMS
F Em F E,→ F,4,8,12,Duran Duran - i can't tell you why|Eagles - i can't tell you why|Eagles - I Cant Tell You Why|Eagles - i can t tell you why|Movie Themes - Addams Family|television_theme_songs - addams family|TV Themes - Addams Family|UNSORTED - ADDAMS
C# F# C# D#m,→ C#,4,8,14,jewel - near you always|lennox_annie - it's all right|lennox_annie - it s all right|richie_lionel - sweetest love|Righteoud Brothers - RighteousBrothers You'veLostThatLovinFeeling(60s)|spice_girls - 2 become 1|UNSORTED - Beatit|weezer - tired of sex
A E C#m,→ A,3,8,10,America - Sister Golden Hair|Beatles - a taste of honey|Boston - piece of mind|COUNTRY - coveruinkisses|COUNTRY - roll on|COUNTRY - wherecorndontgrow|Genesis - get 'em out by friday|Genesis - get em out by friday
Dm F Em,→ Dm,3,8,14,Black Sabbath - Changes|carey_mariah - never forget you|COUNTRY - alovesobeautiful|kansas - dust in the wind|Mariah Carey - never forget you|Pat Benatar - Love Is A Battlefield|rea_chris - curse of the traveller|UNSORTED - Dustwind
B C#m A,→ B,3,8,29,Charlie Puth ft. Selena Gomez - We Don't Talk Anymore|abdul_paula - rush rush|Allman Brothers Band - melissa|Pat Benatar - Hit Me With Your Best Shot|Paula Abdul - rush rush|UNSORTED - geri halliwell lift me up|UNSORTED - ISLA|UNSORTED - MOONLIGH
A C#m B,→ A,3,8,10,Céline Dion - My Heart Will Go On|Bon Jovi - always|Bryan Adams - Thought Id Died And Gone To|Madonna - Madonna LittleStar|Rollin STones - Gimme Shelter|rolling_stones - gimme shelter|UNSORTED - cand|UNSORTED - myheart
C#m G#m A,→ C#m,3,8,11,Céline Dion - My Heart Will Go On|Alice In Chains - them bones|alice_in_chains - them bones|led_zepplin - no quarter|Madonna - Madonna LittleStar|Movie Themes - Eye Of The Tiger|Movie Themes - rocky|TV Themes - Digimon
C F Fm,→ C,3,8,13,David Bowie - Space Oddity|ABBA - hamlet 3|Beach Boys - kokomo|beach_boys - kokomo|erasure - chains of love|Genesis - keep it dark|Marc Anthony - Vivir Lo Nuestro|u_s_songs - washington post march
B C#m E,→ B,3,8,23,Dolly Parton - Jolene|bolton_michael - steel bars|Bon Jovi - in these arms|CCR - Someday Never Comes|COUNTRY - Whatdoyousaytothat|Michael Bolton - steel bars|UNSORTED - ISLA|van_halen - 1984
D Am C,→ D,3,8,27,Johnny Cash - Hurt|Beatles - a day in the life|Eagles - Already Gone|falco - amadeus|UNSORTED - alice|UNSORTED - amadeus|UNSORTED - white xg|van_halen - aftershock
D A Am,→ D,3,8,11,Lady Gaga and Bradley Cooper - Shallow|COUNTRY - Daddy's Money(VERN)|COUNTRY - daddymoney|COUNTRY - daddysmoney|no_doubt - hey you|Rod Stewart - Stay With Me|styx - fooling yourself (the angry young man)|UNSORTED - fadegray
G#m B F#,→ G#m,3,8,25,Lewis Capaldi - Hold Me While You Wait|3t - why|dire_straits - brothers in arms|Foreigner - That was Yesterday|hootie_and_the_blowfish - only wanna be with you|morisette_alanis - ironic|Sarah McGlachlan - Angel|UNSORTED - WHATS UP
C#m D E,→ C#m,3,8,11,"Sia - Unstoppable|gnash (feat. olivia o'brien) - i hate u, i love u|COUNTRY - rumorhasit reba|COUNTRY - rumor has it|UNSORTED - ISLA|UNSORTED - ridance|UNSORTED - TURRICAN|wonder_stevie - i've had the time of my life"
F Em C,→ F,3,8,9,The Beatles - A Day In The Life|ABBA - i wonder|COUNTRY - countrytillidie johnand|Disney - Kiss The Girl|kiss - beth|Metallica - one|Metallica - until it sleeps|UNSORTED - falllove
D F#m E,→ D,3,8,13,Tracy Chapman - Fast Car|COUNTRY - blameitontexas mchestnut|Queen - a kind of magic|Queen - Queen A kind of magic|roxette - joyride|television_theme_songs - step by step|TV Themes - Step By Step|UNSORTED - AKMAGIC
G# Fm D#,→ G#,3,8,10,2 Unlimited - workaholic|2_unlimited - workaholic|Beatles - piggies|COUNTRY - beautifulinmyeyes|COUNTRY - I'll Think Of(VERN)|green_day - in the end|luniz - 5 on it|offspring - gone away
Em G F,→ Em,3,8,14,ABBA - i wonder|ABBA - super trouper|COUNTRY - boysnme sawyer|Genesis - cinema show|kiss - beth|Metallica - one|nicks_stevie - sister|rea_chris - it s all gone
A# Gm Dm,→ A#,3,8,15,ABBA - move on|COREL COLLECTION - LITE 06|Enigma - Enigma ReturnToInnocence|green_day - coming clean|pearl_jam - porch|van_halen - i'll wait|van_halen - i ll wait|van_halen - right now
F D# Cm,→ F,3,8,13,ABBA - summer night city|four_seasons - rag doll|hornsby_bruce - spider fingers|Right Said Fred - RightSaidFred I'mTooSexy|Right Said Fred - RightSaidFred I'mTooSexy1|Right Said Fred - RightSaidFred I'mTooSexy4|toto - a thousand years|UNSORTED - POWEROFL
D# Gm A#,→ D#,3,8,9,Ace Of Base - Always Have Always Will|Bob Seger - BobSeger BlindLove|COUNTRY - countryboy skaggs|Disney - Zip A Dee Doo Dah|disney_songs - zip a de do da|television_theme_songs - daniel boone|UNSORTED - 12THRAG2|UNSORTED - GOODOLDL
Fm D# Cm,→ Fm,3,8,17,Ace Of Base - beautiful life|ace_of_base - beautiful life|Bee Bees - how deep is your love|beegees - how deep is your love|COUNTRY - earthangel|roxette - i'm sorry|roxette - i m sorry|UNSORTED - HOWDEEP
Fm Cm D#,→ Fm,3,8,12,Ace Of Base - beautiful life|ace_of_base - beautiful life|Bee Bees - stayin alive|beegees - stayin alive|Christina Aguilera - mambo|COREL COLLECTION - NEWA 03|Lou Bega - Mambo No 5|UNSORTED - LEMM2
C D F,→ C,3,8,11,aerosmith - pink|COUNTRY - a bad goodbye|COUNTRY - donttellmewhattodo|doobie_brothers - takin it to the streets|Queen - my friend|Queen - you re my best friend|Rollin STones - You Cant Always Get What|rolling_stones - you can't always get what you want
D Am A,→ D,3,8,9,Alice In Chains - don t follow|alice_in_chains - don't follow|Beatles - run for your life|COREL COLLECTION - ROCK 04|COREL COLLECTION - SHRT 44|COUNTRY - blameitontexas mchestnut|COUNTRY - cityputcountry|COUNTRY - cityputthecountrybackinme nealmc
Bm Em D,→ Bm,3,8,8,America - america a horse with no name1|Brandy - i wanna be down|COUNTRY - doesheloveyou|COUNTRY - doesheloveyou reba|nazereth - love hurts|Peter Schilling - MAJORTOM|Peter Schilling - majortom2|Peter Schilling - major tom
Em D Am,→ Em,3,8,12,America - america I Need You|everclear - santa monica|foo_fighters - oh george|jackson_michael - give in|pearl_jam - smile|pink_floyd - keep talking|rea_chris - little blonde plaits|yes - shoot high aim low
G Dm F,→ G,3,8,9,Asia - don't cry|Asia - don t cry|carey_mariah - never forget you|COREL COLLECTION - LITE 14|COUNTRY - couldntleave youifitried|iron_maiden - revelations|Mariah Carey - never forget you|toto - a secret love
C G Gm,→ C,3,8,8,Backstreet Boys - anywhere for you|backstreet_boys - anywhere for you|Christian Music - who cares|christian_music - who cares|COUNTRY - fancy reba|COUNTRY - jackson jcash|Genesis - return of the giant hogweed|rolling_stones - all over now
Am D Bm,→ Am,3,8,9,Barry Manilow - BarryManilow CantSmileWithoutYou|Christian Music - oh come oh come emmanuel|COUNTRY - fromheretoeternity|COUNTRY - throughtheyears krogers|pearl_jam - even flow|police - don t stand so close to you|radiohead - karma police|UNSORTED - DontStandSoClose
A F#m Bm,→ A,3,8,9,Barry Manilow - Even Now|Beatles - helpab|Christina Aguilera - Reflection|COUNTRY - standing|cure_the - kyoto song|Disney - Reflection|houston_whitney - saving all my love for you|MatchBox 20 - Bent
E B F#,→ E,3,8,12,Beat - puffy beenaround|Bryan Adams - I Finally Found Someone|COUNTRY - dustbottle|COUNTRY - duston thebottle|COUNTRY - emotionalgirl|COUNTRY - ibelieve|Movie Themes - Against All Odds|puff_daddy - been around the world
Gm Dm F,→ Gm,3,8,8,Beatles - and i love her|COREL COLLECTION - JAZZ 01|Depech Mode - stripped|depeche_mode - stripped|dion_celine - any other way|jethro_tull - aqua lung|television_theme_songs - st elsewhere|TV Themes - Pokemon
C Gm A#,→ C,3,8,10,Beatles - and i love her|COREL COLLECTION - SPRT 11|COUNTRY - Day O|COUNTRY - DreamingWithMyEyesWideOpen|COUNTRY - dreaminwithmy eyeswideopen claywalker|COUNTRY - fancy reba|COUNTRY - leroyanderson belleofball|pink_floyd - the great gig in the sky
D# Gm F,→ D#,3,8,13,Beatles - chains|Bon Jovi - you give love a bad name|CCR - Long As I Can See The Light|COUNTRY - DreamingWithMyEyesWideOpen|COUNTRY - dreaminwithmy eyeswideopen claywalker|dion_celine - power of the dream|fleetwood_mac - you make loving fun|u_s_songs - olympic theme 1996
G A# D,→ G,3,8,10,Beatles - come together|Bee Bees - words|beegees - words|Emerson Lake and Palmer - benny the bouncer|emerson_lake_and_palmer - benny the bouncer|Queen - Queen Crazy little thing called love|roxette - do you wanna go the whole way|UNSORTED - Come Together
E Bm D,→ E,3,8,9,Beatles - eight days a week|Beatles - what goes on|Blur - country house|Blur - in the country|cure_the - just like heaven|Rollin STones - Satisfaction|television_theme_songs - ducktales|TV Themes - Ducktales
A# Gm G#,→ A#,3,8,15,Beatles - help things we said today|COUNTRY - ido paulbrandt|COUNTRY - Whenyousaynothing|COUNTRY - whenyousaynothingatall|COUNTRY - yourstilltheone|Duran Duran - pretty maids all in a row|Eagles - Pretty Maids All In a Row|guns_%26_roses - get in the ring
D G Gm,→ D,3,8,14,Beatles - if i fall|COUNTRY - 1niteatatime|COUNTRY - bluebayou|COUNTRY - couldihavethisdance amurry|fleetwood_mac - man of the world|pet_shop_boys - normally|television_theme_songs - ron's honeymoon|television_theme_songs - ron s honeymoon
Fm D# G#,→ Fm,3,8,13,Beatles - long and winding road|Beatles - piggies|Billy Idol - MonyMony BillyIdol|boys_2_men - end of the road|Boyz II Men - end of the road|Christmas - christmas rhapsody|COUNTRY - monymony|erasure - i love saturday
Bm E A,→ Bm,3,8,11,Beatles - this boy|CCR - Born On A Bayou|Celine Dion - To Love You More|COUNTRY - drinkingchampagne|COUNTRY - hethinkshellkeepher|COUNTRY - hethinkskeepher|rolling_stones - can't be seen|rolling_stones - can t be seen
A B F#m,→ A,3,8,9,Bee Bees - to love somebody|beegees - to love somebody|COUNTRY - YouAndOnlyYou|oasis - do you know what i mean|Queen - a kind of magic|Rick Springfield - Ive Done Everything For You|UNSORTED - AKMAGIC|van_halen - finish what ya started
A B G,→ A,3,8,8,Ben Folds Five - julianne|COUNTRY - canitrustuwithmyhrt|COUNTRY - cantItrustyouwithmyheart|television_theme_songs - mash|television_theme_songs - miami vice|TV Themes - ER|UNSORTED - THANK|van_halen - me wise magic
F D# C,→ F,3,8,23,Billy Joel - New York State of Mind|COUNTRY - ilikeitloveit|COUNTRY - leroyanderson belleofball|Right Said Fred - RightSaidFred I'mTooSexy|Right Said Fred - RightSaidFred I'mTooSexy1|Right Said Fred - RightSaidFred I'mTooSexy4|Righteoud Brothers - RighteousBrothers UnchainedMelody8|righteous_brothers - unchained melody
C Am A#,→ C,3,8,30,brooks_garth - top gun|COUNTRY - inadiffe|COUNTRY - sayhello|Garth Brooks - top gun|Genesis - hairless heart|real_mccoy - one more time|UNSORTED - bc circle|yes - white car
D# Fm G#,→ D#,3,8,11,"Bryan Adams - BRYAN ADAMS here i am|COUNTRY - Amazed (Vern)|COUNTRY - babysgottengoodatgoodbye|COUNTRY - beautifulinmyeyes|dc_talk - jesus freak|Lionel Richie - Richie,Lionel SayYouSayMe|U2 - stay|UNSORTED - BIG TIME"
G C A#,→ G,3,8,9,Bryan Adams - When Youre Gone|clapton_eric - white room|COUNTRY - addictedtoadollar|COUNTRY - heartachesbyno|Eric Clapton - white room|rolling_stones - fool to cry|rolling_stones - ruby tuesday|weezer - undone the sweater song
Bm Em A,→ Bm,3,8,18,Bush - army of dreams|Kate Bush - army dreamer|Steve Winwood - While You See a Chance|UNSORTED - LAMBADA|UNSORTED - MASH|yes - i'm alive|yes - i m alive|yes - love will find a way
A# C D#,→ A#,3,8,13,carey_mariah - now that i know|COREL COLLECTION - ROCK 06|COUNTRY - twosparrow|john_elton - rocket man|Mariah Carey - now that i know|nirvana - up on a plain|Rollin STones - Jumping Jack Flash|UNSORTED - 12THRAG2
C F Bdim,→ C,3,8,9,Carpenters - yesterday once more|carpenters_the - yesterday once more|clapton_eric - let it grow|Eric Clapton - let it grow|Goo Goo Dolls - Broadway|UNSORTED - becaus1|UNSORTED - cl truecols|u_s_songs - washington post march
C#m E A,→ C#m,3,8,8,Celine Dion - Tell Him|COUNTRY - crossmyheart gs|COUNTRY - houston|Movie Themes - Air Force One|Movie Themes - Starship Troopers|roxette - love is all|UNSORTED - myheart|yes - starship trooper
G# F D#,→ G#,3,8,10,chapin_harry - cats in the cradle|COREL COLLECTION - ROCK 06|Harry Chapin - cats in the cradle|jamiroquai - too young to die|television_theme_songs - popeye|TV Themes - Popeye|UNSORTED - POPEYE|UNSORTED - TOOYOUNG
F G A#,→ F,3,8,15,"Christian Music - rise again|christian_music - rise again|COUNTRY - amazed lonestar|Johnny Rivers - Rivers,Johnny MidnightSpecial4|rush - the weapon|television_theme_songs - final jepordy|television_theme_songs - jeopardy|UNSORTED - safety"
B D A,→ B,3,8,10,"Christian Music - what child is this|christian_music - what child is this|COUNTRY - manfeelwoman|Lionel Richie - Richie,Lionel AllNightLong1|Lionel Richie - Richie,Lionel AllNightLong3|Queen - a kind of magic|sublime - wrong way|UNSORTED - AKMAGIC"
C A# Dm,→ C,3,8,10,christian_music - rose of sharon so precious to me|Donny Osmond - Puppy Love|john_elton - candle in the wind|mike_and_the_mechanics - silent running|roxette - fading like a flower|television_theme_songs - wild world of sports|UNSORTED - LIVE|UNSORTED - tonirichproject nobody knows
Cm G# D#,→ Cm,3,8,22,collins_phil - saturday night and sunday morning|Coolio - c u when u get there|lennox_annie - sisters are doing it for themselves|mclachlan_sarah - adia|Sarah McGlachlan - Adia|Sting - epilogue nothing bout me|U2 - With Or Without You|UNSORTED - LEMM3
C Bm Em,→ C,3,8,13,COUNTRY - amysbckinaustin liltex|Depech Mode - strange love|depeche_mode - strange love|garbage - push it|Movie Themes - Axels Theme|Movie Themes - beverly hills cop theme|Movie Themes - Pink Panther|UNSORTED - browneyedgirl
E B F#m,→ E,3,8,15,COUNTRY - b4imetu|COUNTRY - bd bootscoot big|COUNTRY - catchfallinstar|COUNTRY - catchfallstar|dire_straits - walk of life|grant_amy - big yellow taxi|Madonna - Madonna DrownedWorldSubstituteForLove|rolling_stones - satisfaction
D Dm C,→ D,3,8,14,COUNTRY - backstreeaffair|COUNTRY - htmoon|Duran Duran - the girl from yesterday|Eagles - the girl from yesterday|primus - wynona s big brown beaver|wonder_stevie - isn't she lovely|wonder_stevie - isn t she lovely|yes - ownerhrt
F Fm A#,→ F,3,8,16,"COUNTRY - cadillac ranch chrisLeDoux|COUNTRY - countrytillidie johnand|dion_celine - move any mountain|Johnny Rivers - Rivers,Johnny MidnightSpecial|Johnny Rivers - Rivers,Johnny MidnightSpecial2|Johnny Rivers - Rivers,Johnny MidnightSpecial4|Johnny Rivers - Rivers,Johnny MidnightSpecial5|UNSORTED - ENTERTAI"
Em E A,→ Em,3,8,10,"Duran Duran - life in the fast lane|Eagles - Life in the Fast Lane|faith_no_more - epic|fleetwood_mac - the chain|Genesis - cinema show|Johnny Rivers - Rivers,Johnny Memphis1|Johnny Rivers - Rivers,Johnny MemphisTennessee|pearl_jam - yellow leadbetter"
Am C Em,→ Am,3,8,18,extreme - more than words|foo_fighters - big me|Movie Themes - Youre The One That I Want|REM - losereli|Rollin STones - Citadel|rolling_stones - citadel|rolling_stones - love is strong|UNSORTED - HEREIGOA
C# F#m,→ C#,2,8,20,The Turtles - Happy Together|adams_bryan - please forgive me|Bryan Adams - Please Forgive Me|COUNTRY - chancesr martina|Movie Themes - Psycho|smashing_pumpkins - today|television_theme_songs - bugs bunny|TV Themes - Bugs Bunny
C#m G#,→ C#m,2,8,10,Ace Of Base - happy nation|ace_of_base - happy nation|Cherry Poppin Daddies - zoot suit riot|domino_fats - blueberry hill|Duran Duran - a view to kill|Duran Duran - DuranDuran AViewToAKill|duran_duran - a view to kill|Movie Themes - Edward Scissorhands
C C#dim,→ C,2,8,18,Ace Of Base - lucky love|ace_of_base - lucky love|COREL COLLECTION - MISC 07|jethro_tull - bouree|Metallica - fight fire with fire|steve_miller_band - jet airliner|toto - georgy porgy|u_s_songs - coast guard march
F# F,→ F#,2,8,46,Backstreet Boys - all i have to give|Backstreet Boys - everybody|backstreet_boys - everybody|Christina Aguilera - needtoknow|en_vogue - never gonna get it|Marc Anthony - I Need To Know|nirvana - tourettes|UNSORTED - norain
E D#,→ E,2,8,24,Backstreet Boys - get down|backstreet_boys - get down|Beat - noscrubsTLC|carey_mariah - love takes time|jamiroquai - music of the mind|Mariah Carey - love takes time|nirvana - lounge act|TLC - No Scrubs
F# Em,→ F#,2,8,30,Beat - bills|dave_matthews_band - dancing nancies|Destiny's Child - Bills Bills Bills|earth_wind_fire - lets groove|Genesis - Turn it on Again|Metallica - to live is to die|pet_shop_boys - itsasin|pet_shop_boys - it s a sin
Em F#,→ Em,2,8,40,Beat - bills|Destiny's Child - Bills Bills Bills|earth_wind_fire - lets groove|Metallica - to live is to die|pet_shop_boys - itsasin|pet_shop_boys - it s a sin|Queen - the show must go on|Sting - englishman in new york
A#m D#m,→ A#m,2,8,15,"Beat - puthands|COREL COLLECTION - JAZZ 08|jamiroquai - blow your mind|Movie Themes - kongo|Peter Gabriel - Gabriel, Peter Games without frontiers|r_kelly - i believe i can fly|television_theme_songs - xfiles|TV Themes - XFiles"
Dm C#dim,→ Dm,2,8,15,Beatles - for no one|COUNTRY - lovesickblues|Mozart - req2|Mozart - reqc|television_theme_songs - patty duck show|UNSORTED - EVE|UNSORTED - evewar|UNSORTED - SOS
G#dim E,→ G#dim,2,8,17,Big Bad Voodoo Daddy - mambo swing|COREL COLLECTION - SPRT 10|earth_wind_fire - september|Huey Lewis - Hip to be Square|Huey Lewis - Its Alright|lewis_huey_and_the_news - hip to be square|stone_temple_pilots - interstate love song|UNSORTED - HIPTOBES
G#m G#,→ G#m,2,8,11,cars_the - just what i needed|COUNTRY - hereyoucomeagain dolly|Foreigner - Foreigner I wanna know what love is|Foreigner - I Want to Know What Love Is|nsync - i want you back|smashing_pumpkins - love|SmashMouth - All Star|The Cars - just what i needed
F# A#dim,→ F#,2,8,12,Chicago - hard to say i'm sorry get away|COREL COLLECTION - CLAS 14|COUNTRY - onlyyou|COUNTRY - refrieddreams|Eagles - Eagles HotelCalifornia|Foreigner - Blue Morning|platters - only you|prince - lets go crazy
E A#,→ E,2,8,10,"COUNTRY - catchfallinstar|COUNTRY - catchfallstar|Genesis - firth of fifth|Johnny Rivers - Rivers,Johnny PoorSideOfTown2|nine_inch_nails - perfect drug|TV Themes - Jetsons|White Zombie - Black Sunshine|white_zombie - black sunshine"
C Gdim,→ C,2,8,8,COUNTRY - halfwaydown|COUNTRY - halfwaydown ploveless|COUNTRY - ilikeitloveit|dire_straits - private|soundgarden - pretty noose|Sting - bourbon street|Sting - moon bourbon|Sting - Moon over Bourbon Street
Fm G,→ Fm,2,8,15,Destiny's Child - Say My Name|john_elton - philadelphia freedom|morisette_alanis - joining you|Movie Themes - godfather|Movie Themes - true lies|Rembrandts - waybaby|television_theme_songs - sailor moon|UNSORTED - It'sASin
Em C#dim,→ Em,2,8,22,Duran Duran - DuranDuran Relax|kiss - spit|Metallica - master of puppets|Metallica - the memory remains|Metallica - whiplash|reel_big_fish - 241|Tori Amos - humpty dumpty|UNSORTED - RELAX 93
G G#,→ G,2,8,40,FUNK - Thats the Way I Like It|Marc Anthony - Hasta Ayer|pink_floyd - high hopes|sailor_moon - sailor stars|UNSORTED - OverRainbowSuite|UNSORTED - Thats the way I like it|weezer - say it ain't so|weezer - say it ain t so
D A E A E,→ D,5,7,8,Bee Gees - To Love Somebody|The Beatles - With A Little Help From My Friends|cetera_peter - next time i fall|COREL COLLECTION - POP 02|COUNTRY - allyoueverdoisbringmedown|grant_amy - next time i fall|Peter Cetera - next time i fall
B A E A E,→ B,5,7,10,Big Thief - Masterpiece|Beatles - boys|Madonna - Madonna DrownedWorldSubstituteForLove|Right Said Fred - RightSaidFred You'reMyMate|UNSORTED - brfree|UNSORTED - castles|van_halen - ice cream man
F G F G C,→ F,5,7,10,Jackson Browne - Late For The Sky|COUNTRY - coatofmanycolors dolly|COUNTRY - littlerock|Elvis - teddybear|kiss - black diamond|nirvana - sliver|simple_minds - alive and kicking
E A E F#m A,→ E,5,7,10,King Princess - 1950|Blues Brothers - sweet home chicago|blues_brothers - sweet home chicago|CCR - Proud Mary|COREL COLLECTION - WEST 06|COUNTRY - imgonnabacountrygirl buffysaintemarie|Metallica - hero of the day
C D G Em G,→ C,5,7,8,Neil Young - Heart of Gold|AC DC - you shook me|ac_dc - you shook me|Duran Duran - lyin' eyes|Eagles - lyin' eyes|Eagles - lyineyes eagles philsmith|Eagles - Lyin Eyes
E D A D A,→ E,5,7,7,The Beatles - With A Little Help From My Friends|Christian Music - shine down|christian_music - shine down|cure_the - a kind of magic|Queen - a kind of magic|Queen - Queen A kind of magic|UNSORTED - AKMAGIC
A D A F#m E,→ A,5,7,9,"ABBA - dancing queen|Christian Music - there is none like you|christian_music - there is none like you|COUNTRY - downatthetwistnshout|COUNTRY - downattwistshout|Johnny Rivers - Rivers,Johnny TracksOfMyTears|UNSORTED - DANCING"
C# G# C# G# D#,→ C#,5,7,8,"ABBA - tiger|COUNTRY - bothsides ofthestory|Lionel Richie - Richie,Lionel MyLove|Lionel Richie - Richie,Lionel ThreeTimesALady|Lionel Richie - Richie,Lionel ThreeTimesALady1|Pat Benatar - Heartbreaker|richie_lionel - three times a lady"
A E D E D,→ A,5,7,9,adams_bryan - please forgive me|Bryan Adams - Please Forgive Me|COUNTRY - aintmuchfun tkeith|COUNTRY - rumorhasit reba|COUNTRY - rumor has it|houston_whitney - i will always love you|UNSORTED - radio
E F#m D E F#m,→ E,5,7,10,America - america mustrat love|Bush - army of dreams|Eric Clapton - th|houston_whitney - saving all my love for you|Kate Bush - army dreamer|offspring - all i want|Rollin STones - Satisfaction
D C G C Em,→ D,5,7,7,Bangles - Bangles eternal flame|COUNTRY - eternal|disney_songs - can't wait to be king|disney_songs - can t wait to be king|doors_the - love her madly|guns_%26_roses - patience|The Bangles - Eternal Flame
C D G C F,→ C,5,7,11,Beach Boys - kokomo|beach_boys - kokomo|Billy Joel - Only the Good Die Young|COREL COLLECTION - SEA 03|COUNTRY - honeywontyouopenthatdoor|Elvis - teddybear|u_s_songs - dixie
C G A D G,→ C,5,7,10,Beatles - act naturaly|brooks_garth - if tomorrow never comes|cocker_joe - summer in the city|COUNTRY - letsaygoodblikeneverhello|COUNTRY - runbear2|Garth Brooks - if tomorrow never comes|Joe Cocker - summer in the city
Em C G C G,→ Em,5,7,7,Beatles - baby it's you|Beatles - baby it s you|COUNTRY - amysbckinaustin liltex|live - turn my head|oasis - talk tonight|Robert Palmer - Robert Palmer Every Kind of People|UNSORTED - timeaft
G C Am C D,→ G,5,7,12,Beatles - i want to hold your hand|Duran Duran - lyin' eyes|Eagles - lyin' eyes|Eagles - Lyin Eyes|Madonna - don't cry for me argentina|Madonna - don t cry for me argentina|UNSORTED - alice
G# D# G# D# C#,→ G#,5,7,7,Bee Bees - don t forget to remember|beegees - don't forget to remember|Christian Music - the longer i serve him|christian_music - the longer i serve him|COUNTRY - backnbabyarm|richie_lionel - say you say me|U2 - desire
D G C Am G,→ D,5,7,8,Bee Bees - massachusetts|beegees - massachusetts|COUNTRY - greengrass|COUNTRY - judd mamahecrazy|john_elton - nikita|live - selling the drama|REM - driver 8
A F#m E A E,→ A,5,7,7,Bee Bees - to love somebody|beegees - to love somebody|COUNTRY - 3rdrateromance skershaw|COUNTRY - downatthetwistnshout|COUNTRY - downattwistshout|guns_%26_roses - rocket queen|UNSORTED - fastcar
G C G Bm C,→ G,5,7,9,"Bob Seger - BobSeger AgainstWind|CCR - Wholl Stop The Rain|collins_phil - groovy kind of love|Madonna - Madonna Cherish|Phil Collins - Collins, Phil Groovy kind of Love|Phil Collins - groovy kind of love|seger_bob - against the wind"
A# D# A# D# G#,→ A#,5,7,10,Bob Seger - BobSeger BlindLove|COUNTRY - babysgotherbluejeanson|COUNTRY - lookatus gill|COUNTRY - tellmewhy|COUNTRY - uaintwomanenuf|Kenney Rogers - The Gambler|nine_inch_nails - perfect drug
C A# C Dm A#,→ C,5,7,8,"Bryan Adams - I Finally Found Someone|collins_phil - in the air tonight|Go Gos - Vacation|Phil Collins - Collins, Phil In the air tonight|Phil Collins - in the air tonight|sailor_moon - ai no senshi|UNSORTED - intheair"
D G A G A,→ D,5,7,14,byrds_the - mr tamborine man|Chumba Wumba - Tubthumping|COUNTRY - dearhearts|def_leppard - love and affection|The Byrds - mr tamborine man|UNSORTED - TUBTHUMP|UNSORTED - WATER
G D C D C,→ G,5,7,8,Celine Dion - Thats The Way It Is|COUNTRY - ballad jjames|COUNTRY - boysnme sawyer|COUNTRY - givemeonemorelastchance gill|Movie Themes - Legends Of The Fall|Rollin STones - Sympathy for the Devil|TV Themes - Dawsons Creek
D G C G Am,→ D,5,7,8,Chicago - saturday in the park|Christian Music - go tell it on the mountain|christian_music - go tell it on the mountain|Depech Mode - somebody|depeche_mode - somebody|television_theme_songs - casper the friendly ghost|TV Themes - Casper the Friendly Ghost
D# G# D# G# C#,→ D#,5,7,9,Christian Music - he keeps me signing|christian_music - he keeps me signing|christian_music - when the roll is called up yonder|Christmas - i'm dreaming of a white christmas|collins_phil - i wish it would rain now|Phil Collins - iwishitwouldraindown|Phil Collins - i wish it would rain now
A# C F A# C,→ A#,5,7,8,Christian Music - it is well with my soul|Christian Music - largo|christian_music - it is well with my soul|meatloaf - bat out of hell|nicks_stevie - gypsy|UNSORTED - BATOUT|UNSORTED - getajob
D G D Bm G,→ D,5,7,7,Christian Music - joyful joyful we adore thee|christian_music - joyful joyful we adore thee|COUNTRY - cityofneworleans willie|COUNTRY - foreveranever|crosby_stills_and_nash - teach your children|Culture Club - Do You Really Want to Hurt|UNSORTED - reckless
C F C Am G,→ C,5,7,8,Christian Music - morning has broken|COUNTRY - cryingtime|COUNTRY - hardworkinman|COUNTRY - rockinyears|COUNTRY - ugavemeamount|Righteoud Brothers - RighteousBrothers EbbTide|Sarah McGlachlan - in the arms of an angel
F Dm A# Gm C,→ F,5,7,13,Christian Music - praise the lord|christian_music - praise the lord|COUNTRY - Don't Laugh At Me (Vern)|COUNTRY - dont laughatme|COUNTRY - stillofthenight|UNSORTED - b|UNSORTED - dont laughatme
G# D# G# A# D#,→ G#,5,7,10,Christian Music - victory in jesus|christian_music - victory in jesus|Christmas - i'm dreaming of a white christmas|COUNTRY - babysgottengoodatgoodbye|COUNTRY - I'll Think Of(VERN)|rogers_kenny - the gambler|U2 - stay
C Am G Am G,→ C,5,7,9,christian_music - a mighty fortress is our god|christian_music - christ the lord is risen today|COUNTRY - babyblue|COUNTRY - babyblues gstrait|SEAL - Fly Like An Eagle|steve_miller_band - fly like an eagle|UNSORTED - flyeagle
G Am C F C,→ G,5,7,7,"Christmas - jolly old saint nicholas|COUNTRY - drivemewild sawyerbrown|grant_amy - stay for awhile|Movie Themes - Addicted To Love|palmer_robert - addicted to love|Robert Palmer - addictedtolove|Robert Palmer - Palmer, Robert Addicted to love"
C Dm G C F,→ C,5,7,8,Christmas - rudolph the red nosed reindeer|COREL COLLECTION - MISC 12|COUNTRY - 7 spanish angels|COUNTRY - heartachesbyno|COUNTRY - isthatatear tbyrd|television_theme_songs - scooby doo|TV Themes - Scooby Doo
G Em G Em D,→ G,5,7,7,clapton_eric - rock 'n roll heart|COUNTRY - rocknrollhrt|Eric Clapton - rock n roll heart|Olivia Newton John - Summer Nights|smashing_pumpkins - forgive|Sting - evrybrth|Sting - evrybrth1
F Dm A# F A#,→ F,5,7,9,"COUNTRY - aintthatlonelyyet|COUNTRY - aintthatlonelyyet tobykeith|fleetwood_mac - everywhere|Journey - Journey Oh Sherrie|Journey - oh sherrie|Journey - Perry, Steve Oh sherry|UNSORTED - Uncle Kracker Follow Me"
B E A B A,→ B,5,7,9,"COUNTRY - cantdigoutofthehole rt|def_leppard - when love and hate collide|Kenney Rogers - The Gambler|Lionel Richie - Richie,Lionel AllNightLong1|Lionel Richie - Richie,Lionel AllNightLong3|sublime - santeria|UNSORTED - Every Once In A While"
A# D# A# C F,→ A#,5,7,10,COUNTRY - carolinamoon|COUNTRY - hellomarylou|COUNTRY - teddybear|COUNTRY - tightjeans ctwitty|COUNTRY - whatsgoingoninyourworld|Disney - Zip A Dee Doo Dah|disney_songs - zip a de do da
A E F#m B E,→ A,5,7,8,COUNTRY - countryclub|COUNTRY - river|COUNTRY - roll on|COUNTRY - shakethesugartree|COUNTRY - The River(VERN)|COUNTRY - theriver|Garth Brooks - the river
F Bb F Bb,→ F,4,7,49,Barry Manilow - Mandy|Bob Dylan - Mr. Tambourine Man|Cigarettes After Sex - Apocalypse|Fleetwood Mac - Songbird|Sonny & Cher - I Got You Babe|The Five Satins - In the Still of the Night|The Velvet Underground - Sunday Morning
C F Dm Am,→ C,4,7,8,Cigarettes After Sex - Apocalypse|Chicago - 25or6to4|Chicago - 25 or 6 to 4|erasure - always|joel_billy - piano man|Righteoud Brothers - RighteousBrothers UnchainedMelody7|UNSORTED - UNCHAIND
G C A D,→ G,4,7,12,Grateful Dead - Ripple|Beatles - act naturaly|Beatles - your mother should know|COUNTRY - chet saltydog|COUNTRY - mostbeautgirlworld|Eagles - Heartache Tonight|UNSORTED - I Love You Because
G F Am F,→ G,4,7,12,Jackson Browne - Late For The Sky|Depech Mode - everything counts|depeche_mode - everything counts|erasure - sometimes|reel_big_fish - beer|Rollin STones - Mothers Little Helper|wall_flowers - 6th avenue heartache
A F#m E D,→ A,4,7,31,John Denver - Take Me Home Country Roads|Tracy Chapman - Fast Car|Blur - charmless man|prince - purple rain|Queen - Queen A kind of magic|radiohead - fake plastic trees|springstein_bruce - brilliant disguise
D E F#m E,→ D,4,7,13,Linda Ronstadt - Long Long Time|clapton_eric - tears in heaven|Eric Clapton - tears in heaven|Eric Clapton - th|houston_whitney - i will always love you|Rollin STones - Satisfaction|rolling_stones - satisfaction
Am C F G,→ Am,4,7,14,Noah Cyrus - July|The Rolling Stones - Angie|COUNTRY - lips|Eagles - inthelongrun theeagles CCMSN|Eagles - The Long Run|everclear - everything to everyone|lennox_annie - here comes the rain again
B F#m A E,→ B,4,7,28,Oasis - Wonderwall|Beatles - a taste of honey|COUNTRY - Everyminute|COUNTRY - littlebitty ajackson|Duran Duran - DuranDuran OrdinaryWorld|Duran Duran - Ordinary World|duran_duran - ordinary world
D A Bm A,→ D,4,7,10,Patti Smith - Because the Night|BTO - Aint Seen Nothin Yet|cetera_peter - next time i fall|grant_amy - next time i fall|Peter Cetera - next time i fall|UNSORTED - Bachman Turner Overdrive Ain't Seen Nothin Yet|weather_report - picture of you
Am Dm G C,→ Am,4,7,11,Pink SweatS - At My Worst|Beatles - golden slumbers|Christmas - silver and gold|COUNTRY - moonriver|COUNTRY - moonrivr|Movie Themes - Advance To The Rear|UNSORTED - KILLSOFT
C Am G F,→ C,4,7,11,Simon & Garfunkel - The Boxer|Beatles - got to get you into my life|COUNTRY - asundaykindoflove reba|COUNTRY - rhinestonecowboy|COUNTRY - thinkingproblem|keil_marty - rhine stone cowboy|UNSORTED - count
F# B F# D#m,→ F#,4,7,14,Simon & Garfunkel - The Sound of Silence|smashing_pumpkins - tonight tonight|SmashMouth - All Star|TV Themes - A Team|UNSORTED - ATEAM|UNSORTED - blink182 whatsmyage|weezer - mykel and carli
B F# C# F#,→ B,4,7,11,Sonny & Cher - I Got You Babe|aerosmith - janie's got a gun|aerosmith - janie s got a gun|COUNTRY - itmatters2me faith|green_day - she|presidents_of_the_usa - lump|Sarah McGlachlan - Angel
Am E Am E,→ Am,4,7,32,The Animals - House of the Rising Sun|ABBA - money money money|Kenney Rogers - Through the Years|level_42 - standing in the light|nazereth - love potion no9|Sting - mad about you|UNSORTED - RISINSUN
Bm G A D,→ Bm,4,7,10,The Beatles - Real Love|Backstreet Boys - quit playing games|backstreet_boys - quit playing games|christian_music - as the dear panteth for the water|COUNTRY - 1niteatatime|television_theme_songs - alf|TV Themes - Alf
A Bm G D,→ A,4,7,27,The Cure - Friday I'm In Love|The Pogues - Fairytale of New York|COUNTRY - cityofneworleans willie|COUNTRY - daddyshands|COUNTRY - strawbwine|four_non_blondes - what's up|four_non_blondes - what s up
Bm B Bm A,→ Bm,4,7,10,2 Unlimited - are you ready for this|BTO - Hey You|Collective Soul - gel|collective_soul - gel|Righteoud Brothers - RighteousBrothers UnchainedMelody|UNSORTED - AreYouReadyForThis|UNSORTED - Bachman Turner Overdrive Hey You
C# G#m C# G#m,→ C#,4,7,15,2 Unlimited - let the beat coŠl your body|2_unlimited - let the beat control your body|COUNTRY - mysweetlord|Genesis - heathaze|Madonna - Madonna BeautifulStrangerGecko|SmashMouth - Walking On The Sun|U2 - I Will Follow
C D# C D#,→ C,4,7,14,98 Degrees - The Hardest Thing|COUNTRY - thesebootsrmade4walkin|Disney - dukastsa|Madonna - oh father|Tears for Fears - Sowing the Seeds of Love|TLC - Creep|UNSORTED - creep
A F#m E F#m,→ A,4,7,16,ABBA - dancing queen|COUNTRY - aintnoway|COUNTRY - thataintnowaytogo|Duran Duran - peaceful easy feeling|Eagles - Peaceful Easy Feeling|green_day - do da da|UNSORTED - DANCING
Am Em G C,→ Am,4,7,9,"ABBA - eagle|Atlantic Starr - always|atlantic_starr - always|Christian Music - calvary s love|christian_music - calvary's love|Coolio - fantastic voyage|Lionel Richie - Richie,Lionel YouAreTrulyMyEndlessLove"
Gm F Gm A#,→ Gm,4,7,12,ABBA - like an angel passing through my room|ABBA - like an angel pŠugh my room|Movie Themes - Mission Impossible|Queen - Queen Radio ga ga|Queen - radio gaga|television_theme_songs - mission impossible|UNSORTED - burn
Bm B Bm B,→ Bm,4,7,11,AC DC - for those about to rock|ac_dc - for those about to rock|Genesis - lamb lies down on broadway|guns_%26_roses - live and let die|pearl_jam - alive|roxette - do you wanna go the whole way|UNSORTED - bi rebelyell
C F Am G,→ C,4,7,11,Ace Of Base - lucky love|ace_of_base - lucky love|COUNTRY - istherelife reba|Disney - Kiss The Girl|hornsby_bruce - way it is|joel_billy - captain jack|Queen - my friend
G Em D Bm,→ G,4,7,7,adams_bryan - all for love|Bryan Adams - all for love|Bryan Adams - All For One|COUNTRY - changemymind jberry|Genesis - driving the last spike|television_theme_songs - civil war|television_theme_songs - mash
A D E F#m,→ A,4,7,10,adams_bryan - can't stop this thing we started|Bryan Adams - Cant Stop That Thing We Sta|clapton_eric - tears in heaven|COUNTRY - standbyman tammyw|Eric Clapton - tears in heaven|fleetwood_mac - little lies|kravitz_lenny - heaven help
F G C Dm,→ F,4,7,9,adams_bryan - heaven|beegees - i've got to get a message to you|Bryan Adams - heaven|Christian Music - lamb of glory|television_theme_songs - who's the boss|television_theme_songs - who s the boss|TV Themes - Whos the Boss
Edim Em Edim Em,→ Edim,4,7,24,aerosmith - walk this way|kiss - god of thunder|Metallica - 2 x 4|Metallica - enter sandman|Metallica - king nothing|pantera - cowboys from hell|prodigy - cowboys from hell
A Am A Am,→ A,4,7,17,Alice In Chains - brother|alice_in_chains - brother|Beatles - she's a woman|Beatles - she s a woman|Genesis - firth of fifth|korn - clown|led_zepplin - kashmire
C Am C D,→ C,4,7,11,Alice In Chains - don t follow|alice_in_chains - don't follow|Bee Bees - massachusetts|beegees - massachusetts|COUNTRY - asanyfoolcansee tlaw|Madonna - Madonna LuckyStar|television_theme_songs - candid camera
C A C Am,→ C,4,7,7,Allman Brothers Band - one way out|Beatles - the end|Bee Bees - massachusetts|beegees - massachusetts|Eagles - desperado2 garyrogers|nirvana - radio friendly unit shifter|silverchair - tomorrow
G C F D,→ G,4,7,8,America - america I Need You|America - america I Need You sll|Christian Music - over the sunset mountains|COREL COLLECTION - SEA 05|COUNTRY - beautdreamer|COUNTRY - dourememberthese|COUNTRY - saygoodbye
A# Am A# Am,→ A#,4,7,27,Aqua - my oh my|Celine Dion - My Heart Will Go On Techno|dave_matthews_band - rhyme and reason|Eric Clapton - layla|Genesis - Land of Confusion|UNSORTED - LANDOFCO|UNSORTED - LAYLDIST
C Dm A# F,→ C,4,7,17,Aqua - my oh my|COUNTRY - chillofanearlyfall gs|Go Gos - Vacation|jewel - foolish games|Queen - Queen We are the champions|TV Themes - Twin Peaks|UNSORTED - TORN
G# Cm G# A#,→ G#,4,7,7,Aqua - roses are red|COUNTRY - almostgdbye|COUNTRY - almstgdbye mchestnut|COUNTRY - heartland|COUNTRY - heartland gstrait|COUNTRY - myboyfrnds|lennox_annie - sisters are doing it for themselves
D Em G Em,→ D,4,7,11,Beat - fantasy|COUNTRY - putyourhead|goo_goo_dolls - iris|jethro_tull - bungle in the jungle|rea_chris - little blonde plaits|UNSORTED - pacific|veruca_salt - volcano
F#m G#m F#m G#m,→ F#m,4,7,17,Beat - tha cros|Bone - tha crossroads|COUNTRY - Faith Hill This Kiss|COUNTRY - thiskiss(VERN)|Genesis - many too many|UNSORTED - bc heaven|UNSORTED - spice girls goodbye
D C G A,→ D,4,7,7,Beatles - act naturaly|COUNTRY - blanketontheground bjoespears|COUNTRY - crystalchan|REM - night swimming|Rollin STones - Sympathy for the Devil|rush - closer to the heart|UNSORTED - NIGHTSWM
G Em C Em,→ G,4,7,8,"Beatles - a day in the life|Cranberries - Zombie|Duran Duran - tequila sunrise|Eagles - Tequila Sunrise|Lionel Richie - Richie,Lionel Hello1|nirvana - dumb|REM - e bow the letter"
Em F G F,→ Em,4,7,10,Beatles - a day in the life|COUNTRY - CheapSeats|COUNTRY - cheapseats al|local_h - back in the day|rea_chris - it s all gone|Trisha Yearwood - There Goes My Baby|UNSORTED - THE DRUG
A# G A# G,→ A#,4,7,26,Beatles - being for the benefit of mr kite|COUNTRY - addictedtoadollar|COUNTRY - watermeloncrawl|nirvana - talk to me|rush - the weapon|super_tramp - bloody well right|television_theme_songs - seinfeld
Gm G Gm G,→ Gm,4,7,11,Beatles - being for the benefit of mr kite|collins_phil - sussudio|Genesis - sussudio|Phil Collins - sussudio|primus - jerry was a racecar driver|television_theme_songs - batman|TV Themes - Johnny Quest
E A E Bm,→ E,4,7,9,Beatles - birthday|CCR - Born On A Bayou|CCR - born on the bayou|COUNTRY - folsompris jcash|COUNTRY - littlsis|COUNTRY - standbyman tammyw|jackson_michael - black or white
F C F D#,→ F,4,7,9,Beatles - ob la di ob la da|COREL COLLECTION - INTL 02A|COUNTRY - deltadawn|Queen - Queen Radio ga ga|Queen - radio gaga|Righteoud Brothers - RighteousBrothers UnchainedMelody5|soundgarden - pretty noose
E A E Em,→ E,4,7,7,Beatles - only a northern song|Beatles - please please me|Bon Jovi - bad medicine|COUNTRY - aintnothingwrongwradio|Dixie Chicks - I Can Love You Better|Stevie Nicks - I Can Love You Better|UNSORTED - PLEASEME
D G D Am,→ D,4,7,15,Beatles - we can work it out|Christian Music - holy city|christian_music - holy city|COUNTRY - forevernever rtravis|COUNTRY - waltzetex|Duran Duran - tequila sunrise|Eagles - Tequila Sunrise
E B F#m B,→ E,4,7,9,Beatles - with a little help from my friends|carey_mariah - hero|COUNTRY - catchfallinstar|COUNTRY - catchfallstar|COUNTRY - Everyminute|Mariah Carey - hero|UNSORTED - hero1
A D G C,→ A,4,7,10,Beatles - your mother should know|cocker_joe - summer in the city|COUNTRY - chet saltydog|COUNTRY - hankw cheatin|COUNTRY - yourcheatinheart|Joe Cocker - summer in the city|wonder_stevie - my cherie amor
C D G Dm,→ C,4,7,12,Billy Joel - Shes Got a Way|COUNTRY - divorce|COUNTRY - howtimeslipsaway|COUNTRY - shesgotaway|Disney - March Of The Gladiators|joel_billy - she's got a way|joel_billy - she s got a way
G F#m G F#m,→ G,4,7,27,bolton_michael - go the distance|dave_matthews_band - dancing nancies|Journey - Journey Lights|Michael Bolton - go the distance|nirvana - oh the guilt|prince - raspberry beret|Sarah McGlachlan - Building A Mystery
G Dm F C,→ G,4,7,10,Bon Jovi - blaze of glory|COUNTRY - 26cents|COUNTRY - angelmrn|foo_fighters - i'll stick around|foo_fighters - i ll stick around|television_theme_songs - star trek deep space nine|TV Themes - Star Trek Deep Space Nine
C#m B E B,→ C#m,4,7,8,Bon Jovi - in these arms|Christian Music - my yielded heart|COUNTRY - holdinmyown|guns_%26_roses - november rain|morisette_alanis - ironic|UNSORTED - THE TIDE|wonder_stevie - you are the sunshine of my life
G Am G Em,→ G,4,7,9,Bon Jovi - Shes A Little Runaway|COUNTRY - hypnotize|COUNTRY - hypnotizethemoon|kiss - sure know something|nirvana - pennyroyal tea|rolling_stones - ruby tuesday|UNSORTED - PENNYROY
F Edim F Edim,→ F,4,7,26,Boston - foreplay|Boston - long time|COUNTRY - doyou|Disney - Beauty|Huey Lewis - Power of Love|steve_miller_band - joker|UNSORTED - BEN XG
C# D#m C# F#,→ C#,4,7,10,Brian McKnight - Anytime|Genesis - throwing it all away|lennox_annie - it's all right|lennox_annie - it s all right|richie_lionel - sweetest love|Righteoud Brothers - RighteousBrothers You'veLostThatLovinFeeling(60s)|UNSORTED - Beatit
Bm D E A,→ Bm,4,7,7,brooks_garth - friends in low places|cocker_joe - with a little help from my friends|COUNTRY - FILP|Garth Brooks - friends in low places|television_theme_songs - wonder years|TV Themes - With A Little Help|TV Themes - Wonder Years
G A Em A,→ G,4,7,7,brooks_garth - the dance|COUNTRY - unansweredprayers|COUNTRY - up2|Garth Brooks - the dance|Garth Brooks - uanswered prayer|jackson_michael - ghosts|smashing_pumpkins - forgive
Bm G D G,→ Bm,4,7,13,BTO - Hey You|Christian Music - jesus jesus how i love thee|christian_music - jesus jesus how i love thee|christian_music - tis so sweet to trust in jesus|COUNTRY - foreveranever|john_elton - a word in spanish|UNSORTED - Bachman Turner Overdrive Hey You
C Bdim C Bdim,→ C,4,7,22,Bush - machine head|Christian Music - god is love|christian_music - god is love|COREL COLLECTION - CLAS 10|COUNTRY - banksoftheohio mwillis|COUNTRY - ialright|pearl_jam - mankind
Gm F G F,→ Gm,4,7,10,carey_mariah - dream lover|collins_phil - sussudio|Genesis - sussudio|Mariah Carey - dream lover|Phil Collins - sussudio|steve_miller_band - joker|UNSORTED - DREAMLVR
F G F Gm,→ F,4,7,10,carey_mariah - dream lover|clapton_eric - sunshine of your love|Eric Clapton - sunshine of your love|George Michael - One More Try|Mariah Carey - dream lover|steve_miller_band - joker|UNSORTED - DREAMLVR
C Dm F Am,→ C,4,7,9,carey_mariah - emotions|Mariah Carey - emotions|marx_richard - right here waiting|Metallica - my friend of misery|Richard Marx - RichardMarx RightHereWaiting|Richard Marx - Right Here Waiting For You|UNSORTED - stopfus
A#m Fm A#m Fm,→ A#m,4,7,23,carey_mariah - now that i know|Foreigner - Foreigner I'll been waiting...|Foreigner - waiting|Foreigner - Waiting for a Girl Like You|lennox_annie - missionary man|Mariah Carey - now that i know|Phil Collins - anotherdayinparadise
A# Gm D# F,→ A#,4,7,22,"carey_mariah - whenever|Lionel Richie - Richie,Lionel&DianaRoss EndlessLove|Marc Anthony - You Sang To Me|Mariah Carey - whenever|television_theme_songs - 90210|TV Themes - 90210|UNSORTED - runaway"
F G C Em,→ F,4,7,10,carey_mariah - when i saw you|COREL COLLECTION - LITE 14|COUNTRY - amarillobymorning|COUNTRY - ifyournotinitforlove|COUNTRY - turnaround|Mariah Carey - when i saw you|Trisha Yearwood - There Goes My Baby
D#m C# D#m C#,→ D#m,4,7,12,carey_mariah - without you|Genesis - invisible touch|Mariah Carey - without you|Righteoud Brothers - RighteousBrothers You'veLostThatLovinFeeling(60s)|styx - mr roboto|UNSORTED - Beatit|UNSORTED - INVTOUCH
G C F Am,→ G,4,7,9,Carpenters - yesterday once more|carpenters_the - yesterday once more|COUNTRY - asundaykindoflove reba|COUNTRY - istherelife reba|Disney - Kiss The Girl|joel_billy - captain jack|john_elton - benny and the jets
G A Am D,→ G,4,7,9,Chicago - saturdayinthepark|Christmas - 12 days of christmas|COUNTRY - dearhearts|COUNTRY - elpaso|COUNTRY - elpaso mrobbins|police - bring on the night|television_theme_songs - neighbours
G C Em Dm,→ G,4,7,10,Christian Music - calvary s love|christian_music - calvary's love|christian_music - great and mighty is the lord|gravity_kills - inside|television_theme_songs - hogan's heros|television_theme_songs - hogan s heros|TV Themes - Hogans Heroes
F A# D# Cm,→ F,4,7,11,Christmas - silver bells|COUNTRY - carolinamoon|COUNTRY - whosebed|hornsby_bruce - spider fingers|joel_billy - this is the time|roxette - paint|toto - a thousand years
Gm A# Gm D,→ Gm,4,7,7,clapton_eric - i shot the sheriff|Eric Clapton - i shot the sheriff|Movie Themes - Mission Impossible|television_theme_songs - chip n dale rescue rangers|television_theme_songs - law and order|television_theme_songs - mission impossible|TV Themes - Chip n Dale Rescuerangers
Em C D C,→ Em,4,7,8,clapton_eric - rock 'n roll heart|COUNTRY - rocknrollhrt|COUNTRY - thunder|Eagles - Desperado|Eagles - lyineyes eagles philsmith|Eric Clapton - rock n roll heart|nirvana - radio friendly unit shifter
C# F# C# B,→ C#,4,7,9,Collective Soul - shine|collective_soul - shine|guns_%26_roses - knockin on heaven s door|jackson_michael - beat it|prince - bat dance|UNSORTED - Beatit|UNSORTED - whenshe
G# C# D# C#,→ G#,4,7,11,collins_phil - i wish it would rain now|COUNTRY - angelsamongus alab|COUNTRY - First degree(VERN)|COUNTRY - loveinfirstde al|dion_celine - the power of love|Phil Collins - iwishitwouldraindown|Phil Collins - i wish it would rain now
C# D# C# G#,→ C#,4,7,11,collins_phil - i wish it would rain now|COUNTRY - angelsamongus alab|COUNTRY - First degree(VERN)|COUNTRY - loveinfirstde al|dion_celine - the power of love|Phil Collins - iwishitwouldraindown|Phil Collins - i wish it would rain now
D# C# G# C#,→ D#,4,7,11,collins_phil - i wish it would rain now|COUNTRY - First degree(VERN)|COUNTRY - loveinfirstde al|dion_celine - the power of love|Phil Collins - iwishitwouldraindown|Phil Collins - i wish it would rain now|U2 - desire
C# G# C# D#,→ C#,4,7,9,collins_phil - i wish it would rain now|COUNTRY - angelsamongus alab|COUNTRY - First degree(VERN)|COUNTRY - loveinfirstde al|dion_celine - the power of love|Phil Collins - iwishitwouldraindown|Phil Collins - i wish it would rain now
Cm G# Cm D#,→ Cm,4,7,9,collins_phil - saturday night and sunday morning|green_day - stuck with me|Madonna - Madonna IntoTheGroove|Movie Themes - eyeofthe|Movie Themes - tiger|rush - vital signs|UNSORTED - INTO
G C Gm F,→ G,4,7,8,"collins_phil - sussudio|COUNTRY - honeycomb|COUNTRY - ilikeitloveit|Genesis - sussudio|Lionel Richie - Richie,Lionel YouAreTrulyMyEndlessLove|Phil Collins - sussudio|roxette - how do you do"
G A# G A#,→ G,4,7,29,COUNTRY - addictedtoadollar|COUNTRY - watermeloncrawl|green_day - my generation|nirvana - talk to me|rush - the weapon|super_tramp - bloody well right|television_theme_songs - seinfeld
C D Am G,→ C,4,7,7,COUNTRY - Breathe|COUNTRY - breathe faith jens niehues|Genesis - In Too Deep|Hanson - thinking of you|rolling_stones - mixed emotions|UNSORTED - faith breathe|UNSORTED - INTOODEE
Em A D G,→ Em,4,7,18,COUNTRY - changemymind jberry|COUNTRY - elpaso|COUNTRY - elpaso mrobbins|cure_the - a thousand hours|pet_shop_boys - itsasin|pet_shop_boys - it s a sin|Rod Stewart - You Wear It Well
D A F#m A,→ D,4,7,10,COUNTRY - chataho|COUNTRY - chattahoochie|COUNTRY - whenbluemoon2gold|green_day - only of you|rogers_kenny - lady|UNSORTED - CHAMPAGNE|UNSORTED - Hero
D# G# D# Fm,→ D#,4,7,11,"COUNTRY - daddydontwalksofast|COUNTRY - immovingon hanksnow|COUNTRY - rainynitga|Disney - You Can Fly|erasure - i love saturday|Johnny Rivers - Rivers,Johnny PoorSideOfTown1|television_theme_songs - thirty somethig"
Cm Fm Cm G#,→ Cm,4,7,15,COUNTRY - dream|Madonna - Madonna IntoTheGroove|Madonna - Madonna KeepItTogether|Madonna - Madonna Skin|Madonna - together|Sting - russians|UNSORTED - INTO
C G C Gm,→ C,4,7,13,COUNTRY - hardworkinman|COUNTRY - heartachesbyno|COUNTRY - jackson jcash|COUNTRY - whatthecowgirlsdo gill|Disney - Kiss The Girl|joel_billy - running on ice|u_s_songs - washington post march
G A G Em,→ G,4,7,11,COUNTRY - hereintherealworld|COUNTRY - istillbelieveinyou vgill|COUNTRY - youmoveme|hornsby_bruce - river flow|jethro_tull - bungle in the jungle|nine_inch_nails - down in it|roxette - listen to your heart
B D#m B D#m,→ B,4,7,15,COUNTRY - It Matters(VERN)|Foreigner - Cold as Ice|Foreigner - Foreigner Cold as ice|Movie Themes - What Is Love|television_theme_songs - tales from the crypt|TV Themes - Tales From The Crypt|UNSORTED - WHATISLO
D A D F#m,→ D,4,7,10,COUNTRY - standing|Duran Duran - DuranDuran UnionOfTheSnake|monkees - i wanna be free|offspring - all i want|Sting - i hung my head|UNSORTED - CHAMPAGNE|weezer - buddy holly
Em D Em A,→ Em,4,7,10,dave_matthews_band - best of what s around|jamiroquai - cosmic girl|nine_inch_nails - piggy|simon_%26_garfunkel - scarborough fair|Sting - englishman in new york|U2 - please|UNSORTED - NORWGS
Em Am G C,→ Em,4,7,9,Depech Mode - strange love|depeche_mode - strange love|Foreigner - watluvis|Journey - whos cryin now|UNSORTED - I WANT T|van_halen - ain't talkin bout love|van_halen - ain t talkin bout love
A E F#,→ A,3,7,14,Chris Stapleton - Tennessee Whiskey|Blues Brothers - sweet home chicago|blues_brothers - sweet home chicago|COUNTRY - beer30 bnd|moist - push|rush - run2u 2|Tori Amos - daisy dead petals
B A C#m,→ B,3,7,7,Céline Dion - My Heart Will Go On|Alice In Chains - sludge factory|alice_in_chains - sludge factory|cars_the - just what i needed|The Cars - just what i needed|UNSORTED - myheart|UNSORTED - THANK
E F# A,→ E,3,7,12,Radiohead - Let Down|beegees - how can you mend a broken heart|Blues Brothers - sweet home chicago|blues_brothers - sweet home chicago|COUNTRY - beer30 bnd|rush - run2u 2|Tori Amos - daisy dead petals
E D Bm,→ E,3,7,19,Sufjan Stevens - Fourth of July|COUNTRY - dancinonblvd al|COUNTRY - dancinonthe(VERN)|COUNTRY - shaggingdancingontheboulevard|Right Said Fred - RightSaidFred I'mTooSexy2|right_said_fred - i m too sexy|UNSORTED - TELSTAR
C#m D A,→ C#m,3,7,26,The Band - The Weight|The Beatles - Penny Lane|Beat - lately|Christofer Cross - Sailing|fleetwood_mac - little lies|Genesis - carpet crawl|UNSORTED - LEMM8
G F F#dim,→ G,3,7,7,The Beatles - Free As A Bird|COUNTRY - eastbound|COUNTRY - rhinestonecowboy|dave_matthews_band - 40|Movie Themes - grease|Mozart - req2|police - so lonely
A C D,→ A,3,7,12,The Beatles - I Am The Walrus|COUNTRY - aintmuchfun tkeith|COUNTRY - whyhaventiheardfromyou reba|Madonna - Madonna IllRemember|radiohead - airbag|sailor_moon - fbi|UNSORTED - southhampton
A D B,→ A,3,7,9,The Pogues - Fairytale of New York|COREL COLLECTION - NEWA 04|COUNTRY - blame hwy101|COUNTRY - Everyminute|COUNTRY - lovewithoutend|Right Said Fred - RightSaidFred You'reMyMate|TV Themes - Digimon
D G E,→ D,3,7,10,Van Morrison - Brown Eyed Girl|COUNTRY - bigdeal larimes|COUNTRY - born2luvu mcollie|COUNTRY - Borntoloveyou|COUNTRY - daddyshands|COUNTRY - sheandi al|joel_billy - nocturne
A E C,→ A,3,7,7,2 Unlimited - are you ready for this|Bryan Adams - Kids Wanna Rock|COUNTRY - beer30 bnd|COUNTRY - chet windy n warm|COUNTRY - cowboylove|COUNTRY - whatdoyouknowaboutlove|UNSORTED - AreYouReadyForThis
Gm D# F,→ Gm,3,7,14,ABBA - summer night city|dion_celine - any other way|houston_whitney - i have nothing at all|kiss - creatures of the night|police - don t stand so close to you|toto - i will remember|UNSORTED - DontStandSoClose
D C#m A,→ D,3,7,10,ABBA - waterloo|Barry Manilow - Even Now|kiss - strange ways|rednex - cotton eyed joe|reel_big_fish - sell out|UNSORTED - ridance|UNSORTED - WATER
C#m A D,→ C#m,3,7,10,ABBA - waterloo|Barry Manilow - Even Now|Christofer Cross - Sailing|emerson_lake_and_palmer - karn evil 9 2nd 3rd impression|kiss - strange ways|rednex - cotton eyed joe|UNSORTED - WATER
Em Bm D,→ Em,3,7,8,ABBA - waterloo|America - america a horse with no name1|COUNTRY - Indian Outlaw (Vern)|jackson_michael - give in|Metallica - wasting my hate|REM - driver 8|television_theme_songs - one day
G Em B,→ G,3,7,10,AC DC - for those about to rock|ac_dc - for those about to rock|COUNTRY - eastbound|Duran Duran - chauffer|Duran Duran - DuranDuran TheChauffer|duran_duran - chauffer|UNSORTED - ILOVEROC
Bm F#m G,→ Bm,3,7,11,adams_bryan - all for love|Bryan Adams - all for love|Bryan Adams - All For One|Cranberries - ode to my family|Disney - The Sound Site Best Of Disney Volume 1|Genesis - tell me why|osbourne_ozzy - shot in the dark
Bm C D,→ Bm,3,7,9,Air Supply - Making Love Out Of Nothing|Bee Bees - i started a joke|beegees - i started a joke|Genesis - driving the last spike|Queen - one vision|toto - georgy porgy|Billy Joel - BillyJoel Stiletto
G Em F#dim,→ G,3,7,8,America - america I Need You|America - america I Need You sll|COUNTRY - dowadidy|COUNTRY - hereintherealworld|Hanson - thinking of you|Righteoud Brothers - RighteousBrothers UnchainedMelody3|UNSORTED - nikita
A# Dm Gm,→ A#,3,7,11,Beach Boys - surfs up|beach_boys - surfs up|Depech Mode - black celebration|Depech Mode - stripped|depeche_mode - black celebration|depeche_mode - stripped|Movie Themes - Untouchables
A# Gm C,→ A#,3,7,8,beach_boys - i just wasnt made for these times|Christian Music - my sins are gone|COUNTRY - eaglewhensheflies|COUNTRY - feelssoright|COUNTRY - feelssoright al|Movie Themes - Crimson Tide|roxette - it must have been love
F#m A Bm,→ F#m,3,7,10,Beatles - across the universe|BTO - Let It Ride|Huey Lewis - I Want a New Drug|osbourne_ozzy - shot in the dark|Ricky Martin - She Bangs|rolling_stones - can't be seen|rolling_stones - can t be seen
Gm A# C,→ Gm,3,7,11,Beatles - and i love her|COUNTRY - DreamingWithMyEyesWideOpen|COUNTRY - dreaminwithmy eyeswideopen claywalker|dion_celine - think twice|pearl_jam - hail hail|pink_floyd - the great gig in the sky|UNSORTED - SOS
C F Cm,→ C,3,7,7,Beatles - can't buy me love|Beatles - can t buy me love|COUNTRY - fadedpictureson thewall|COUNTRY - icantstoplovingyou02|COUNTRY - thesebootsrmade4walkin|Genesis - one for the vine|UNSORTED - I Love You Because
D E Bm,→ D,3,7,7,Beatles - eight days a week|Billy Idol - BillyIdol WhiteWedding|COUNTRY - Baton|COUNTRY - brotherjukebox|COUNTRY - callingbatonrouge|Right Said Fred - RightSaidFred I'mTooSexy2|right_said_fred - i m too sexy
A G B,→ A,3,7,10,Beatles - lovely rita|COUNTRY - abilene|COUNTRY - Bigtime|COUNTRY - bigtime trace|disney_songs - arabian nights from aladdin|Movie Themes - Jurassic Park|UNSORTED - ILOVEROC
Cm F A#,→ Cm,3,7,10,Beatles - pennylane|beegees - i've got to get a message to you|COUNTRY - dannyboy|COUNTRY - therose|Star Wars - imperial|toto - a thousand years|UNSORTED - TURNBACK
D# A# Dm,→ D#,3,7,7,"Beatles - straberry fields forever|Billy Joel - Honesty|dion_celine - power of the dream|joel_billy - honesty|Lionel Richie - Richie,Lionel&DianaRoss EndlessLove|Movie Themes - Untouchables|u_s_songs - olympic theme 1996"
D C#dim C,→ D,3,7,7,Bee Bees - massachusetts|beegees - massachusetts|clapton_eric - running on faith|COUNTRY - abilene|Eric Clapton - running on faith|oasis - cast no shadow|Billy Joel - BillyJoel Stiletto
G F#dim C,→ G,3,7,7,beegees - new york mining disaster 1941|Christmas - oh come all ye faithful|COREL COLLECTION - CLAS 20|led_zepplin - the ocean|lennox_annie - don't ask me why|lennox_annie - don t ask me why|van_halen - mean street
G#m E B,→ G#m,3,7,8,Ben Folds Five - underground|COUNTRY - betteryourheart|joel_billy - famous last words|Journey - faithfully|U2 - new year's day|U2 - New Years Day|U2 - new year s day
A B G#m,→ A,3,7,7,Big Mountain - baby i love your way|big_mountain - baby i love your way|Creed - one Creed|Creed - One|joel_billy - famous last words|Movie Themes - Eye Of The Tiger|Movie Themes - rocky
C Dm Gm,→ C,3,7,8,Billy Joel - Movin Out|COUNTRY - itscryintime|joel_billy - movin out|Movie Themes - Phantom Of The Opera|rea_chris - josephine|Rick Springfield - You Dont Have To Say You Lo|UNSORTED - LIVE
Gm F Am,→ Gm,3,7,10,Billy Joel - Tell Her About It|COUNTRY - cantbereallygone timmc|steve_miller_band - joker|UNSORTED - BATOUT|UNSORTED - BREAKMYS|UNSORTED - DON TSTO|UNSORTED - emmanuel
C A Am,→ C,3,7,10,Blues Traveller - crash and burn|blues_traveller - crash and burn|collins_phil - sussudio|COUNTRY - chet windy n warm|Genesis - sussudio|Phil Collins - sussudio|rolling_stones - mixed emotions
G# Cm C#,→ G#,3,7,8,"Bob Seger - BobSeger Mainstreet|Christian Music - he keeps me signing|christian_music - he keeps me signing|Lionel Richie - Richie,Lionel SayYouSayMe|Lionel Richie - Richie,Lionel SayYouSayMe1|Madonna - Madonna ThePowerOfGoodbye|TV Themes - Felicity"
C# G# Fm,→ C#,3,7,13,"Bob Seger - BobSeger Mainstreet|Christian Music - i am loved|christian_music - i am loved|kiss - rock hard|Lionel Richie - Richie,Lionel MyLove|offspring - cool to hate|UNSORTED - luvhurts"
G# Fm C#,→ G#,3,7,11,"Bob Seger - BobSeger Mainstreet|Celine Dion - Power Of Love|COUNTRY - wayuluv|joel_billy - an innocent man|kiss - rock hard|Lionel Richie - Richie,Lionel MyLove|UNSORTED - luvhurts"
Fm G# Gm,→ Fm,3,7,24,"boys_2_men - end of the road|Boyz II Men - end of the road|collins_phil - one more night|Johnny Rivers - Rivers,Johnny PoorSideOfTown1|Phil Collins - one more night|television_theme_songs - east enders|UNSORTED - EASTEND"
G# Gm Fm,→ G#,3,7,18,"boys_2_men - end of the road|Boyz II Men - end of the road|Chicago - chihard|COUNTRY - dream|Johnny Rivers - Rivers,Johnny PoorSideOfTown1|television_theme_songs - east enders|UNSORTED - EASTEND"
Em F G,→ Em,3,7,9,Bryan Adams - Back To You|COUNTRY - bluemoon|COUNTRY - doesthebluemoonevershineonyou|grant_amy - doubly good to you|Jo Dee Messina - 111|joel_billy - big man on mulberry street|rea_chris - it s all gone
A C#m G#m,→ A,3,7,10,buffet_jimmy - changes in latitude|COUNTRY - changesin latitudes changesin attitudes|Jimmy Buffet - changes in latitude|Madonna - Madonna LittleStar|Movie Themes - Eye Of The Tiger|Movie Themes - rocky|TV Themes - Digimon
Em A Bm,→ Em,3,7,17,Bush - army of dreams|Kate Bush - army dreamer|rea_chris - fool if you think it s over|Steve Winwood - While You See a Chance|UNSORTED - LAMBADA|UNSORTED - MASH|yes - love will find a way
E C#m F#m,→ E,3,7,8,carey_mariah - oh holy night|carey_mariah - someday|COUNTRY - heartland|COUNTRY - heartland gstrait|Mariah Carey - oh holy night|Mariah Carey - someday|richie_lionel - we are the world
A# C Am,→ A#,3,7,27,Celine Dion - My Heart Will Go On Techno|Christian Music - largo|COUNTRY - inadiffe|COUNTRY - sayhello|erasure - man in the moon|real_mccoy - one more time|yes - white car
B G#m D#m,→ B,3,7,7,Celine Dion - Tell Him|Foreigner - Foreigner I'll been waiting...|Foreigner - waiting|Foreigner - Waiting for a Girl Like You|U2 - new year's day|U2 - New Years Day|U2 - new year s day
G Bm Am,→ G,3,7,8,Chicago - chidoes|COUNTRY - donttel himwha2do ptillis|garbage - you look so fine|lennox_annie - don't ask me why|lennox_annie - don t ask me why|seger_bob - against the wind|UNSORTED - BREAKMYS
Em Am D,→ Em,3,7,13,Christian Music - jesu joy of men s desiring|christian_music - jesu joy of men's desiring|COUNTRY - tenxmas al|emerson_lake_and_palmer - pirates|kiss - magic touch|Movie Themes - Phantom Of The Opera|Billy Joel - BillyJoel StillRnRToMe
Gm Cm A#,→ Gm,3,7,7,Christian Music - savior of the nations come|christian_music - savior of the nations come|clapton_eric - i shot the sheriff|collins_phil - don't lose my number|COUNTRY - 10000angels|Eric Clapton - i shot the sheriff|Phil Collins - don t lose my number
G A# C,→ G,3,7,12,Christian Music - sooner or later|christian_music - sooner or later|COUNTRY - addictedtoadollar|COUNTRY - boysnme sawyer|COUNTRY - fancy reba|COUNTRY - watermeloncrawl|Queen - Queen Crazy little thing called love
G# C# A#m,→ G#,3,7,15,"Christina Aguilera - I Turn To You|COREL COLLECTION - MISC 06|COUNTRY - mywomanmywife|COUNTRY - Rimes,LeAnn OneWayTicket|dave_matthews_band - satellite|Journey - when you love a woman|UNSORTED - Grease"
D#m C# F#,→ D#m,3,7,12,Christmas - santa clause is coming to town|COUNTRY - whermigonnalive|Foreigner - Foreigner I wanna know what love is|Foreigner - I Want to Know What Love Is|spice_girls - 2 become 1|UNSORTED - VillagePeople YMCA|village_people - ymca
Em E G,→ Em,3,7,7,clapton_eric - rock 'n roll heart|COUNTRY - rocknrollhrt|earth_wind_fire - fantasy|Eric Clapton - rock n roll heart|hendrix_jimi - voodoo chile|television_theme_songs - melrose|TV Themes - Melrose Place
D C F#dim,→ D,3,7,8,clapton_eric - running on faith|clapton_eric - wonderful tonight|Eric Clapton - running on faith|Eric Clapton - wonderful tonight|jethro_tull - as the tears go by|rolling_stones - as tears go by|UNSORTED - CLOUD%26AE
D#m C# A#m,→ D#m,3,7,8,collins_phil - against all odds|COREL COLLECTION - JAZZ 08|loeb_lisa - stay|Movie Themes - kongo|Phil Collins - against all odds|UNSORTED - ALLODDS|UNSORTED - MUSTLOVE
C D A#,→ C,3,7,8,COREL COLLECTION - FNFRE 03|COUNTRY - youngatheart|Movie Themes - Escape From LA|nirvana - pennyroyal tea|Partridge Family - Your Mama Dont Dance|pet_shop_boys - normally|UNSORTED - PENNYROY
F C Bdim,→ F,3,7,7,COREL COLLECTION - INTL 02A|COUNTRY - afterthesunriseYanniite|Rollin STones - Start me up|UNSORTED - BEETHO10|UNSORTED - edwinmccain illbe|ventures_the - walk don't run|ventures_the - walk don t run
Cm Gm D#,→ Cm,3,7,9,COREL COLLECTION - NEWA 08|Rod Stewart - Young Turks|smashing_pumpkins - soothe|Sting - russians|TLC - Creep|toto - i won t hold back|UNSORTED - creep
E F#m C#m,→ E,3,7,9,COREL COLLECTION - NEWA 10|COUNTRY - catchfallinstar|COUNTRY - catchfallstar|COUNTRY - coveruinkisses|Metallica - hero of the day|Movie Themes - Starship Troopers|yes - starship trooper
A#m G# C#,→ A#m,3,7,11,COREL COLLECTION - POP 06|COUNTRY - mywomanmywife|dave_matthews_band - satellite|Journey - when you love a woman|MatchBox 20 - 3 AM|UNSORTED - 3 AM|UNSORTED - Grease
Dm Am F,→ Dm,3,7,9,COREL COLLECTION - TECH 08|REM - losereli|REM - Losing My Religion|sublime - same in the end|UNSORTED - LOS REL|van_halen - i'll wait|van_halen - i ll wait
Em G Bm,→ Em,3,7,11,Counting Crows - round here|counting_crows - round here|COUNTRY - itsyourlove|Genesis - fountain of salamcis|Journey - Journey Anyway you want it|Movie Themes - Summer Love|UNSORTED - WOULDILI
A# Gm Cm,→ A#,3,7,8,COUNTRY - 10000angels|COUNTRY - eyesolov|COUNTRY - therose|douglas_carl - kung fu fighting|houston_whitney - didn't we almost have it all|john_elton - rocket man|police - get here
C Am Gm,→ C,3,7,10,COUNTRY - 500miles|emerson_lake_and_palmer - jerusalem|Genesis - never a time|Movie Themes - Top Gun|Movie Themes - top gun theme|Rollin STones - Under my Thumb|toto - i won t hold back
E A G,→ E,3,7,7,COUNTRY - allmyrowdyfrds|COUNTRY - chet saltydog|COUNTRY - kickalittle|COUNTRY - mountmus al|Def Leppard - armageddon it|def_leppard - armageddon it|wonder_stevie - i've had the time of my life
A D Am,→ A,3,7,9,COUNTRY - blameitontexas mchestnut|COUNTRY - cityputcountry|COUNTRY - cityputthecountrybackinme nealmc|COUNTRY - crycrycry|COUNTRY - crycrycry martystuart|COUNTRY - thatbeday|sailor_moon - fbi
Gm Cm F,→ Gm,3,7,10,COUNTRY - cantbereallygone timmc|keil_marty - truckseat tango|Movie Themes - Fame|television_theme_songs - chip n dale rescue rangers|television_theme_songs - fame|TV Themes - Chip n Dale Rescuerangers|UNSORTED - im so excited
A# C Gm,→ A#,3,7,10,COUNTRY - DreamingWithMyEyesWideOpen|COUNTRY - dreaminwithmy eyeswideopen claywalker|COUNTRY - fancy reba|dave_matthews_band - rhyme and reason|pearl_jam - hail hail|Tears for Fears - Sowing the Seeds of Love|UNSORTED - SOS
G# G#m F#,→ G#,3,7,12,COUNTRY - girlsnightout|Genesis - time table|richie_lionel - still|richie_lionel - truly|SEAL - kiss from a rose|SEAL - Seal KissFromARose|UNSORTED - KISSFROM
F Am Em,→ F,3,7,7,COUNTRY - greatestmanineverknew|Eagles - inthelongrun theeagles CCMSN|Eagles - The Long Run|erasure - take me back|grant_amy - doubly good to you|john_elton - daniel|kiss - black diamond
G Am A,→ G,3,7,10,COUNTRY - hestoplovher|COUNTRY - stoppedluv|live - rattlesnake|Movie Themes - Dr Zhivago|REM - Shiny Happy People|styx - song for the day|television_theme_songs - miami vice
Gm A# F,→ Gm,3,7,8,COUNTRY - THE CHANGE|George Michael - Freedom|Metallica - jump in the fire|Pat Benatar - We Belong|UNSORTED - DON TSTO|UNSORTED - emmanuel|van_halen - right now
Fm G# F#,→ Fm,3,7,12,"COUNTRY - threetimes|Lionel Richie - Richie,Lionel ThreeTimesALady|Lionel Richie - Richie,Lionel ThreeTimesALady1|mike_and_the_mechanics - another cup of coffee|richie_lionel - all night long|richie_lionel - still|richie_lionel - three times a lady"
G# A#m D#,→ G#,3,7,8,COUNTRY - wayuluv|Disney - When You Wish Upon A Star|disney_songs - when you wish upon a star|faith_no_more - easy|jackson_michael - rock with you|UNSORTED - IN MOOD|van_halen - just a gigalo
C# F# A#m,→ C#,3,7,17,dion_celine - because you loved me|Jo Dee Messina - becauseyoulovedme|richie_lionel - all night long|richie_lionel - sail on|UNSORTED - MUSTLOVE|UNSORTED - NEVER|UNSORTED - nevever
F# C# D#m,→ F#,3,7,15,dion_celine - because you loved me|Foreigner - That was Yesterday|green_day - when i come around|Jo Dee Messina - becauseyoulovedme|kiss - strutter|richie_lionel - sail on|SmashMouth - I Cant Get Enough Of You
Em D A,→ Em,3,7,9,Eagles - Take it to the Limit|Movie Themes - apollo 13|Rod Stewart - Stay With Me|simon_%26_garfunkel - scarborough fair|soundgarden - my wave|television_theme_songs - one day|UNSORTED - pacific
D A# C,→ D,3,7,10,Movie Themes - Escape From LA|Movie Themes - Jurassic Park|nirvana - pennyroyal tea|pet_shop_boys - normally|Righteoud Brothers - RighteousBrothers UnchainedMelody2|Righteoud Brothers - RighteousBrothers UnchainedMelody4|UNSORTED - PENNYROY
C G7,→ C,2,7,43,Bill Withers - Lean on Me|Christmas - O Holy Night|Christmas - Silent Night - key of C|John Lennon - Imagine|Procol Harum - A Whiter Shade of Pale|Sam Cooke - Bring It On Home to Me|The Beatles - Golden Slumbers
Eb Ab,→ Eb,2,7,21,Buddy Holly - Everyday|Crowded House - Don't Dream It's Over|Céline Dion - My Heart Will Go On|Ed Sheeran - Perfect|Enya - Only Time|Queen - We Are The Champions|Taylor Swift - Wildest Dreams
B G#,→ B,2,7,10,Céline Dion - My Heart Will Go On|COUNTRY - fever|television_theme_songs - peanuts|television_theme_songs - wheel of fortune|TV Themes - Charlie Brown|TV Themes - Wheel of Fortune|wonder_stevie - boogie on reggae women
B D#,→ B,2,7,12,Paul McCartney - Wonderful Christmastime|Black Sabbath - ironman|black_sabbath - ironman|COUNTRY - freighttrain rustydraper|COUNTRY - refrieddreams|smashing_pumpkins - soma|soundgarden - pretty noose
C# A,→ C#,2,7,8,The Beach Boys - God Only Knows|The Turtles - Happy Together|emerson_lake_and_palmer - the endless enigma|foo_fighters - winnebago|Madonna - Madonna BeautifulStrangerGecko|richie_lionel - sail on|Ricky Martin - She Bangs
D#m Fm,→ D#m,2,7,31,2 Unlimited - workaholic|2_unlimited - workaholic|Celine Dion - The Colour Of My Love|emerson_lake_and_palmer - take a pebble|mighty_mighty_bosstones - rascal king|nirvana - mexican seafood|UNSORTED - video
G#dim A,→ G#dim,2,7,14,ABBA - fernando|BareNaked Ladies - One Week|Beatles - i've just seen a face|Beatles - i ve just seen a face|COUNTRY - bufgals|Disney - Chim Chim Cheree|Huey Lewis - Its Alright
Am Adim,→ Am,2,7,10,ABBA - money money money|Blues Traveller - crash and burn|blues_traveller - crash and burn|Bush - machine head|Disney - Haunted Mansion|led_zepplin - living loving maid|Metallica - escape
F#m D#dim,→ F#m,2,7,16,Aqua - barbie girl|Blackstreet - no diggity|christian_music - the battle belongs to the lord|Eric Clapton - layla|inxs - what you need|UNSORTED - BARBIE G|UNSORTED - LAYLDIST
D# E,→ D#,2,7,16,Backstreet Boys - get down|backstreet_boys - get down|Beat - noscrubsTLC|Disney - The Sorcerer|jamiroquai - music of the mind|nsync - i want you back|TLC - No Scrubs
G Fm,→ G,2,7,22,Beat - gangstasparadise|Destiny's Child - Say My Name|Marc Anthony - Hasta Ayer|morisette_alanis - joining you|pink_floyd - keep talking|Rembrandts - waybaby|UNSORTED - It'sASin
Am B,→ Am,2,7,9,Billy Joel - The Stranger|Cake - never there|Christian Music - the heavenly light|christian_music - the heavenly light|Disney - Haunted Mansion|joel_billy - the stranger|Billy Joel - BillyJoel Stiletto
Am F#dim,→ Am,2,7,12,Cake - never there|Commodores - brickhouse|COREL COLLECTION - CLAS 10|Cyndi Lauper - She Bop|dc_talk - jesus is still alright|nada_surf - popular|pink_floyd - goodbye blue sky
Em A#,→ Em,2,7,9,CCR - Green River|Metallica - eye of the beholder|Metallica - of wolf and man|pantera - hollow|pink_floyd - the trial|White Zombie - Black Sunshine|white_zombie - black sunshine
Edim G,→ Edim,2,7,7,COUNTRY - AGDTTSCU|COUNTRY - aintgoingdown|COUNTRY - aintgoingdowntillthesuncomesup|COUNTRY - ISwear|COUNTRY - trouble|COUNTRY - trouble tritt|jamiroquai - half the man
F# F#m,→ F#,2,7,11,dave_matthews_band - too much|disney_songs - when i fall in love|Genesis - the musical box|led_zepplin - good times bad times|manilow_barry - cant smile without you|rush - run2u 2|rush - subdivisions
G Adim,→ G,2,7,11,Def Leppard - armageddon it|Disney - Some Day My Prince Will C|Duran Duran - a view to kill|Duran Duran - DuranDuran AViewToAKill|duran_duran - a view to kill|phish - theme from the bottom|TV Themes - Muppet Show
G# Gdim,→ G#,2,7,18,Emerson Lake and Palmer - dance of mars|emerson_lake_and_palmer - dance of mars|Madonna - Madonna PapaDontPreach|Madonna - papa don't preach|Madonna - papa don t preach|nirvana - lounge act|UNSORTED - BEETHO10
G F G F C,→ G,5,6,12,Cat Stevens - Wild World|Bryan Adams - Somebody|COUNTRY - thinkinthing traceadkins|roxette - harley's and indians|roxette - harley s and indians|Steve Winwood - higherlove
F C G Am C,→ F,5,6,8,Elton John - I Guess That's Why They Call It The Blues|COUNTRY - rockinyears|COUNTRY - straw|grant_amy - stay for awhile|inxs - never tear us apart|lennox_annie - here comes the rain again
C G Am D G,→ C,5,6,9,Grateful Dead - Ripple|Chicago - saturday in the park|COUNTRY - iquit vince|COUNTRY - somedaysoon|television_theme_songs - casper the friendly ghost|TV Themes - Casper the Friendly Ghost
Em A D G A,→ Em,5,6,8,John Lennon - Happy Xmas (War Is Over)|brooks_garth - the dance|COUNTRY - unansweredprayers|COUNTRY - up2|Garth Brooks - the dance|Garth Brooks - uanswered prayer
D C G D G,→ D,5,6,9,Johnny Nash - I Can See Clearly Now|America - America TinMan|COUNTRY - bouqofroses|Goo Goo Dolls - Slide|Madonna - cherish|roxette - run to you
C G C G A,→ C,5,6,8,"Pink Floyd - Comfortably Numb|Johnny Rivers - Rivers,Johnny MidnightSpecial3|pink_floyd - comfortably numb|police - every breath you take|Sting - everybreathyoutake|UNSORTED - BOESENDO"
D Em G D Em,→ D,5,6,7,Simon & Garfunkel_Traditional - Scarborough Fair|COUNTRY - Baton|COUNTRY - brotherjukebox|COUNTRY - callingbatonrouge|COUNTRY - ivebeentryin 2getoveru vince|Steve Winwood - Higher Love
B F# C# B F#,→ B,5,6,6,Sonny & Cher - I Got You Babe|gabriele_peter - that voice again|gabriele_peter - voice|Genesis - throwing it all away|guns_%26_roses - knockin on heaven s door|weezer - mykel and carli
G C Em G Em,→ G,5,6,7,ABBA - super trouper|Christmas - hark the herald angels sing|COUNTRY - pc bluemoonofkentucky|Metallica - the memory remains|Movie Themes - eyetiger|stone_temple_pilots - creep
Em G C G C,→ Em,5,6,6,ABBA - super trouper|Christian Music - calvary s love|christian_music - calvary's love|COUNTRY - turnaround|dave_matthews_band - typical situation|oasis - talk tonight
F Am F Am C,→ F,5,6,6,adams_bryan - heaven|Bryan Adams - heaven|nicks_stevie - rhiannon|richie_lionel - stuck on you|styx - best of times|styx - the best of times
G D G D Em,→ G,5,6,7,Bananorama - Venus|Bananorama - venus2|Bryan Adams - Before The Night Is Over|mclachlan_sarah - building a mystery|oasis - cum on feel the noise|spin_doctors - two princes
G C Em D C,→ G,5,6,8,Bangles - Bangles eternal flame|COUNTRY - BeachCheyenne|COUNTRY - eternal|Disney - March Of The Gladiators|Goo Goo Dolls - Slide|The Bangles - Eternal Flame
B E Bm E D,→ B,5,6,6,Bangles - walklikeanegyptian|Bangles - walk like an egyptian|COUNTRY - feelluckymccarp|COUNTRY - ifeellucky2nite marycc|The Bangles - Walk Like An Egyptian|UNSORTED - bangles egyptian
F A# F Dm A#,→ F,5,6,6,BareNaked Ladies - The Old Apartment|Counting Crows - raining in baltimore|counting_crows - raining in baltimore|COUNTRY - Godblesstheusa leegreenwood|COUNTRY - godblessusa|fleetwood_mac - everywhere
B F# E B F#,→ B,5,6,11,Beat - puffy beenaround|COUNTRY - emotionalgirl|COUNTRY - itsonly make believe twitty|COUNTRY - stillcare|puff_daddy - been around the world|Ricky Martin - Shes All I Ever Had
G Em G Em C,→ G,5,6,7,Beatles - baby it's you|Beatles - baby it s you|COUNTRY - Tender Moment|disney_songs - new baroqur|Journey - Journey Anyway you want it|reel_big_fish - take on me
G Am G C Am,→ G,5,6,8,Beatles - i want to hold your hand|COUNTRY - babyblue|COUNTRY - babyblues gstrait|COUNTRY - twistnite|tool - aenima|UNSORTED - HEAVENSD
C G C F Dm,→ C,5,6,8,Beatles - misery|COUNTRY - amithateasytoforget|COUNTRY - babyblue|COUNTRY - babyblues gstrait|COUNTRY - soncaldaddy|UNSORTED - YouAreMysunshine
F A# F C A#,→ F,5,6,10,Beatles - you never give me your money|Christian Music - we ll talk it over|christian_music - we'll talk it over|COUNTRY - blueclearsky jmm|COUNTRY - ForAChange|COUNTRY - tinybub
G D G C Am,→ G,5,6,8,Bee Bees - massachusetts|beegees - massachusetts|COUNTRY - greengrass|COUNTRY - judd mamahecrazy|john_elton - nikita|live - selling the drama
Bm A E Bm A,→ Bm,5,6,9,Billy Idol - BillyIdol WhiteWedding|Billy Idol - Billy Idol White wedding|COUNTRY - dancinonblvd al|COUNTRY - dancinonthe(VERN)|COUNTRY - shaggingdancingontheboulevard|UNSORTED - bi whitewed
E Bm A Bm A,→ E,5,6,6,Billy Idol - BillyIdol WhiteWedding|Billy Idol - Billy Idol White wedding|COUNTRY - dancinonblvd al|COUNTRY - dancinonthe(VERN)|COUNTRY - shaggingdancingontheboulevard|UNSORTED - bi whitewed
Bm A Bm A E,→ Bm,5,6,9,Billy Idol - BillyIdol WhiteWedding|Billy Idol - Billy Idol White wedding|COUNTRY - dancinonblvd al|COUNTRY - dancinonthe(VERN)|COUNTRY - shaggingdancingontheboulevard|UNSORTED - bi whitewed
Em A G Em G,→ Em,5,6,6,Billy Joel - Allentown|COUNTRY - Bigtime|COUNTRY - bigtime trace|live - i alone|REM - texarkana|UNSORTED - TXARKANA
Am G C Am C,→ Am,5,6,6,Bob Carlisle - butterfly kisses|carlislie_bob - butterfly kisses|checker_chubby - let's twist again|Chubby Checker - let s twist again|COREL COLLECTION - INTL 03|COREL COLLECTION - LITE 02
Am C F G C,→ Am,5,6,7,Bob Carlisle - butterfly kisses|carlislie_bob - butterfly kisses|styx - come sail away|Tears for Fears - Sowing the Seeds of Love|U2 - One|ub40 - one
B C# F# B F#,→ B,5,6,6,Bon Jovi - bed of roses|COUNTRY - adalida|COUNTRY - adalida1|COUNTRY - detroitcty|COUNTRY - hereyoucomeagain dolly|COUNTRY - Vern's Unbelievable
G F#m Em G A,→ G,5,6,7,brooks_garth - the dance|COUNTRY - anniessong johndenver|COUNTRY - unansweredprayers|COUNTRY - up2|Garth Brooks - the dance|Garth Brooks - uanswered prayer
Am G C G C,→ Am,5,6,6,Bruce Hornsby - The Way It Is|COUNTRY - asanyfoolcansee tlaw|hornsby_bruce - way it is|led_zepplin - battle of evermore|smashing_pumpkins - rocket|Billy Joel - BillyJoel TheEntertainer
C G Am G Am,→ C,5,6,6,Bruce Hornsby - The Way It Is|COUNTRY - Breathe|COUNTRY - breathe faith jens niehues|hornsby_bruce - way it is|ub40 - can't help falling in love with you|UNSORTED - faith breathe
G F G C Am,→ G,5,6,9,Bryan Adams - Christmas Time|clapton_eric - bellbottom blues|Eric Clapton - bellbottom blues|Movie Themes - stand by me|styx - best of times|styx - the best of times
G C G Em F,→ G,5,6,8,Bryan Adams - Lets Make A Night To Rememb|Celine Dion - Im Your Angel|lennox_annie - there must be an angel|Righteoud Brothers - RighteousBrothers UnchainedMelody8|righteous_brothers - unchained melody|TV Themes - Married With Children
D A D A B,→ D,5,6,6,buffet_jimmy - come monday|COUNTRY - evrgreen|COUNTRY - icanloveubette|Jimmy Buffet - come monday|Queen - a kind of magic|UNSORTED - AKMAGIC
C G C Am F,→ C,5,6,9,carey_mariah - when i saw you|COREL COLLECTION - LITE 02|COUNTRY - whosbed|joel_billy - piano man|Mariah Carey - when i saw you|styx - come sail away
G D Bm G Bm,→ G,5,6,8,cars_the - you might think|Rollin STones - Wild Horses|Sting - Fields Of Gold|Sting - fldsgold|The Cars - you might think|UNSORTED - reckless
F A# D# F D#,→ F,5,6,6,CCR - Long As I Can See The Light|COUNTRY - teddybear|Culture Club - Karma Chameleon|disney_songs - under the sea|UNSORTED - KARMACHA|van_halen - you really got me
A E F#m A E,→ A,5,6,7,CCR - Proud Mary|COREL COLLECTION - SPRT 10|COREL COLLECTION - WEST 06|COUNTRY - independenceday|mclachlan_sarah - sweet surrender|Metallica - hero of the day
D# A# D# A# F,→ D#,5,6,6,Christian Music - angels watching over me|christian_music - angels watching over me|COUNTRY - isitreallyover|Disney - Under The Sea|UNSORTED - TwisterG|UNSORTED - windben
C Em G C G,→ C,5,6,6,Christian Music - calvary s love|christian_music - calvary's love|COUNTRY - gonecountry|dave_matthews_band - typical situation|pearl_jam - rockin in the free world|u_s_songs - turkey in the straw
A# D# A# G# D#,→ A#,5,6,6,"Christian Music - count your blessings|christian_music - count your blessings|collins_phil - everyday|Phil Collins - Collins, Phil Everyday|Phil Collins - everyday|rogers_kenny - the gambler"
D# A# G# D# G#,→ D#,5,6,7,Christian Music - count your blessings|Christian Music - put your hand in the hand|christian_music - count your blessings|christian_music - put your hand in the hand|Coolio - c u when u get there|COUNTRY - babysgottengoodatgoodbye
G# A# D# G# D#,→ G#,5,6,11,Christian Music - he keeps me signing|christian_music - he keeps me signing|Christmas - i'm dreaming of a white christmas|COREL COLLECTION - NEWA 11|COUNTRY - Whenyousaynothing|COUNTRY - whenyousaynothingatall
F A# C A# C,→ F,5,6,8,Christian Music - i love you lord|Christian Music - my jesus i love thee|christian_music - i love you lord|COUNTRY - canihavethisdance|COUNTRY - sayhello|nicks_stevie - gypsy
C Em Am D G,→ C,5,6,10,Christian Music - morning has broken|Madonna - Madonna YoullSee|Madonna - you'll see|Madonna - you ll see|television_theme_songs - the flintstones|TV Themes - Flintstones
C F C G Am,→ C,5,6,6,Christmas - jolly old saint nicholas|COUNTRY - rockinyears|COUNTRY - straw|grant_amy - stay for awhile|lennox_annie - here comes the rain again|UNSORTED - edwinmccain illbe
C# F# C# B F#,→ C#,5,6,7,Collective Soul - shine|collective_soul - shine|Genesis - throwing it all away|green_day - christie road|guns_%26_roses - knockin on heaven s door|roxette - sleeping in my car
C Gm C F Gm,→ C,5,6,6,collins_phil - sussudio|dion_celine - think twice|Phil Collins - sussudio|Sting - The Soul Cages|television_theme_songs - dr kildare|TV Themes - I Dream Of Jeannie
A E A F#m D,→ A,5,6,6,COUNTRY - 3rdrateromance skershaw|COUNTRY - alittletoolate|COUNTRY - itsalittle2late tanya|Duran Duran - love will alwayep us alive|Eagles - love will always keep us alive|Eagles - Love Will Keep Us Alive
G D G Em D,→ G,5,6,7,COUNTRY - actnaturally buckowens|COUNTRY - amysbckinaustin liltex|pearl_jam - hail hail|smashing_pumpkins - forgive|UNSORTED - ALICEFAR|van_halen - aftershock
D# A# C F A#,→ D#,5,6,8,COUNTRY - carolinamoon|COUNTRY - teddybear|COUNTRY - tightjeans ctwitty|COUNTRY - twosparrow|Disney - Zip A Dee Doo Dah|disney_songs - zip a de do da
F Am A# F C,→ F,5,6,6,COUNTRY - dontitmakeyourbrowneyesblue|COUNTRY - dontmakebreyeblue|Queen - breakthrough|Queen - Queen Break through|Queen - Queen I Want To Break Free|UNSORTED - BREAKTHR
A D A B D,→ A,5,6,6,COUNTRY - evrgreen|COUNTRY - icanloveubette|police - every breath|Queen - a kind of magic|Sting - Police EveryBreathYouTake|UNSORTED - AKMAGIC
D G D Bm A,→ D,5,6,14,COUNTRY - foreveranever|COUNTRY - forevernever rtravis|COUNTRY - mercuryblues|crosby_stills_and_nash - teach your children|cure_the - a thousand hours|television_theme_songs - civil war
G D Bm G D,→ G,5,6,6,COUNTRY - foreveranever|COUNTRY - whos|COUNTRY - whosthatman|crosby_stills_and_nash - teach your children|Culture Club - Do You Really Want to Hurt|Movie Themes - Armageddon
G C Am G D,→ G,5,6,9,COUNTRY - greengrass|COUNTRY - judd mamahecrazy|disney_songs - one jump|john_elton - nikita|live - selling the drama|pet_shop_boys - alwaysonmymind
B E B E A,→ B,5,6,9,COUNTRY - kickalittle|Cranberries - dreams|dire_straits - why worry|roxette - crash boom bang|UNSORTED - beautwom|UNSORTED - Stand By Me PRO(John Lennon)
A# G# A# D# G#,→ A#,5,6,8,COUNTRY - lookatus gill|COUNTRY - maybehenoticehernow|COUNTRY - uaintwomanenuf|COUNTRY - yourstilltheone|U2 - stay|UNSORTED - RETURNTO
Cm D# Cm A# D#,→ Cm,5,6,9,cure_the - let's go to bed|cure_the - let s go to bed|Metallica - cure|Movie Themes - eyeofthe|Movie Themes - tiger|smashing_pumpkins - landslide
D G Em G C,→ D,5,6,6,Duran Duran - lyin' eyes|Eagles - lyin' eyes|Eagles - lyineyes eagles philsmith|Eagles - Lyin Eyes|Righteoud Brothers - RighteousBrothers UnchainedMelody2|Righteoud Brothers - RighteousBrothers UnchainedMelody4
G Em G C D,→ G,5,6,6,Duran Duran - lyin' eyes|Eagles - lyin' eyes|Eagles - lyineyes eagles philsmith|Eagles - Lyin Eyes|Righteoud Brothers - RighteousBrothers UnchainedMelody2|Righteoud Brothers - RighteousBrothers UnchainedMelody4
F Am C F C,→ F,5,6,10,Eagles - inthelongrun theeagles CCMSN|Eagles - The Long Run|kiss - love is the drug|Movie Themes - Youre The One That I Want|nirvana - tourettes|reel_big_fish - she has a girlfriend now
D Em G C,→ D,4,6,18,Billie Eilish - Ocean Eyes|Elvis Presley - Always On My Mind|Counting Crows - round here|counting_crows - round here|john_elton - crocodile rock|Stevie Nicks - Edge of Seventeen
G C D Em,→ G,4,6,10,Billie Eilish - Ocean Eyes|Counting Crows - round here|counting_crows - round here|roxette - here comes the weekend|Stevie Nicks - Edge of Seventeen|television_theme_songs - my mother the car
A E F#m C#m,→ A,4,6,22,Bo Burnham - That Funny Feeling|King Princess - 1950|adams_bryan - please forgive me|Bryan Adams - Please Forgive Me|UNSORTED - MAINTHEM|van_halen - panama
F Dm Am C,→ F,4,6,9,Cigarettes After Sex - Apocalypse|Chicago - 25or6to4|Chicago - 25 or 6 to 4|joel_billy - piano man|Movie Themes - Naked Gun|Movie Themes - naked gun theme
C F D F,→ C,4,6,8,Elton John - I Guess That's Why They Call It The Blues|Christian Music - celebrate jesus|christian_music - celebrate jesus|Rollin STones - You Cant Always Get What|rolling_stones - you can't always get what you want|Billy Joel - BillyJoel RootbeerRag
G D Am D,→ G,4,6,12,Lady Gaga and Bradley Cooper - Shallow|CCR - Wholl Stop The Rain|COUNTRY - forevernever rtravis|COUNTRY - waltzetex|Duran Duran - tequila sunrise|Eagles - Tequila Sunrise
F G Em Am,→ F,4,6,17,Leonard Cohen - Hallelujah|Counting Crows - mr. jones|counting_crows - mr. jones|marley_bob - no woman no cry|Richard Marx - RichardMarx RightHereWaiting|UNSORTED - LETITGO
B F# B E,→ B,4,6,14,Neil Diamond - Sweet Caroline|COUNTRY - burythehatchet|COUNTRY - iwascountry barbmandrell|COUNTRY - stillcare|fleetwood_mac - i don't want to know|fleetwood_mac - i don t want to know
D A C G,→ D,4,6,14,Neil Young - After The Gold Rush|buffet_jimmy - when the volcano blows|Cranberries - Linger|Jimmy Buffet - when the volcano blows|Movie Themes - Breakfast Club|simple_minds - dont you forget about me
F#m A E B,→ F#m,4,6,27,Oasis - Wonderwall|COUNTRY - Everyminute|COUNTRY - littlebitty ajackson|Duran Duran - DuranDuran OrdinaryWorld|Duran Duran - Ordinary World|duran_duran - ordinary world
E B F#m A,→ E,4,6,27,Oasis - Wonderwall|COUNTRY - coveruinkisses|COUNTRY - littlebitty ajackson|Duran Duran - DuranDuran OrdinaryWorld|Duran Duran - Ordinary World|duran_duran - ordinary world
D F#m A F#m,→ D,4,6,16,Oasis - Wonderwall|AC DC - highway to hell|ac_dc - highway to hell|red_hot_chilli_peppers - under the bridge|rush - red barchetta|UNSORTED - Cheap Trick I Want You To Want Me
A F#m D F#m,→ A,4,6,16,Oasis - Wonderwall|AC DC - highway to hell|ac_dc - highway to hell|red_hot_chilli_peppers - under the bridge|Sting - they dance alone|UNSORTED - Cheap Trick I Want You To Want Me
Em D A D,→ Em,4,6,10,Pink - Just Give Me A Reason|Bangles - manic monday|Beatles - twist and shout|rea_chris - fool if you think it s over|The Bangles - Manic Monday|UNSORTED - bangles manicmonday
G D C Am,→ G,4,6,12,Pink Floyd - Wish You Were Here|The La's - There She Goes|guns_%26_roses - patience|hornsby_bruce - old playground|pink_floyd - wish you were here|TV Themes - Dawsons Creek
Am G C D,→ Am,4,6,9,Pink Floyd - Wish You Were Here|Christmas - a merry little christmas|Christmas - have yourself a merry little christmas|COUNTRY - donttel himwha2do ptillis|hornsby_bruce - old playground|pink_floyd - wish you were here
G Am Em C,→ G,4,6,22,Tate McRae - Teenage Mind|Christian Music - our god is an awesome god|Christmas - granma's christmas|Christmas - granma s christmas|kansas - dust in the wind|UNSORTED - Dustwind
Am Em C G,→ Am,4,6,23,Tate McRae - Teenage Mind|Christmas - holy night|Christmas - oh holy night|COUNTRY - amysbckinaustin liltex|foo_fighters - big me|Billy Joel - BillyJoel PianoMan
Am C D F,→ Am,4,6,32,The Animals - House of the Rising Sun|Duran Duran - DuranDuran SaveAPrayer|Duran Duran - Save a Prayer|duran_duran - save a prayer|UNSORTED - housesun|UNSORTED - RISINSUN
A E A G,→ A,4,6,8,The Beach Boys - God Only Knows|Christian Music - there is none like you|christian_music - there is none like you|Hanson - Mmmbop|led_zepplin - what is and what should never be|Tone Loc - WildThing
B G#m D#m E,→ B,4,6,6,The Cars - Drive|cars_the - drive|The Cars - drive|U2 - new year's day|U2 - New Years Day|U2 - new year s day
Em C G D,→ Em,4,6,14,The Cranberries - Zombie|Christian Music - our god is an awesome god|COUNTRY - itsyourlove|COUNTRY - shameless|Steve Winwood - higherlove|U2 - everlasting love
D A D Bm,→ D,4,6,7,The Pogues - Fairytale of New York|aerosmith - livin on the edge|Christian Music - shine jesus shine|christian_music - shine jesus shine|COUNTRY - cattlecall|COUNTRY - ineedu trisha
G D Bm D,→ G,4,6,11,The Pogues - Fairytale of New York|Christian Music - give thanks|christian_music - give thanks|christian_music - give thanks with a greatful heart|COUNTRY - crich behind|rolling_stones - black is black
F#m D F#m E,→ F#m,4,6,8,311 - down|COUNTRY - everybodyknows trisha|Goo Goo Dolls - Name|goo_goo_dolls - name|roxette - spending my time|Sting - i hung my head
Dm C F C,→ Dm,4,6,9,a-ha - the living daylights|COUNTRY - coolwater|COUNTRY - honeycomb|houston_whitney - one moment in time|UNSORTED - LIVINGD|UNSORTED - YouAreMysunshine
Cm D# Cm A#,→ Cm,4,6,11,a-ha - the living daylights|cure_the - let's go to bed|cure_the - let s go to bed|Metallica - cure|UNSORTED - HAWAI50|UNSORTED - LIVINGD
A# Cm D# Cm,→ A#,4,6,13,a-ha - the living daylights|cure_the - let's go to bed|cure_the - let s go to bed|Metallica - cure|television_theme_songs - hawaii 5 0|UNSORTED - HAWAI50
F#m B F#m E,→ F#m,4,6,8,ABBA - name of the game|Aqua - barbie girl|garbage - stupid girl|UNSORTED - BARBIE G|UNSORTED - NAME|UNSORTED - stupgirl
G# D# C# D#,→ G#,4,6,9,"ABBA - tiger|Bryan Adams - BRYAN ADAMS here i am|Christian Music - to god be the glory|christian_music - to god be the glory|Lionel Richie - Richie,Lionel SayYouSayMe|u_s_songs - stars and stripes forever"
G Em Bm D,→ G,4,6,9,ABBA - waterloo|Beatles - she loves you|Righteoud Brothers - RighteousBrothers UnchainedMelody2|Righteoud Brothers - RighteousBrothers UnchainedMelody4|spice_girls - think you are|spice_girls - who do you think you are
Em D Bm G,→ Em,4,6,7,adams_bryan - all for love|Bryan Adams - all for love|Bryan Adams - All For One|COUNTRY - changemymind jberry|Genesis - driving the last spike|television_theme_songs - mash
D E F#m A,→ D,4,6,13,adams_bryan - can't stop this thing we started|Bryan Adams - Cant Stop That Thing We Sta|clapton_eric - tears in heaven|Eric Clapton - tears in heaven|fleetwood_mac - little lies|kravitz_lenny - heaven help
E F#m A D,→ E,4,6,13,adams_bryan - can't stop this thing we started|Bryan Adams - Cant Stop That Thing We Sta|clapton_eric - tears in heaven|Eric Clapton - tears in heaven|fleetwood_mac - little lies|UNSORTED - StandByMe
D Em A G,→ D,4,6,8,aerosmith - livin on the edge|Bryan Adams - Cloud No 9|COUNTRY - canitrustuwithmyhrt|COUNTRY - cantItrustyouwithmyheart|Rod Stewart - Maggie May|styx - babe
C D C Dm,→ C,4,6,7,aerosmith - pink|Beatles - i follow the sun|COUNTRY - amiblue gs|jethro_tull - bouree|Rollin STones - Sympathy for the Devil|UNSORTED - CANTINA
A C#m Bm E,→ A,4,6,6,Air Supply - Come What May|COUNTRY - hethinkshellkeepher|COUNTRY - hethinkskeepher|Restless Heart - whenshecries|rolling_stones - can't be seen|rolling_stones - can t be seen
E C#m A C#m,→ E,4,6,6,Alice In Chains - i stay away|alice_in_chains - i stay away|COUNTRY - coveruinkisses|led_zepplin - good times bad times|Madonna - Madonna LaIslaBonita|police - next to you
C# F# D#m F#,→ C#,4,6,9,Alice In Chains - man in a box|alice_in_chains - man in a box|COUNTRY - refrieddreams|MatchBox 20 - Push|UNSORTED - LETSDANC|weezer - the good life
C# G# D#m F#,→ C#,4,6,10,Alice In Chains - man in a box|alice_in_chains - man in a box|Foreigner - That was Yesterday|Metallica - TurnPage Metallica|Movie Themes - Evita|UNSORTED - LETSDANC
B D B D,→ B,4,6,11,Alice In Chains - no excuses|alice_in_chains - no excuses|Ben Folds Five - julianne|COUNTRY - dreambaby glenc|jackson_michael - billie jean|UNSORTED - Billyjean
E A E C#m,→ E,4,6,7,"Allman Brothers Band - melissa|COUNTRY - borncountry ala|COUNTRY - crossmyheart gs|Movie Themes - Starship Troopers|Phil Collins - Collins, Phil Another day in paradise|yes - starship trooper"
G#m F#m E F#m,→ G#m,4,6,7,Allman Brothers Band - melissa|Billy Joel - Uptown Girl|joel_billy - uptown girl|UNSORTED - spice girls goodbye|UNSORTED - UPTOWNGL|van_morrison - have i told you lately that i love you
G#m A G#m A,→ G#m,4,6,10,Aqua - barbie girl|doobie_brothers - listen to the music|toto - africa|UNSORTED - AFRICA|UNSORTED - BARBIE G|UNSORTED - Toto Africa
Am A# Am A#,→ Am,4,6,18,Aqua - my oh my|Eric Clapton - layla|Genesis - Land of Confusion|UNSORTED - emmanuel|UNSORTED - LANDOFCO|UNSORTED - LAYLDIST
F# D#m G# C#,→ F#,4,6,7,Asia - heat of the moment|Bee Bees - too much heaven|beegees - too much heaven|COUNTRY - beautifulbody|COUNTRY - whermigonnalive|Metallica - too much heaven
F# G# F# Fm,→ F#,4,6,10,Backstreet Boys - all i have to give|Bee Bees - too much heaven|beegees - too much heaven|fatboy_slim - praise you|Metallica - too much heaven|richie_lionel - sail on
Dm F G C,→ Dm,4,6,6,Backstreet Boys - anywhere for you|backstreet_boys - anywhere for you|prince - interactive|television_theme_songs - who's the boss|television_theme_songs - who s the boss|TV Themes - Whos the Boss
F D# F Cm,→ F,4,6,7,BareNaked Ladies - The Old Apartment|COREL COLLECTION - ROCK 08|hornsby_bruce - harbor lights|Right Said Fred - RightSaidFred I'mTooSexy|Right Said Fred - RightSaidFred I'mTooSexy1|Right Said Fred - RightSaidFred I'mTooSexy4
D# F Cm F,→ D#,4,6,7,BareNaked Ladies - The Old Apartment|COREL COLLECTION - ROCK 08|hornsby_bruce - harbor lights|Right Said Fred - RightSaidFred I'mTooSexy|Right Said Fred - RightSaidFred I'mTooSexy1|Right Said Fred - RightSaidFred I'mTooSexy4
Gm Fm Gm Fm,→ Gm,4,6,20,Barry Manilow - Copacabana|Blackstreet - good lovin|Duran Duran - pretty maids all in a row|Eagles - Pretty Maids All In a Row|UNSORTED - DONTSPEA|UNSORTED - TURNBACK
D# F D# A#,→ D#,4,6,9,Barry Manilow - Mandy|Christofer Cross - Ride Like the Wind|disney_songs - under the sea|green_day - emenius sleepus|Madonna - Madonna Rain|manilow_barry - mandy
A# Am F Dm,→ A#,4,6,14,Beat - backassup|Genesis - invisible touch|television_theme_songs - happy days|TV Themes - Happy Days|UNSORTED - devwoman|UNSORTED - INVTOUCH
Gm F Gm Dm,→ Gm,4,6,15,Beat - blue|Beatles - and i love her|dion_celine - think twice|rea_chris - josephine|smith_will - men in black|UNSORTED - emmanuel
G#m F#m G#m F#m,→ G#m,4,6,14,Beat - tha cros|Bone - tha crossroads|COUNTRY - Faith Hill This Kiss|COUNTRY - thiskiss(VERN)|Genesis - many too many|UNSORTED - spice girls goodbye
Dm C G C,→ Dm,4,6,8,Beatles - abbey road medley|Christmas - silver and gold|COUNTRY - babyblue|COUNTRY - babyblues gstrait|Eagles - Best of My Love|UNSORTED - YouAreMysunshine
F Dm F C,→ F,4,6,10,Beatles - all together now|COUNTRY - Day O|COUNTRY - happyhearts|Depech Mode - shake the disease|depeche_mode - shake the disease|Disney - Can You Feel The Love
B C B C,→ B,4,6,13,Beatles - being for the benefit of mr kite|nirvana - dumb|Partridge Family - Your Mama Dont Dance|toto - hold the line|UNSORTED - HOLDTHE|UNSORTED - stupid
D E G A,→ D,4,6,8,Beatles - eight days a week|Beatles - maxwell's silver hammer|Beatles - maxwell s silver hammer|buffet_jimmy - come monday|COUNTRY - comemon|Jimmy Buffet - come monday
E G A D,→ E,4,6,6,Beatles - eight days a week|Beatles - maxwell's silver hammer|Beatles - maxwell s silver hammer|buffet_jimmy - come monday|COUNTRY - comemon|Jimmy Buffet - come monday
Em A D Bm,→ Em,4,6,10,Beatles - fool on the hill|cure_the - a thousand hours|nazereth - love hurts|rea_chris - fool if you think it s over|television_theme_songs - mash|UNSORTED - MASH
C Em G Am,→ C,4,6,10,Beatles - happiness is a warm gun|daft_punk - around the world|houston_whitney - one moment in time|kiss - love gun|mellancamp_john_cougar - cherry bomb|Pointer Sisters - Slow Hand
G A C D,→ G,4,6,8,Beatles - i don't want to spoil the party|jethro_tull - as the tears go by|Madonna - i ll remember|REM - night swimming|rolling_stones - as tears go by|UNSORTED - NIGHTSWM
C A C Em,→ C,4,6,31,Beatles - i want to hold your hand|Duran Duran - DuranDuran Rio|Duran Duran - Rio|duran_duran - rio|nirvana - dumb|SEAL - dreaming in metaphors
F Am Dm C,→ F,4,6,7,Beatles - i will|collins_phil - do you remember|jackson_michael - do you remember|Phil Collins - do you remember|UNSORTED - DO YOU R|UNSORTED - TIFA STH
Em Bm D G,→ Em,4,6,12,Beatles - she loves you|Christian Music - jesu joy of men s desiring|christian_music - jesu joy of men's desiring|Queen - the show must go on|spice_girls - think you are|spice_girls - who do you think you are
D# G# C# G#,→ D#,4,6,7,Bee Bees - don t forget to remember|beegees - don't forget to remember|christian_music - i stand amazed in the presence|christian_music - when the roll is called up yonder|COREL COLLECTION - INTL 18|kiss - rock and roll allnite
E F#m A F#m,→ E,4,6,11,Bee Bees - to love somebody|beegees - to love somebody|Chicago - hard to say i'm sorry get away|COUNTRY - aintnoway|COUNTRY - thataintnowaytogo|green_day - do da da
E D F#m A,→ E,4,6,7,Billy Joel - You May Be Right|COUNTRY - drivingmylifeaway|dave_matthews_band - crash into me|Duran Duran - love will alwayep us alive|Eagles - love will always keep us alive|mclachlan_sarah - sweet surrender
B C#m E C#m,→ B,4,6,6,Bon Jovi - in these arms|Depech Mode - enjoy the silence|depeche_mode - enjoy the silence|television_theme_songs - hawaii 5 0|UNSORTED - HAWAI50|UNSORTED - ISLA
Gm D# Gm F,→ Gm,4,6,6,Bon Jovi - keepthefaith|Bon Jovi - keep the faith bon jovi|Bon Jovi - keep the faith|Bon Jovi - kepfaith|clapton_eric - i shot the sheriff|Eric Clapton - i shot the sheriff
C# G# A#m G#,→ C#,4,6,6,Bon Jovi - one sweet day|boys_2_men - one sweet day|Boyz II Men - one sweet day|carey_mariah - one sweet day|Mariah Carey - one sweet day|Sugar Ray - Every Morning
G# C# Fm C#,→ G#,4,6,6,Bon Jovi - one sweet day|boys_2_men - one sweet day|Boyz II Men - one sweet day|carey_mariah - one sweet day|Mariah Carey - one sweet day|morisette_alanis - you learn
C# Fm C# Fm,→ C#,4,6,19,Brian McKnight - Anytime|carey_mariah - forever|Mariah Carey - forever|petty_tom - face in the crowd|UNSORTED - popcorn|UNSORTED - SMELLS L
Am F Am G,→ Am,4,6,6,brooks_garth - industrial|Christmas - a merry little christmas|Christmas - have yourself a merry little christmas|cocker_joe - unchain my heart|Garth Brooks - industrial|Joe Cocker - unchain my heart
Dm C Dm Am,→ Dm,4,6,15,brooks_garth - the good|collins_phil - the west side|Garth Brooks - the good|pet_shop_boys - heart|Phil Collins - the west side|van_halen - love walks in
Dm Am Dm G,→ Dm,4,6,6,brooks_garth - the good|Garth Brooks - the good|Genesis - Misunderstanding|Movie Themes - King Kong|Sting - if you love somebody|Sting - If You Love Somebody Set Th
Fm F Fm F,→ Fm,4,6,17,C and C Music Factory - everybody dance now|C and C Music Factory - gonna make you sweat|nine_inch_nails - becoming|nine_inch_nails - eraser|super_tramp - bloody well right|UNSORTED - everybody dance now
C Gm A# F,→ C,4,6,8,carey_mariah - i'll be there|COREL COLLECTION - CLAS 17|Eagles - Seven Bridges Road|jewel - foolish games|Mariah Carey - i ll be there|wall_flowers - 6th avenue heartache
A Em D G,→ A,4,6,6,carey_mariah - melt away|Christian Music - halleluja chorus|christian_music - halleluja chorus|Eagles - Take it to the Limit|guns_%26_roses - locomotive|Mariah Carey - melt away
A E Bm E,→ A,4,6,10,CCR - Born On A Bayou|CCR - born on the bayou|COUNTRY - littlsis|COUNTRY - smessage|COUNTRY - standbyman tammyw|jackson_michael - black or white
E A Bm A,→ E,4,6,7,CCR - born on the bayou|COUNTRY - cowboycad|COUNTRY - dontfallinlovedrm krogers|COUNTRY - dontfallinlovewithadreamer|COUNTRY - enjine9|UNSORTED - super man
G# Fm G# D#,→ G#,4,6,6,Celine Dion - Power Of Love|collins_phil - i wish it would rain now|Madonna - causing a commotion|Madonna - Madonna CausingACommotion|Phil Collins - iwishitwouldraindown|Phil Collins - i wish it would rain now
F Dm Am G,→ F,4,6,14,Chicago - 25or6to4|Chicago - 25 or 6 to 4|Christmas - granma's christmas|Christmas - granma s christmas|oasis - don't go away|oasis - don t go away
F C F D,→ F,4,6,6,Christian Music - celebrate jesus|christian_music - celebrate jesus|Disney - Hakuna Matata|Elvis - bluehawaii|Rollin STones - You Cant Always Get What|rolling_stones - you can't always get what you want
F G Bdim C,→ F,4,6,8,Christian Music - family of god|Christian Music - god is love|christian_music - family of god|christian_music - god is love|COREL COLLECTION - FNFRE 04|doors_the - touch me
G Bdim C F,→ G,4,6,6,Christian Music - family of god|christian_music - family of god|COREL COLLECTION - FNFRE 04|Movie Themes - Advance To The Rear|UNSORTED - burn|Billy Joel - BillyJoel PianoMan
G Bm D C,→ G,4,6,6,Christian Music - for the beauty of the earth|christian_music - for the beauty of the earth|COUNTRY - duelingbanjos|Madonna - cherish|Movie Themes - Dueling Banjos|u_s_songs - dueling banjos
Bm D Em D,→ Bm,4,6,9,Christian Music - give thanks|christian_music - give thanks|christian_music - give thanks with a greatful heart|Depech Mode - master and servant|depeche_mode - master and servant|UNSORTED - MASTER A
C F C Bdim,→ C,4,6,8,Christian Music - god is love|christian_music - god is love|clapton_eric - let it grow|COUNTRY - coolwater|doors_the - touch me|Eric Clapton - let it grow
D F#m D G,→ D,4,6,8,Christian Music - halleluja chorus|christian_music - halleluja chorus|COUNTRY - changemymind jberry|dave_matthews_band - ants marching|hornsby_bruce - another day|Billy Joel - BillyJoel Miami2017
A D G Em,→ A,4,6,8,Christian Music - holy city|Christian Music - open our eyes lord|christian_music - holy city|COUNTRY - easycomego|COUNTRY - elpaso|COUNTRY - elpaso mrobbins
A# C A# D#,→ A#,4,6,11,Christian Music - low in the grave he lay|Christian Music - old rugged cross|COUNTRY - dannyboy|COUNTRY - eyesolov|COUNTRY - sendmethepillow|TV Themes - Pokemon
G Em C Am,→ G,4,6,11,Christian Music - there is none like you|christian_music - there is none like you|COUNTRY - dontclos|COUNTRY - sadsongs|garbage - push it|Movie Themes - forrest gump theme
A# D# A# G#,→ A#,4,6,7,Christian Music - this is my father s world|christian_music - this is my father's world|COUNTRY - uaintwomanenuf|erasure - oh lamour|Kenny Loggins - Footloose|U2 - stay
D# A#m D# A#m,→ D#,4,6,36,Christina Aguilera - genie|Christina Aguilera - Genie In A Bottle|disney_songs - can't wait to be king|disney_songs - can t wait to be king|Madonna - borderline|Madonna - Madonna Borderline
D# A#m D# C#,→ D#,4,6,6,Christina Aguilera - genie|Christina Aguilera - Genie In A Bottle|gabriele_peter - sledgehammer|Madonna - borderline|Madonna - Madonna Borderline|Peter Gabriel - sledgehammer
D# C# D# A#m,→ D#,4,6,6,Christina Aguilera - genie|Christina Aguilera - Genie In A Bottle|Madonna - borderline|Madonna - Madonna Borderline|spice_girls - say you'll be there|spice_girls - say you ll be there
G F G Am,→ G,4,6,9,clapton_eric - bellbottom blues|clapton_eric - white room|COUNTRY - anymore|Eric Clapton - bellbottom blues|Eric Clapton - white room|rolling_stones - ruby tuesday
E D E F#m,→ E,4,6,8,clapton_eric - tears in heaven|Eric Clapton - tears in heaven|Eric Clapton - th|houston_whitney - i will always love you|Rollin STones - Satisfaction|rolling_stones - satisfaction
D A Em G,→ D,4,6,13,cocker_joe - with a little help from my friends|Elvis - backonthechaingang|hornsby_bruce - river flow|television_theme_songs - wonder years|TV Themes - With A Little Help|TV Themes - Wonder Years
Gm Am Gm C,→ Gm,4,6,6,collins_phil - inside out|dire_straits - sultans of swing|Duran Duran - victim of love|Eagles - Victim of Love|Phil Collins - inside out|UNSORTED - sulta
Em C Em D,→ Em,4,6,10,collins_phil - just another day in paradise|Def Leppard - defleppardwoman|def_leppard - women|Mariah Carey - Fantasy|offspring - leave it behind|pearl_jam - black
F Dm A# Gm,→ F,4,6,10,COREL COLLECTION - NEWA 07|COUNTRY - Don't Laugh At Me (Vern)|COUNTRY - dont laughatme|disney_songs - part of your world|UNSORTED - b|UNSORTED - dont laughatme
F#m Em F#m D,→ F#m,4,6,12,"COREL COLLECTION - WEST 04|COUNTRY - howdoilive|COUNTRY - Rimes,LeAnn HowDoILive|COUNTRY - Rimes,LeAnn HowDoILive1|hornsby_bruce - another day|rimes_leann - how do i live"
Em A Em G,→ Em,4,6,6,COUNTRY - 57chevy billyjospears|guns_%26_roses - dust n bones|Movie Themes - James Bond|Movie Themes - theme from james bond|Movie Themes - theme to james bond|UNSORTED - JAMESORI
F#m E F#m A,→ F#m,4,6,12,COUNTRY - aintnoway|COUNTRY - thataintnowaytogo|green_day - do da da|keil_marty - roomview|Restless Heart - whenshecries|ZZ Top - Rough Boy
F A# F Cm,→ F,4,6,7,COUNTRY - amilosingyou|COUNTRY - britney sometimes|COUNTRY - uandi|midler_bette - wind beneath my wings|roxette - i'm sorry|roxette - i m sorry
G F Em F,→ G,4,6,8,COUNTRY - anymore|COUNTRY - CheapSeats|COUNTRY - cheapseats al|live - turn my head|local_h - back in the day|UNSORTED - gradua
C F Gm F,→ C,4,6,7,COUNTRY - babylikestorockit|COUNTRY - babyrocket|Disney - Winnie The Pooh|Movie Themes - Bridges Of Madison County|Queen - makin whoopee|UNSORTED - ALLSONGS
E F# E B,→ E,4,6,6,COUNTRY - borncountry ala|COUNTRY - dustbottle|COUNTRY - duston thebottle|COUNTRY - itsonly make believe twitty|roxette - crash boom bang|spice_girls - wannabe
C#m B C#m B,→ C#m,4,6,16,COUNTRY - brokenwing martina|Madonna - Madonna LaIslaBonita|prodigy - your love|red_hot_chilli_peppers - under the bridge|UNSORTED - ISLA|UNSORTED - spice girls goodbye
G A Bm A,→ G,4,6,6,COUNTRY - buymearose|COUNTRY - buymearose kennyrogers|marley_bob - jammin|MatchBox 20 - Back 2 Good|Movie Themes - Legends Of The Fall|Tone Loc - WildThing
A# F A# Cm,→ A#,4,6,6,COUNTRY - cadillac ranch chrisLeDoux|COUNTRY - DreamingWithMyEyesWideOpen|COUNTRY - dreaminwithmy eyeswideopen claywalker|television_theme_songs - family circus|TV Themes - Monty Python|u_s_songs - liberty bell march
D Em G Am,→ D,4,6,9,COUNTRY - cityputcountry|COUNTRY - cityputthecountrybackinme nealmc|Genesis - that's all|Genesis - Thats All|Genesis - that s all|kiss - dr love
G# Cm Fm Cm,→ G#,4,6,12,COUNTRY - dream|Madonna - Madonna IntoTheGroove|Madonna - Madonna KeepItTogether|Madonna - together|Sting - russians|UNSORTED - INTO
F# E B E,→ F#,4,6,7,COUNTRY - dustbottle|COUNTRY - duston thebottle|garbage - only happy when it rains|Movie Themes - Mrs Robinson|simon_%26_garfunkel - mrs. robinson|spice_girls - wannabe
C D C Am,→ C,4,6,11,COUNTRY - fadedpictureson thewall|Madonna - Madonna LuckyStar|REM - Great Beyond|television_theme_songs - lois and clark|U2 - One|ub40 - one
F G C Gm,→ F,4,6,8,"COUNTRY - goaway|COUNTRY - go awaywaitaminute|COUNTRY - honeycomb|Disney - Supercal|Lionel Richie - Richie,Lionel YouAreTrulyMyEndlessLove|roxette - how do you do"
Gm C F C,→ Gm,4,6,8,COUNTRY - lastcheaterswaltz|COUNTRY - sockhop|nazereth - love hurts|rea_chris - josephine|television_theme_songs - dr kildare|TV Themes - I Dream Of Jeannie
A# Gm Cm F,→ A#,4,6,8,COUNTRY - therose|Queen - bohemian rhapsody|Queen - Queen Bohemian Rhapsody|rea_chris - loving you|UNSORTED - boh|UNSORTED - BOHEMIAN
C Em G Em,→ C,4,6,8,Cranberries - Zombie|daft_punk - around the world|dave_matthews_band - typical situation|live - turn my head|nirvana - dumb|ZZ Top - Just Got Paid
C Em D Em,→ C,4,6,8,Def Leppard - defleppardwoman|def_leppard - women|lennon_john - jealous guy|offspring - leave it behind|pearl_jam - black|U2 - your blue room
G#m E G#m E,→ G#m,4,6,17,Destiny's Child - Bugaboo|smashing_pumpkins - love|smashing_pumpkins - soma|UNSORTED - LIVIN|UNSORTED - LULLABYE|van_morrison - have i told you lately that i love you
E C#m E D,→ E,4,6,7,disney_songs - duck tales theme|houston_whitney - i will always love you|kiss - take me|toto - hold the line|UNSORTED - HOLDTHE|UNSORTED - ISLA
A# Gm F Am,→ A#,4,6,6,disney_songs - part of your world|Queen - breakthrough|Queen - Queen Break through|Queen - Queen I Want To Break Free|UNSORTED - BREAKTHR|UNSORTED - TORN2
E A E G#m,→ E,4,6,13,Dixie Chicks - I Can Love You Better|Journey - dont stop believin 3|rolling_stones - satisfaction|Stevie Nicks - I Can Love You Better|Tori Amos - silent all these years|UNSORTED - NOWHEREM
E B D A,→ E,4,6,14,Duran Duran - DuranDuran Rio|Duran Duran - Rio|duran_duran - rio|offspring - she s got issues|stone_temple_pilots - lady picture show|van_halen - beautiful girls
G Am Em Am,→ G,4,6,6,Duran Duran - i can't tell you why|Eagles - i can't tell you why|Eagles - I Cant Tell You Why|Eagles - i can t tell you why|led_zepplin - living loving maid|monkees - daydream believer
G Em F C,→ G,4,6,10,Duran Duran - i can't tell you why|Eagles - i can't tell you why|Eagles - I Cant Tell You Why|Eagles - i can t tell you why|live - turn my head|police - so lonely
Em G Em E,→ Em,4,6,6,Duran Duran - life in the fast lane|Eagles - Life in the Fast Lane|hendrix_jimi - voodoo chile|Huey Lewis - Workin for a Livin'|kiss - spit|Sarah McGlachlan - Building A Mystery
F# B F# G#m,→ F#,4,6,7,gabriele_peter - that voice again|gabriele_peter - voice|Pat Benatar - Shadows Of The Night|smashing_pumpkins - thirty three|smashing_pumpkins - tonight tonight|weezer - jamie
Bm Em Bm D,→ Bm,4,6,9,houston_whitney - i'm every woman|houston_whitney - i m every woman|kravitz_lenny - heaven help|nirvana - aero zepplin|television_theme_songs - one day|warren_g - to all djs
Dm F Dm C,→ Dm,4,6,8,iron_butterfly - ana godda da vida|Sting - we'll be together|Sting - we ll be together|UNSORTED - BLUEMOND|UNSORTED - bmonday|van_halen - love walks in
G F E Am,→ G,4,6,7,"jackson_michael - smooth criminal|Lionel Richie - Richie,Lionel Hello|Lionel Richie - Richie,Lionel Hello1|nsync - tearin up my heart|UNSORTED - SMOOTHCR|Billy Joel - BillyJoel StillRnRToMe"
D C D Am,→ D,4,6,9,Journey - Journey Only the young|Journey - only the young|kiss - magic touch|morisette_alanis - heart of the house|television_theme_songs - baywatch|TV Themes - Baywatch
C G D F#dim,→ C,4,6,6,lennox_annie - don't ask me why|lennox_annie - don t ask me why|Peter Schilling - MAJORTOM|Peter Schilling - majortom2|Peter Schilling - major tom|television_theme_songs - gomer pyle usmc
Gm Cm Gm Cm,→ Gm,4,6,25,lennox_annie - sweet dreams|marley_bob - i shot the sheriff|Movie Themes - Raiders Of The Lost Ark|no_doubt - dont speak clueless remix|primus - jerry was a racecar driver|UNSORTED - themodel
C A C F,→ C,4,6,6,rush - roll the bones|television_theme_songs - sesame street|television_theme_songs - spiderman|TV Themes - Sesame Street|UNSORTED - SESAME|UNSORTED - YouAreMysunshine
G#m A E,→ G#m,3,6,11,America - Sister Golden Hair|America - america Sister goldenhair|COUNTRY - amarillobymorning gs|mighty_mighty_bosstones - the impression that i get|Olivia Newton John - Xanadu|red_hot_chilli_peppers - under the bridge
F Dm Em,→ F,3,6,9,Bruno Mars - Count On Me|Bob Carlisle - butterfly kisses|carlislie_bob - butterfly kisses|COUNTRY - yesterday|Jo Dee Messina - 111|Richard Marx - RichardMarx RightHereWaiting
C#m A B,→ C#m,3,6,22,Charlie Puth ft. Selena Gomez - We Don't Talk Anymore|abdul_paula - rush rush|Pat Benatar - Hit Me With Your Best Shot|Paula Abdul - rush rush|UNSORTED - ISLA|UNSORTED - MOONLIGH
B F# C#m,→ B,3,6,11,Céline Dion - My Heart Will Go On|Christmas - christmas melody|Duran Duran - equan for you|duran_duran - equan for you|led_zepplin - no quarter|UNSORTED - SLEIGH
C#m E B,→ C#m,3,6,22,Dolly Parton - Jolene|Cyndi Lauper - Gooines R Good Enough|Madonna - Madonna LaIslaBonita|Tori Amos - crucify|UNSORTED - ISLA|wonder_stevie - you are the sunshine of my life
Bm D Em,→ Bm,3,6,6,Dua Lipa - Don't Start Now|America - america a horse with no name1|COUNTRY - Indian Outlaw (Vern)|mclachlan_sarah - building a mystery|Metallica - wasting my hate|television_theme_songs - one day
G#m F# E,→ G#m,3,6,6,Glass Animals - Heat Waves|adams_bryan - thought i'd died and gone to heaven|Bee Bees - woman in love|beegees - woman in love|cetera_peter - if you leave me now|Peter Cetera - if you leave me now
B D#m E,→ B,3,6,17,Lewis Capaldi - Hold Me While You Wait|The Beatles - Penny Lane|Disney - Colors of the Wind pop version|Movie Themes - What Is Love|oasis - all around the world|UNSORTED - WHATISLO
C E D,→ C,3,6,7,Lynyrd Skynyrd - Simple Man|COUNTRY - areyoulonesome|Metallica - master of puppets|phish - horse|rush - tom sawyer|stone_temple_pilots - big bang baby
E C#m D,→ E,3,6,9,"Sia - Unstoppable|gnash (feat. olivia o'brien) - i hate u, i love u|houston_whitney - i will always love you|UNSORTED - ALWAYS|UNSORTED - ridance|wonder_stevie - i've had the time of my life"
G Em F#m,→ G,3,6,11,Tears For Fears - Everybody Wants To Rule The World|Jo Dee Messina - 111|prince - raspberry beret|Righteoud Brothers - RighteousBrothers SoulAndInspiration(60s)|Righteoud Brothers - RighteousBrothers SoulAndInspiration|TV Themes - Roswell
Am C E,→ Am,3,6,12,The Animals - House of the Rising Sun|Beatles - while my guitar gently weeps|prince - whendovescry|prince - when doves cry|Santana - Smooth|Santana - smooth2
Em C F,→ Em,3,6,6,The Beatles - A Day In The Life|ABBA - i wonder|Metallica - one|television_theme_songs - masterpiece theater|TV Themes - X Men|UNSORTED - somewhere
E D F#m,→ E,3,6,14,Tracy Chapman - Fast Car|Beatles - here comes the sun|CCR - Travelin Band|COREL COLLECTION - NEWA 12|COUNTRY - blameitontexas mchestnut|UNSORTED - FERNANDO
C# D#m A#m,→ C#,3,6,6,"2 Unlimited - no limit|2_unlimited - no limit|palmer_robert - bad case of lovin you|Robert Palmer - Palmer, Robert Bad case of lovin you|U2 - Sunday Bloody Sunday|weather_report - rawhide"
G# C# D#m,→ G#,3,6,6,2 Unlimited - workaholic|2_unlimited - workaholic|Beach Boys - i get around|beach_boys - i get around|COUNTRY - TheManInLoveWithYou|Billy Joel - BillyJoel IfIOnlyHadTheWords
A# Fm G#,→ A#,3,6,6,"311 - all mixed up|Christian Music - angels watching over me|christian_music - angels watching over me|collins_phil - everyday|Phil Collins - Collins, Phil Everyday|Phil Collins - everyday"
C Gm Dm,→ C,3,6,6,a-ha - the living daylights|Beatles - i follow the sun|clapton_eric - rollin and tumblin|COUNTRY - TheManInLoveWithYou|Disney - Hakuna Matata|Eric Clapton - rollin and tumblin
B E G#m,→ B,3,6,9,ABBA - hole in your soul|Ben Folds Five - underground|COUNTRY - solonesome|Righteoud Brothers - RighteousBrothers You'veLostThatLovinFeeling(60s)|rush - mission|smashing_pumpkins - soma
D F#m Em,→ D,3,6,10,ABBA - just like that|COUNTRY - goresthigh|COUNTRY - river|COUNTRY - The River(VERN)|COUNTRY - theriver|Garth Brooks - the river
Gm G A#,→ Gm,3,6,8,ABBA - like an angel passing through my room|ABBA - like an angel pŠugh my room|clapton_eric - rollin and tumblin|COUNTRY - pc ifalltopieces|Eric Clapton - rollin and tumblin|pearl_jam - porch
C E F,→ C,3,6,8,ABBA - my love my life|COUNTRY - amarillobymorning|COUNTRY - greatestmanineverknew|COUNTRY - The Tennessee Waltz|Disney - Bippity Boppity Boo|Movie Themes - The Entertainer
F Gm Dm,→ F,3,6,6,ABBA - summer night city|Beatles - there's a place|Beatles - there s a place|Depech Mode - stripped|depeche_mode - stripped|dion_celine - any other way
Cm A# G#,→ Cm,3,6,7,ABBA - tiger|COUNTRY - heartland|COUNTRY - heartland gstrait|lennox_annie - sweet dreams|rush - vital signs|television_theme_songs - popcorn
F#m E B,→ F#m,3,6,9,abdul_paula - blowing kisses in the wind|Bryan Adams - Before The Night Is Over|COREL COLLECTION - NEWA 12|grant_amy - big yellow taxi|Madonna - Madonna DrownedWorldSubstituteForLove|Paula Abdul - blowing kisses in the wind
Em B G,→ Em,3,6,8,AC DC - for those about to rock|ac_dc - for those about to rock|COUNTRY - Indian Outlaw (Vern)|Duran Duran - chauffer|Duran Duran - DuranDuran TheChauffer|duran_duran - chauffer
Cm D# Fm,→ Cm,3,6,10,Ace Of Base - beautiful life|ace_of_base - beautiful life|carey_mariah - open arms|Christina Aguilera - mambo|Mariah Carey - open arms|UNSORTED - LEMM2
G Bm F#m,→ G,3,6,11,adams_bryan - all for love|Bryan Adams - all for love|Bryan Adams - All For One|Cranberries - ode to my family|osbourne_ozzy - shot in the dark|Tori Amos - china
F C D,→ F,3,6,7,aerosmith - pink|Beatles - something|Billy Joel - Only the Good Die Young|COUNTRY - a bad goodbye|doobie_brothers - takin it to the streets|joel_billy - baby grand
D Bm C,→ D,3,6,8,Air Supply - Making Love Out Of Nothing|COUNTRY - fadedpictureson thewall|Def Leppard - defhysteria|Queen - one vision|television_theme_songs - brooklyn bridge chewing gum commercial|Billy Joel - BillyJoel Stiletto
A F#m G#m,→ A,3,6,7,Air Supply - Two Less Lonely People|COUNTRY - alittlepastlittlerock leeannwomack|Rollin STones - Beast of Burden|toto - africa|UNSORTED - AFRICA|UNSORTED - Toto Africa
A G#m F#m,→ A,3,6,14,"Air Supply - Two Less Lonely People|Johnny Rivers - Rivers,Johnny PoorSideOfTown|Johnny Rivers - Rivers,Johnny PoorSideOfTown4|Madonna - Madonna LittleStar|Rollin STones - Gimme Shelter|rolling_stones - gimme shelter"
G E D,→ G,3,6,7,alan_parsons_project - eye in the sky|COREL COLLECTION - CLAS 04|COUNTRY - bigdeal larimes|Queen - Queen Crazy little thing called love|UNSORTED - ANCHOR|UNSORTED - eyeinthesky
Em Am Dm,→ Em,3,6,7,alan_parsons_project - the raven|Bob Seger - BobSeger TillItShines|carey_mariah - sent from up above|Mariah Carey - sent from up above|pearl_jam - smile|pet_shop_boys - heart
F A# G#,→ F,3,6,7,Alice In Chains - rooster|alice_in_chains - rooster|COREL COLLECTION - JAZZ 11|television_theme_songs - lost in space|television_theme_songs - one day at a time|TV Themes - Lost In Space
C D# A#,→ C,3,6,11,Allman Brothers Band - midnight rider|COREL COLLECTION - ROCK 06|COUNTRY - twosparrow|john_elton - rocket man|television_theme_songs - andy griffith|TV Themes - Andy Griffith
A G C,→ A,3,6,6,America - america I Need You|America - america I Need You sll|kiss - cold gin|television_theme_songs - miami vice|television_theme_songs - motel six|wonder_stevie - my cherie amor
F# A#m B,→ F#,3,6,8,Backstreet Boys - all i have to give|emerson_lake_and_palmer - fugue|erasure - breath of life|live - all over you|TV Themes - Star Trek Voyager|weezer - jamie
D Bm Am,→ D,3,6,8,Barry Manilow - BarryManilow CantSmileWithoutYou|COUNTRY - grandpahands|Duran Duran - the girl from yesterday|Eagles - the girl from yesterday|police - don t stand so close to you|UNSORTED - DontStandSoClose
Bm Am D,→ Bm,3,6,7,Barry Manilow - BarryManilow CantSmileWithoutYou|COUNTRY - fromheretoeternity|Foreigner - watluvis|police - don t stand so close to you|UNSORTED - DontStandSoClose|UNSORTED - I WANT T
Dm C A,→ Dm,3,6,8,Beach Boys - i get around|beach_boys - i get around|jethro_tull - bouree|television_theme_songs - laverne and shirley|television_theme_songs - tockey and bullwinkle|TV Themes - Rocky and Bullwinkle
Dm Gm A#,→ Dm,3,6,12,Beach Boys - surfs up|beach_boys - surfs up|COUNTRY - 500miles|Depech Mode - black celebration|depeche_mode - black celebration|UNSORTED - CARELESS
Gm Dm A#,→ Gm,3,6,9,Beat - blue|green_day - coming clean|pearl_jam - porch|van_halen - i'll wait|van_halen - i ll wait|van_halen - right now
Cm Fm G,→ Cm,3,6,8,Beat - gangstasparadise|Coolio - gangsta's paradise|Coolio - gangsta s paradise|Ricky Martin - La Copa De La Vida|TV Themes - Munsters|u_s_songs - state of ohio hymn
F# E A,→ F#,3,6,32,Beat - puffy momoney|clapton_eric - bellbottom blues|Eric Clapton - bellbottom blues|pet_shop_boys - one in a million|puff_daddy - mo money mo problems|UNSORTED - YESSIRIC
G F E,→ G,3,6,9,"Beatles - abbey road medley|COUNTRY - burningbridges|doors_the - 20th century fox|jackson_michael - smooth criminal|Lionel Richie - Richie,Lionel Hello|UNSORTED - SMOOTHCR"
D B E,→ D,3,6,7,Beatles - a day in the life|COUNTRY - allmyex gstrait|COUNTRY - blameitontexas mchestnut|COUNTRY - lovemetender|prince - i feel for you|UNSORTED - I FEEL F
G C C#dim,→ G,3,6,6,Beatles - blackbird|Christian Music - oh little town of bethlehem|john_elton - nikita|prince - whendovescry|prince - when doves cry|UNSORTED - nikita
D G A#,→ D,3,6,6,Beatles - come together|COUNTRY - imfrmcntry tbyrd|Queen - one vision|Queen - Queen Crazy little thing called love|roxette - do you wanna go the whole way|UNSORTED - Come Together
F G E,→ F,3,6,26,Beatles - i am the walrus|dave_matthews_band - so much to say|hole - violet|oasis - don't look back in anger|oasis - don t look back in anger|omd - pandoras box
D G F,→ D,3,6,7,Beatles - something|Bon Jovi - Wanted Dead Or Alive|brown_james - i feel good|Christian Music - oh little town of bethlehem|James Brown - i feel good|television_theme_songs - macgyver
C Cm D#,→ C,3,6,7,"Beatles - the end|crow_sheryl - everyday is a winding road|Go Gos - Our Lips Are Sealed|Peter Gabriel - Gabriel, Peter Sledgehammer|television_theme_songs - sledgehammer|UNSORTED - SLEDGE"
D C F,→ D,3,6,6,Beck - devil s haircut|COREL COLLECTION - MOOD 04|Disney - Fantasmic|disney_songs - fantasmic|Movie Themes - The Entertainer|offspring - way down the line
Bm G Am,→ Bm,3,6,6,Bee Bees - i started a joke|beegees - i started a joke|Peter Schilling - MAJORTOM|Peter Schilling - majortom2|Peter Schilling - major tom|U2 - babyface
G Bdim C,→ G,3,6,9,Ben Folds Five - song for the dumped|christian_music - christ the lord is risen today|Christmas - chipmunks christmas|COUNTRY - cryingtime|COUNTRY - dumaswalker|UNSORTED - nikita
Cm C# Fm,→ Cm,3,6,27,Bob Seger - BobSeger Mainstreet|COUNTRY - crave kdlang|MatchBox 20 - 3 AM|UNSORTED - 3 AM|UNSORTED - K D Lang Constant craving|usher - nice and slow
C# Fm Cm,→ C#,3,6,27,Bob Seger - BobSeger Mainstreet|COUNTRY - crave kdlang|MatchBox 20 - 3 AM|UNSORTED - 3 AM|UNSORTED - K D Lang Constant craving|usher - nice and slow
A#m F# C#,→ A#m,3,6,9,Boston - foreplay|COREL COLLECTION - NEWA 06|fugees - ready or not|green_day - she|Journey - when you love a woman|UNSORTED - Grease
Gm Fm G#,→ Gm,3,6,16,boys_2_men - end of the road|Boyz II Men - end of the road|collins_phil - one more night|Phil Collins - one more night|television_theme_songs - east enders|UNSORTED - EASTEND
F# G# A#m,→ F#,3,6,7,boys_2_men - ill make love to you|Boyz II Men - ill make love to you|COUNTRY - brotherjukebox mchestnut|houston_whitney - i wanna dance with somebody|Pointer Sisters - Fire|yes - almost like love
Fm F# C#,→ Fm,3,6,8,boys_2_men - ill make love to you|Boyz II Men - ill make love to you|COUNTRY - babyilyed|COUNTRY - believemebaby|live - all over you|Trisha Yearwood - Believe Me Baby I Lied
Em F#m G,→ Em,3,6,12,brooks_garth - the dance|COUNTRY - unansweredprayers|COUNTRY - up2|Garth Brooks - the dance|Garth Brooks - uanswered prayer|Journey - ill be alright without you
F C Fm,→ F,3,6,15,"BTO - Takin Care Of Business|Disney - dukastsa|Johnny Rivers - Rivers,Johnny MidnightSpecial|Johnny Rivers - Rivers,Johnny MidnightSpecial2|Johnny Rivers - Rivers,Johnny MidnightSpecial4|Johnny Rivers - Rivers,Johnny MidnightSpecial5"
F C D#,→ F,3,6,11,BTO - Takin Care Of Business|Hanson - where's the love|Hanson - where s the love|soundgarden - pretty noose|toto - i will remember|UNSORTED - compgame
Fm F C,→ Fm,3,6,6,"BTO - Takin Care Of Business|Disney - dukastsa|Johnny Rivers - Rivers,Johnny MidnightSpecial|Johnny Rivers - Rivers,Johnny MidnightSpecial2|Johnny Rivers - Rivers,Johnny MidnightSpecial4|Johnny Rivers - Rivers,Johnny MidnightSpecial5"
D Em F#m,→ D,3,6,7,Bush - army of dreams|COUNTRY - istillbelieveinyou vgill|Genesis - Entangled|iron_maiden - wasted years|Kate Bush - army dreamer|TV Themes - Roswell
C E Em,→ C,3,6,9,Bush - cold contagious|doors_the - love her madly|Metallica - master of puppets|pearl_jam - black|UNSORTED - beds|UNSORTED - RISINSUN
F#m C#m A,→ F#m,3,6,12,carey_mariah - always be my baby|Mariah Carey - always be my baby|Movie Themes - Starship Troopers|police - de do do do de da da da|U2 - the fly|yes - starship trooper
B A F#m,→ B,3,6,7,carey_mariah - hero|gabriele_peter - touch|Mariah Carey - hero|U2 - Pride|U2 - pride in the name of love|UNSORTED - hero1
Dm F G,→ Dm,3,6,12,carey_mariah - never forget you|COUNTRY - allmylov|COUNTRY - rosegarden lynnanderson|doobie_brothers - long train running|iron_maiden - revelations|Mariah Carey - never forget you
Fm Cm C,→ Fm,3,6,6,"carey_mariah - now that i know|Johnny Rivers - Rivers,Johnny SecretAgentMan1|Johnny Rivers - Rivers,Johnny SecretAgentMan3|Johnny Rivers - Rivers,Johnny SecretAgentMan6|Marc Anthony - Hasta Ayer|Mariah Carey - now that i know"
C# Cm G#,→ C#,3,6,9,carey_mariah - prisoner|COUNTRY - angelsamongus alab|Mariah Carey - prisoner|Movie Themes - Evita|spice_girls - mama|UNSORTED - MAMA
C#m F#m E,→ C#m,3,6,6,carey_mariah - someday|Genesis - A Trick of the Tail|Genesis - trick of the tail|Mariah Carey - someday|nirvana - territorial pissings|richie_lionel - we are the world
D# G# F,→ D#,3,6,6,chapin_harry - cats in the cradle|COREL COLLECTION - ROCK 06|Harry Chapin - cats in the cradle|television_theme_songs - popeye|TV Themes - Popeye|UNSORTED - POPEYE
F A C,→ F,3,6,8,"Christian Music - fairest lord jesus|christian_music - fairest lord jesus|COUNTRY - blue|COUNTRY - Rimes,LeAnn Blue|television_theme_songs - the monkees|UNSORTED - SPLASHWA"
G# Cm D#,→ G#,3,6,8,Christian Music - he keeps me signing|Christian Music - i love to tell the story|christian_music - he keeps me signing|christian_music - i love to tell the story|Christmas - 12 days of christmas|UNSORTED - OverRainbowSuite
Gm C A#,→ Gm,3,6,7,Christian Music - my sins are gone|COUNTRY - 2pinacoladas|COUNTRY - jackson jcash|COUNTRY - pc ifalltopieces|COUNTRY - satindoll|roxette - it must have been love
G B C,→ G,3,6,7,Christian Music - oh little town of bethlehem|Christian Music - we three kings|christian_music - we three kings|oasis - stand by me|phish - theme from the bottom|UNSORTED - stanbyme
Am Gm C,→ Am,3,6,9,Christian Music - oh lord you re beautiful|COUNTRY - 500miles|Movie Themes - Top Gun|Movie Themes - top gun theme|Rollin STones - Under my Thumb|toto - i won t hold back
D G C#dim,→ D,3,6,7,Christian Music - the heavenly light|christian_music - the heavenly light|COREL COLLECTION - INTL 14|Disney - A Spoonful Of Sugar|Madonna - holiday|Madonna - Madonna Holiday
G Dm Am,→ G,3,6,18,christian_music - from heaven above to earth i come|COUNTRY - allmylov|cure_the - apart|Disney - Hakuna Matata|van_halen - when it's love|van_halen - when it s love
C# A#m G#,→ C#,3,6,15,Christina Aguilera - I Turn To You|COUNTRY - mywomanmywife|dave_matthews_band - satellite|Journey - when you love a woman|UNSORTED - Grease|UNSORTED - video
C#m B F#,→ C#m,3,6,14,Christmas - christmas melody|Duran Duran - equan for you|duran_duran - equan for you|led_zepplin - no quarter|UNSORTED - AGAINODD|UNSORTED - SLEIGH
G F Bdim,→ G,3,6,6,clapton_eric - let it grow|dave_matthews_band - halloween|Eric Clapton - let it grow|Queen - play the game|Queen - Queen Play The Game|rolling_stones - ruby tuesday
A C Am,→ A,3,6,7,cocker_joe - summer in the city|COUNTRY - chet windy n warm|Eagles - desperado2 garyrogers|Joe Cocker - summer in the city|Metallica - my friend of misery|rush - time and motion
Am F E,→ Am,3,6,10,cocker_joe - the letter|cocker_joe - unchain my heart|Joe Cocker - the letter|Joe Cocker - unchain my heart|Mozart - req2|steve_miller_band - abracadabra
A#m C# G#,→ A#m,3,6,9,collins_phil - against all odds|COREL COLLECTION - LITE 03|hornsby_bruce - end of the innocence|lennox_annie - missionary man|Phil Collins - against all odds|richie_lionel - easy
Gm D# Cm,→ Gm,3,6,8,collins_phil - don't lose my number|Phil Collins - don t lose my number|Rod Stewart - Young Turks|smashing_pumpkins - soothe|smith_will - men in black|toto - i won t hold back
G# Fm G,→ G#,3,6,6,Coolio - gangsta's paradise|Coolio - gangsta s paradise|COUNTRY - I'll Think Of(VERN)|Movie Themes - Flashdance|wonder_stevie - that's what friends are for|wonder_stevie - that s what friends are for
F C Edim,→ F,3,6,7,COREL COLLECTION - INTL 18|COUNTRY - canihavethisdance|COUNTRY - ubelong2myheart|Pat Benatar - Love Is A Battlefield|UNSORTED - BACKLIFE|UNSORTED - BIRTHDAY
A# Am Gm,→ A#,3,6,6,COREL COLLECTION - NEWA 07|gaye_marvin - mercy mercy me|jamiroquai - alright|Movie Themes - gone with the wind|pearl_jam - once|sailor_moon - ai no senshi
G C F#dim,→ G,3,6,8,COREL COLLECTION - SEA 03|COUNTRY - dowadidy|grant_amy - i will remember you|prince - little red corvette|Rod Stewart - Hot Legs|television_theme_songs - three stooges
Cm A# Gm,→ Cm,3,6,7,COUNTRY - 10000angels|COUNTRY - tellmewhy|COUNTRY - therose|earth_wind_fire - home|gabriele_peter - starless|Star Wars - imperial
D C Dm,→ D,3,6,6,COUNTRY - 7 spanish angels|COUNTRY - givemeonemorelastchance gill|Motley Crue - motleygirls|pantera - suicide note part 1|pearl_jam - even flow|Rollin STones - Sympathy for the Devil
Fm G# D#,→ Fm,3,6,8,COUNTRY - Amazed (Vern)|COUNTRY - bytimephoenix|dc_talk - jesus freak|television_theme_songs - east enders|UNSORTED - EASTEND|UNSORTED - GOODOLDL
Em C Bm,→ Em,3,6,12,COUNTRY - amysbckinaustin liltex|Depech Mode - strange love|depeche_mode - strange love|Genesis - No Son of Mine|kiss - i was made for lovin you|television_theme_songs - dr who 1970
D E Em,→ D,3,6,8,COUNTRY - a tear in my beer|COUNTRY - lovemetender|kiss - dr love|kiss - spit|kiss - take me|stone_temple_pilots - daisy
G D Dm,→ G,3,6,6,COUNTRY - backstreeaffair|fleetwood_mac - gold dust woman|Genesis - get 'em out by friday|Genesis - get em out by friday|joel_billy - new york state of mind|Movie Themes - Doctor Doolittle
F Dm D#,→ F,3,6,17,COUNTRY - behindcloseddoors|COUNTRY - Woman In Me|COUNTRY - womaninme|Cranberries - twenty one|joel_billy - this is the time|television_theme_songs - animaniacs
G E C,→ G,3,6,12,COUNTRY - born2luvu mcollie|COUNTRY - Borntoloveyou|COUNTRY - somedaysoon|led_zepplin - stairway to heaven|Movie Themes - Axels Theme|Movie Themes - beverly hills cop theme
C D Dm,→ C,3,6,12,COUNTRY - cantstopmyselffromlovingyou|COUNTRY - cantstopmyselffromlovingyou plove|COUNTRY - happytrails|COUNTRY - helpmenight|nirvana - hairspray queen|yes - ownerhrt
C Dm Bdim,→ C,3,6,6,COUNTRY - deepnheartoftes|COUNTRY - icantstoplovingyou02|grant_amy - el shaddai|jethro_tull - bouree|steve_miller_band - abracadabra|television_theme_songs - giants
C Dm D,→ C,3,6,7,COUNTRY - gentleonmind|COUNTRY - givemeonemorelastchance gill|Motley Crue - motleygirls|Rollin STones - Sympathy for the Devil|UNSORTED - CANTINA|UNSORTED - YouAreMysunshine
F# G# G#m,→ F#,3,6,12,COUNTRY - girlsnightout|richie_lionel - still|richie_lionel - truly|SEAL - kiss from a rose|SEAL - Seal KissFromARose|UNSORTED - KISSFROM
E A Am,→ E,3,6,8,COUNTRY - girlswithguitars judds|doors_the - riders on the storm|Movie Themes - beatlejuice theme song|Movie Themes - Beetlejuice|radiohead - planet telex|UNSORTED - beetljuc
G F A#,→ G,3,6,8,COUNTRY - guysdoitalltime mindymc|COUNTRY - ifueverhave foreverinmind vince|COUNTRY - ilovemyfriend charlierich|lennon_john - jealous guy|Queen - killer queen|Sting - seven days
C F D#,→ C,3,6,12,COUNTRY - hardworkinman|Right Said Fred - RightSaidFred I'mTooSexy|Right Said Fred - RightSaidFred I'mTooSexy1|Right Said Fred - RightSaidFred I'mTooSexy4|Righteoud Brothers - RighteousBrothers UnchainedMelody8|righteous_brothers - unchained melody
F#m Bm E,→ F#m,3,6,8,COUNTRY - hethinkshellkeepher|COUNTRY - hethinkskeepher|houston_whitney - saving all my love for you|MatchBox 20 - Bent|UNSORTED - EBONY|wonder_stevie - ebony ivory
G Am Bm,→ G,3,6,7,COUNTRY - iftomorrownevercomes|Culture Club - Do You Really Want to Hurt|Peter Schilling - MAJORTOM|Peter Schilling - majortom2|Peter Schilling - major tom|U2 - babyface
C Cm F,→ C,3,6,10,COUNTRY - im2blame mickeygilley|television_theme_songs - family dog|television_theme_songs - get smart|TV Themes - Get Smart|UNSORTED - FAMLYDOG|u_s_songs - march me
D A# G,→ D,3,6,8,COUNTRY - imfrmcntry tbyrd|nirvana - pennyroyal tea|pet_shop_boys - alwaysonmymind|pet_shop_boys - always on my mind|UNSORTED - ALWAYSMI|UNSORTED - PENNYROY
F# A#m C#,→ F#,3,6,8,COUNTRY - itmatters2me faith|Pointer Sisters - Fire|richie_lionel - all night long|richie_lionel - sail on|UNSORTED - NEVER|UNSORTED - nevever
D B Bm,→ D,3,6,6,COUNTRY - seminolewind|Depech Mode - master and servant|depeche_mode - master and servant|gabriele_peter - walk through the fire|roxette - do you wanna go the whole way|UNSORTED - MASTER A
G F#m D,→ G,3,6,6,COUNTRY - smwereotherofthenight|dave_matthews_band - pantala naga pampa|emerson_lake_and_palmer - jeremy bender|Garth Brooks - somewhere other than night|Johnny Rivers - RiversBreath Amazon|Billy Joel - BillyJoel Miami2017
E F C,→ E,3,6,7,Disney - Bippity Boppity Boo|foo_fighters - big me|john_elton - a word in spanish|marx_richard - right here waiting|Richard Marx - Right Here Waiting For You|UNSORTED - beautwd
G# C# Fm,→ G#,3,6,8,disney_songs - can't wait to be king|disney_songs - can t wait to be king|Madonna - Madonna ThePowerOfGoodbye|snoop_doggy_dogg - g's and hustla's|snoop_doggy_dogg - g s and hustla s|TV Themes - Felicity
F# D#m E,→ F#,3,6,6,Duran Duran - DuranDuran TheReflex|Duran Duran - reflex|Duran Duran - The Reflex|duran_duran - reflex|seger_bob - we got tonight|spice_girls - wannabe
F# C# G#,→ F#,3,6,9,faith_no_more - easy|merchant_natalie - wonder|mike_and_the_mechanics - another cup of coffee|real_mccoy - runaway|Tori Amos - here in my head|UNSORTED - LETSDANC
D#m B G#m,→ D#m,3,6,6,Foreigner - Foreigner I'll been waiting...|Foreigner - waiting|Foreigner - Waiting for a Girl Like You|U2 - new year's day|U2 - New Years Day|U2 - new year s day
Cm Fm G#,→ Cm,3,6,10,gabriele_peter - that voice again|gabriele_peter - voice|Pat Benatar - Heartbreaker|Rod Stewart - Young Turks|rolling_stones - jumping jack flash|usher - nice and slow
C# Fm D#,→ C#,3,6,21,gravity_kills - hold|Movie Themes - Young Guns|sailor_moon - scatman|ugly_kid_joe - cats in the cradle|UNSORTED - cats in the cradle|UNSORTED - SCATMAN
D#m B C#,→ D#m,3,6,10,midnight_oil - beds are burning|midnight_oil - beds burning|Tori Amos - winter|UNSORTED - midnight|UNSORTED - PhantomG|UNSORTED - TURRICAN
G D A#,→ G,3,6,9,nirvana - pennyroyal tea|pet_shop_boys - alwaysonmymind|pet_shop_boys - always on my mind|UNSORTED - ALWAYSMI|UNSORTED - igotyou|UNSORTED - PENNYROY
A F C,→ A,3,6,10,nirvana - the man who sold the world|steve_miller_band - living in the usa|television_theme_songs - family circus|TV Themes - Monty Python|UNSORTED - YouAreMysunshine|u_s_songs - liberty bell march
D# C F,→ D#,3,6,18,Right Said Fred - RightSaidFred I'mTooSexy|Right Said Fred - RightSaidFred I'mTooSexy1|Right Said Fred - RightSaidFred I'mTooSexy4|Righteoud Brothers - RighteousBrothers UnchainedMelody8|righteous_brothers - unchained melody|soundgarden - pretty noose
D# Cm Gm,→ D#,3,6,9,Rod Stewart - Young Turks|smashing_pumpkins - soothe|smith_will - men in black|TLC - Creep|toto - i won t hold back|UNSORTED - creep
Eb Bb,→ Eb,2,6,32,Barry Manilow - Mandy|Billy Joel - Honesty|Carpenters - Goodbye To Love|Elton John - Can You Feel The Love Tonight|Lukas Graham - 7 Years|Weezer - Say It Ain't So
C#m G,→ C#m,2,6,19,Johnny Nash - I Can See Clearly Now|Alice In Chains - sludge factory|Alice In Chains - them bones|alice_in_chains - sludge factory|alice_in_chains - them bones|led_zepplin - good times bad times
G C#m,→ G,2,6,12,Johnny Nash - I Can See Clearly Now|Alice In Chains - sludge factory|Alice In Chains - them bones|alice_in_chains - sludge factory|alice_in_chains - them bones|led_zepplin - good times bad times
F# A,→ F#,2,6,10,The Turtles - Happy Together|Beatles - savory truffle|Genesis - firth of fifth|Madonna - Madonna CandyPerfumeGirl|prodigy - your love|UNSORTED - YESSIRIC
Fm D#m,→ Fm,2,6,26,2 Unlimited - workaholic|2_unlimited - workaholic|COUNTRY - TheManInLoveWithYou|emerson_lake_and_palmer - take a pebble|nirvana - mexican seafood|UNSORTED - video
C# A#,→ C#,2,6,18,311 - all mixed up|COREL COLLECTION - SPRT 09|COUNTRY - downonthefarm timmcg|COUNTRY - SheThinksMyTractorSexy|Genesis - lilywhite lilith|grant_amy - baby baby
F# Cdim,→ F#,2,6,26,abdul_paula - vibology|Bon Jovi - boys are back|carey_mariah - without you|Mariah Carey - without you|Paula Abdul - vibology|richie_lionel - sweetest love
Adim F,→ Adim,2,6,14,alan_parsons_project - the cask of amontillado|guns_%26_roses - welcome to the jungle|TV Themes - Twilight Zone|UNSORTED - BEETHO10|UNSORTED - rockarou|u_s_songs - fanfare for the common man
D#m A#,→ D#m,2,6,13,Backstreet Boys - we got it going on|jackson_michael - rock with you|Partridge Family - I Think I Love You|partridge_family - i think i love you|television_theme_songs - thunderbirds|UNSORTED - thund
D# G#m,→ D#,2,6,48,Backstreet Boys - we got it going on|Beat - noscrubsTLC|Metallica - unforgiven new|TLC - No Scrubs|weezer - getchoo|weezer - the good life
A# Cdim,→ A#,2,6,6,Beat - honey|carey_mariah - honey|COREL COLLECTION - TECH 01|Mariah Carey - honey|TV Themes - gilligan|TV Themes - Pokemon
D#dim A,→ D#dim,2,6,15,Blackstreet - no diggity|Duran Duran - DuranDuran TheReflex|Duran Duran - reflex|Duran Duran - The Reflex|duran_duran - reflex|stone_temple_pilots - crackerman
Bm C#m,→ Bm,2,6,8,BTO - Hey You|houston_whitney - greatest love of all|jackson_michael - heal the world|UNSORTED - Bachman Turner Overdrive Hey You|UNSORTED - HEALWRLD|UNSORTED - somewhere
Bdim Am,→ Bdim,2,6,21,Bush - machine head|cure_the - six different ways|Metallica - escape|pearl_jam - mankind|Santana - Smooth|Santana - smooth2
G# G#m,→ G#,2,6,6,cars_the - just what i needed|Disney - dukastsa|nirvana - floyd the barber|prodigy - wind it up|The Cars - just what i needed|weezer - el scorcho
C#dim G,→ C#dim,2,6,12,CCR - Fortunate Son|Creed - Creed Higher1|Disney - A Spoonful Of Sugar|led_zepplin - good times bad times|prince - whendovescry|prince - when doves cry
Bdim G,→ Bdim,2,6,8,Christmas - chipmunks christmas|COREL COLLECTION - CLAS 12|COREL COLLECTION - ROCK 01|COUNTRY - dumaswalker|ub40 - can't help falling in love with you|Billy Joel - BillyJoel RootbeerRag
G#m A#m,→ G#m,2,6,20,COREL COLLECTION - INTL 13|Genesis - Jesus He Knows Me|houston_whitney - i wanna dance with somebody|smashing_pumpkins - melon collie and the infinite sadness|Tori Amos - winter|U2 - Sunday Bloody Sunday
G# Adim,→ G#,2,6,7,COREL COLLECTION - RBOOGY 1|cure_the - fascination street|john_elton - your song|Madonna - Madonna LikeAVirgin|Mariah Carey - Thank God I Found You|super_tramp - bloody well right
Edim Gm,→ Edim,2,6,10,COUNTRY - AGDTTSCU|COUNTRY - aintgoingdown|COUNTRY - aintgoingdowntillthesuncomesup|COUNTRY - ilikeitloveit|COUNTRY - ISwear|UNSORTED - im so excited
Cm D,→ Cm,2,6,9,COUNTRY - ilovemyfriend charlierich|john_elton - sorry seems to be|Madonna - Madonna ThisUsedToBeMyPlayground|Mozart - req4|police - roxanne|television_theme_songs - candid camera
A# F#,→ A#,2,6,14,disney_songs - the gospel truth|Foreigner - Cold as Ice|jackson_michael - history|loeb_lisa - stay|UNSORTED - NEVER|UNSORTED - nevever
Gdim G#,→ Gdim,2,6,9,Emerson Lake and Palmer - dance of mars|emerson_lake_and_palmer - dance of mars|Madonna - Madonna PapaDontPreach|Madonna - papa don't preach|Madonna - papa don t preach|nirvana - lounge act
E F#dim,→ E,2,6,18,folk_implosion - natural one|led_zepplin - babe i'm gonna leave you|Movie Themes - beatlejuice theme song|Movie Themes - Beetlejuice|rush - spirit of radio|UNSORTED - beetljuc
F Fdim,→ F,2,6,6,maryln_manson - deformography|television_theme_songs - giants|television_theme_songs - simpsons|television_theme_songs - woody woodpecker|TV Themes - Simpsons|TV Themes - Woody Woodpecker
F#dim Em,→ F#dim,2,6,9,maryln_manson - irresponsible hate anthem|Metallica - dyers eve|TV Themes - Angel|UNSORTED - NOTHING|yes - i'm alive|yes - i m alive
E D A E A,→ E,5,5,9,Bee Gees - To Love Somebody|John Denver - Take Me Home Country Roads|The Beatles - With A Little Help From My Friends|COREL COLLECTION - POP 02|UNSORTED - sylvias
F G F C G,→ F,5,5,8,Billy Joel - Piano Man|Bryan Adams - Somebody|COUNTRY - thinkinthing traceadkins|roxette - harley's and indians|roxette - harley s and indians
C G F G F,→ C,5,5,13,Cat Stevens - Wild World|Billy Joel - Only the Good Die Young|Bryan Adams - Somebody|COREL COLLECTION - SPRT 02|Steve Winwood - higherlove
E B A E B,→ E,5,5,7,Céline Dion - My Heart Will Go On|Beach Boys - fun fun fun|beach_boys - fun fun fun|Right Said Fred - RightSaidFred You'reMyMate|Rollin STones - Out of Time
G F Am G F,→ G,5,5,5,Fleetwood Mac - Dreams|Carpenters - yesterday once more|carpenters_the - yesterday once more|U2 - angel harlem|UNSORTED - count
C Am G F G,→ C,5,5,11,Joni Mitchell - River|Movie Themes - stand by me|smashing_pumpkins - cherry|soul_asylum - runaway train|UNSORTED - pianoman
A C G C G,→ A,5,5,7,Pink Floyd - Comfortably Numb|brooks_garth - if tomorrow never comes|Garth Brooks - if tomorrow never comes|pink_floyd - comfortably numb|television_theme_songs - simpsons
D Em D Em G,→ D,5,5,5,Simon & Garfunkel_Traditional - Scarborough Fair|ABBA - my love my life|Ace Of Base - the sign|ace_of_base - the sign|COUNTRY - ivebeentryin 2getoveru vince
F Gm C Gm C,→ F,5,5,6,Sonny & Cher - I Got You Babe|collins_phil - sussudio|COUNTRY - chapel|Phil Collins - sussudio|Sting - The Soul Cages
F# C# B F# B,→ F#,5,5,6,"Sonny & Cher - I Got You Babe|Genesis - throwing it all away|guns_%26_roses - knockin on heaven s door|Phil Collins - Collins, Phil True colors|weezer - mykel and carli"
Em D C Em D,→ Em,5,5,6,The Moody Blues - Nights In White Satin|carey_mariah - all i want for christmas|Journey - separate ways worlds apart|Mariah Carey - All I Want|Mariah Carey - all i want for christmas
D A D Bm A,→ D,5,5,6,ABBA - chiquitita|Barry Manilow - Even Now|COUNTRY - crazyarms|Rod Stewart - You Wear It Well|roxette - joyride
A# D# F A# F,→ A#,5,5,5,ABBA - move on|COUNTRY - amazes|COUNTRY - isitreallyover|COUNTRY - underyourspell|UNSORTED - Standby
A# Cm F A# D#,→ A#,5,5,8,ABBA - move on|Christian Music - closer walk with thee|Christian Music - just as i am|christian_music - closer walk with thee|COUNTRY - allthegold
D A E D E,→ D,5,5,6,adams_bryan - please forgive me|Bryan Adams - Please Forgive Me|prince - kiss|UNSORTED - myhome|UNSORTED - radio
C Dm C F Dm,→ C,5,5,6,Air Supply - Even The Nights Are Better|Creed - Torn|jethro_tull - bouree|Madonna - Madonna ExpressYourself|Richard Marx - RichardMarx RightHereWaiting
Bm G Bm G D,→ Bm,5,5,7,alan_parsons_project - eye in the sky|COUNTRY - whos|COUNTRY - whosthatman|UNSORTED - eyeinthesky|UNSORTED - sirius
Em D Em D Bm,→ Em,5,5,5,America - america a horse with no name1|Genesis - No Son of Mine|Peter Schilling - MAJORTOM|Peter Schilling - majortom2|Peter Schilling - major tom
F#m A E F#m E,→ F#m,5,5,8,America - america mustrat love|keil_marty - roomview|radiohead - high and dry|UNSORTED - EBONY|wonder_stevie - ebony ivory
F#m D E F#m E,→ F#m,5,5,6,America - america mustrat love|Bush - army of dreams|houston_whitney - saving all my love for you|Kate Bush - army dreamer|offspring - all i want
C G Em F G,→ C,5,5,6,Atlantic Starr - i ll remember you|atlantic_starr - i'll remember you|lennox_annie - there must be an angel|Righteoud Brothers - RighteousBrothers UnchainedMelody8|righteous_brothers - unchained melody
C A# C F A#,→ C,5,5,6,BabyFace - babyface everytime|Christian Music - it is well with my soul|christian_music - it is well with my soul|meatloaf - bat out of hell|nicks_stevie - gypsy
Bm G A G A,→ Bm,5,5,5,Backstreet Boys - quit playing games|backstreet_boys - quit playing games|rolling_stones - black is black|roxette - queen of rain|sublime - badfish
G A G A Bm,→ G,5,5,7,Backstreet Boys - quit playing games|backstreet_boys - quit playing games|COUNTRY - anniessong johndenver|erasure - angel|sublime - badfish
C G Bm C Bm,→ C,5,5,5,Bangles - eternal flame|COUNTRY - Don't Take The Girl|COUNTRY - donttake|COUNTRY - timmcgraw donttakethegirl|UNSORTED - FLAME
A# F A# F Dm,→ A#,5,5,5,BareNaked Ladies - The Old Apartment|Counting Crows - raining in baltimore|counting_crows - raining in baltimore|COUNTRY - udecoratedmylife krogers|fleetwood_mac - everywhere
G Dm G C Dm,→ G,5,5,5,Beach Boys - i get around|beach_boys - i get around|Bryan Adams - When Youre Gone|COUNTRY - rosegarden lynnanderson|Genesis - Misunderstanding
Dm G C Dm G,→ Dm,5,5,5,Beach Boys - i get around|beach_boys - i get around|COUNTRY - rosegarden lynnanderson|Genesis - Misunderstanding|red_hot_chilli_peppers - my friends
G Bm C G C,→ G,5,5,7,Beatles - baby it's you|Beatles - baby it s you|CCR - Wholl Stop The Rain|seger_bob - against the wind|UNSORTED - nikita
G F G C D,→ G,5,5,5,Beatles - hard days night|Counting Crows - mr. jones|counting_crows - mr. jones|UNSORTED - otrnr1|UNSORTED - otrnr2
A D G Gm D,→ A,5,5,7,Beatles - if i fall|COUNTRY - bluebayou|COUNTRY - couldihavethisdance amurry|television_theme_songs - ron's honeymoon|television_theme_songs - ron s honeymoon
G D C Em C,→ G,5,5,9,Beatles - i want to hold your hand|Duran Duran - lyin' eyes|Eagles - lyin' eyes|Eagles - Lyin Eyes|REM - e bow the letter
G C Gm F C,→ G,5,5,8,Beatles - when i'm 64|Beatles - when i m 64|COUNTRY - goaway|COUNTRY - go awaywaitaminute|Disney - Supercal
C Gm F C G,→ C,5,5,8,Beatles - when i'm 64|Beatles - when i m 64|COUNTRY - goaway|COUNTRY - go awaywaitaminute|Disney - Supercal
A# F A# F C,→ A#,5,5,6,Beatles - you never give me your money|Christian Music - the solid rock|christian_music - the solid rock|COUNTRY - tinybub|UNSORTED - BATOUT
C D G C Am,→ C,5,5,5,Bee Bees - massachusetts|beegees - massachusetts|Christian Music - my sins are gone|COUNTRY - fadedpictureson thewall|UNSORTED - pianoman
F A# F A# Gm,→ F,5,5,5,Ben Folds Five - missing the war|Enigma - return to innocence|grant_amy - heirlooms|Pat Benatar - We Belong|UNSORTED - ROMEO AN
F A# Gm F A#,→ F,5,5,5,Ben Folds Five - missing the war|COUNTRY - cestlavie|COUNTRY - pc ifalltopieces|COUNTRY - younevercantell emmylouharris|UNSORTED - ROMEO AN
E A B E B,→ E,5,5,9,Ben Folds Five - underground|COUNTRY - kickalittle|Cranberries - dreams|dire_straits - why worry|UNSORTED - beautwom
Bm A E Bm D,→ Bm,5,5,7,Billy Idol - BillyIdol WhiteWedding|Billy Idol - Billy Idol White wedding|erasure - stop|UNSORTED - bi whitewed|UNSORTED - STOP
A E Bm D Bm,→ A,5,5,7,Billy Idol - BillyIdol WhiteWedding|Billy Idol - Billy Idol White wedding|erasure - stop|UNSORTED - bi whitewed|UNSORTED - STOP
D F#m A E A,→ D,5,5,5,Billy Joel - You May Be Right|COUNTRY - alittletoolate|COUNTRY - itsalittle2late tanya|Duran Duran - love will alwayep us alive|Eagles - love will always keep us alive
Am C G Am C,→ Am,5,5,5,Blues Traveller - crash and burn|blues_traveller - crash and burn|COUNTRY - yourgonnamissmewheniamgone|U2 - One|ub40 - one
E Bm A E A,→ E,5,5,6,Blur - charmless man|COUNTRY - blusideoflonesome|COUNTRY - sumblue|COUNTRY - summertimeblues aljack|springstein_bruce - brilliant disguise
E D A E D,→ E,5,5,6,Blur - country house|Blur - in the country|COUNTRY - babyyourbaby gs|UNSORTED - myhome|UNSORTED - radio
A D A Bm D,→ A,5,5,6,Blur - country house|COUNTRY - takeplaces|joel_billy - leningrad|Rod Stewart - Stay With Me|Steve Winwood - Valerie
A D F#m A D,→ A,5,5,5,Blur - in the country|COUNTRY - iwalktheline|COUNTRY - mountmus al|foo_fighters - requiem|green_day - only of you
G Bm C G D,→ G,5,5,5,"Bob Seger - BobSeger AgainstWind|collins_phil - groovy kind of love|Disney - Feed The Birds|Phil Collins - Collins, Phil Groovy kind of Love|Phil Collins - groovy kind of love"
F# B F# B D#m,→ F#,5,5,5,Bon Jovi - bed of roses|Collective Soul - precious declaration|collective_soul - precious declaration|COUNTRY - adalida|COUNTRY - adalida1
A# C A# C Dm,→ A#,5,5,5,Bon Jovi - keepthefaith|Bon Jovi - keep the faith bon jovi|Bon Jovi - keep the faith|Bon Jovi - kepfaith|sailor_moon - ai no senshi
C# Fm C# G# C,→ C#,5,5,5,Bon Jovi - one sweet day|boys_2_men - one sweet day|Boyz II Men - one sweet day|carey_mariah - one sweet day|Mariah Carey - one sweet day
C# G# C C# A#m,→ C#,5,5,5,Bon Jovi - one sweet day|boys_2_men - one sweet day|Boyz II Men - one sweet day|carey_mariah - one sweet day|Mariah Carey - one sweet day
G C#dim Em A Em,→ G,5,5,5,brooks_garth - the dance|COUNTRY - unansweredprayers|COUNTRY - up2|Garth Brooks - the dance|Garth Brooks - uanswered prayer
A Em F#m G Em,→ A,5,5,10,brooks_garth - the dance|COUNTRY - unansweredprayers|COUNTRY - up2|Garth Brooks - the dance|Garth Brooks - uanswered prayer
A Em D E Em,→ A,5,5,5,brooks_garth - the dance|COUNTRY - unansweredprayers|COUNTRY - up2|Garth Brooks - the dance|Garth Brooks - uanswered prayer
F#m G Em A G,→ F#m,5,5,5,brooks_garth - the dance|COUNTRY - unansweredprayers|COUNTRY - up2|Garth Brooks - the dance|Garth Brooks - uanswered prayer
A G F#m Em G,→ A,5,5,5,brooks_garth - the dance|COUNTRY - unansweredprayers|COUNTRY - up2|Garth Brooks - the dance|Garth Brooks - uanswered prayer
Em G A G A,→ Em,5,5,5,brooks_garth - the dance|COUNTRY - unansweredprayers|COUNTRY - up2|Garth Brooks - the dance|Garth Brooks - uanswered prayer
Em A G E Bm,→ Em,5,5,5,brooks_garth - the dance|COUNTRY - unansweredprayers|COUNTRY - up2|Garth Brooks - the dance|Garth Brooks - uanswered prayer
Bm D E A D,→ Bm,5,5,5,brooks_meridith - bitch|crosby_stills_and_nash - our house|Meridith Brooks - bitch|UNSORTED - Bitch|UNSORTED - bitch2
Am C G Am G,→ Am,5,5,5,Bruce Hornsby - The Way It Is|COUNTRY - Breathe|COUNTRY - breathe faith jens niehues|hornsby_bruce - way it is|UNSORTED - faith breathe
G Am G Am C,→ G,5,5,5,Bruce Hornsby - The Way It Is|hornsby_bruce - way it is|police - wrapped around your finger|ub40 - can't help falling in love with you|UNSORTED - X FILE
F A# D# F A#,→ F,5,5,6,"carey_mariah - endless love|COREL COLLECTION - ROCK 06|Lionel Richie - Richie,Lionel EndlessLove|Mariah Carey - endless love|UNSORTED - Standby"
E A F#m E B,→ E,5,5,10,carey_mariah - hero|COUNTRY - detroitcty|COUNTRY - dontworryboutme|Mariah Carey - hero|UNSORTED - hero1
C G C Em G,→ C,5,5,5,CCR - CCR Medley|COUNTRY - delrio drive|COUNTRY - ghetto elvis|COUNTRY - gonecountry|pearl_jam - rockin in the free world
C F G F G,→ C,5,5,8,CCR - Down On The Corner|COUNTRY - coatofmanycolors dolly|kiss - black diamond|Movie Themes - Advance To The Rear|prince - little red corvette
A# D# A# F D#,→ A#,5,5,7,Christian Music - angels watching over me|Christian Music - low in the grave he lay|christian_music - angels watching over me|COUNTRY - isitreallyover|UNSORTED - TwisterG
Am C G C G,→ Am,5,5,8,Christian Music - awesome god|christian_music - awesome god|Christmas - jolly old saint nicholas|COUNTRY - If Tomorrow Never(VERN)|COUNTRY - iftomorrownevercomes
D# A# D# A# G#,→ D#,5,5,7,Christian Music - count your blessings|christian_music - count your blessings|COUNTRY - bytimephoenix|COUNTRY - maybehenoticehernow|green_day - longview
G Em C G F#dim,→ G,5,5,8,Christian Music - for the blind will see|christian_music - for the blind will see|Christmas - oh come all ye faithful|COUNTRY - blanketontheground bjoespears|Eagles - One of These Nights
A# D# Cm A# D#,→ A#,5,5,5,Christian Music - god hath not promised|Christian Music - stand up stand up for jesus|christian_music - god hath not promised|christian_music - stand up stand up for jesus|COUNTRY - behindcloseddoors
D# Cm A# D# A#,→ D#,5,5,5,Christian Music - god hath not promised|Christian Music - stand up stand up for jesus|christian_music - god hath not promised|christian_music - stand up stand up for jesus|COUNTRY - behindcloseddoors
G D C A D,→ G,5,5,5,Christian Music - holy city|christian_music - holy city|Righteoud Brothers - RighteousBrothers SoulAndInspiration(60s)|Righteoud Brothers - RighteousBrothers SoulAndInspiration|yes - and you and i
A# Gm F A# F,→ A#,5,5,7,Christian Music - low in the grave he lay|COUNTRY - cestlavie|COUNTRY - younevercantell emmylouharris|guns_%26_roses - estranged|UNSORTED - ROMEO AN
F C Am G C,→ F,5,5,5,Christian Music - morning has broken|COUNTRY - hardworkinman|COUNTRY - thinkingproblem|COUNTRY - whosbed|grant_amy - stay for awhile
G# D# A# G# D#,→ G#,5,5,6,Christian Music - put your hand in the hand|christian_music - put your hand in the hand|Coolio - c u when u get there|COUNTRY - babysgottengoodatgoodbye|rogers_kenny - the gambler
D# G# D# C# G#,→ D#,5,5,5,Christian Music - the longer i serve him|christian_music - the longer i serve him|COUNTRY - backnbabyarm|richie_lionel - say you say me|U2 - desire
C A# C A# F,→ C,5,5,5,christian_music - angels we have heard on high|Genesis - duke's end|Genesis - duke s end|Madonna - true colors|UNSORTED - HOTHOTHO
C F Dm C F,→ C,5,5,5,christian_music - great and mighty is the lord|COUNTRY - lovesickblues|COUNTRY - soncaldaddy|COUNTRY - straw|Enya - Enya shepard
Dm C A# Dm C,→ Dm,5,5,6,christian_music - rose of sharon so precious to me|mike_and_the_mechanics - silent running|television_theme_songs - wild world of sports|UNSORTED - LIVE|UNSORTED - tonirichproject nobody knows
C G Am C G,→ C,5,5,12,Christmas - jolly old saint nicholas|COUNTRY - If Tomorrow Never(VERN)|Eagles - Take it Easy|Genesis - Paperlate|Phil Collins - adinpds
A E A Bm D,→ A,5,5,5,"Christofer Cross - Sailing|collins_phil - groovy kind of love|COUNTRY - chet 1mintjulep|Phil Collins - Collins, Phil Groovy kind of Love|Phil Collins - groovy kind of love"
G C Am G F,→ G,5,5,12,clapton_eric - bellbottom blues|Eric Clapton - bellbottom blues|Movie Themes - stand by me|soul_asylum - runaway train|UNSORTED - pianoman
D E A D G,→ D,5,5,5,cocker_joe - with a little help from my friends|COUNTRY - lovemetender|television_theme_songs - wonder years|TV Themes - With A Little Help|TV Themes - Wonder Years
C A# C F Dm,→ C,5,5,6,collins_phil - do you remember|jackson_michael - do you remember|Phil Collins - do you remember|UNSORTED - DO YOU R|UNSORTED - tonirichproject nobody knows
Dm A# C Dm A#,→ Dm,5,5,5,"collins_phil - in the air tonight|Phil Collins - Collins, Phil In the air tonight|Phil Collins - in the air tonight|UNSORTED - FREED FR|UNSORTED - intheair"
Dm A# Dm C A#,→ Dm,5,5,6,"collins_phil - in the air tonight|mike_and_the_mechanics - silent running|Phil Collins - Collins, Phil In the air tonight|Phil Collins - in the air tonight|UNSORTED - intheair"
D# C# G# C# G#,→ D#,5,5,5,collins_phil - i wish it would rain now|COUNTRY - bothsides ofthestory|Phil Collins - iwishitwouldraindown|Phil Collins - i wish it would rain now|UNSORTED - IN MOOD
C F Gm C Gm,→ C,5,5,8,collins_phil - sussudio|COUNTRY - chapel|Genesis - sussudio|Phil Collins - sussudio|Sting - The Soul Cages
F D# A# F D#,→ F,5,5,6,COREL COLLECTION - CLAS 22|COUNTRY - byebye|COUNTRY - byebye jodeemessina|Enigma - Enigma ReturnToInnocence|imbruglia_natalie - wishing i was there
D# A# F D# A#,→ D#,5,5,6,COREL COLLECTION - CLAS 22|COUNTRY - chancesr martina|COUNTRY - isitreallyover|COUNTRY - THE CHANGE|television_theme_songs - hill street blues
Am C Am G C,→ Am,5,5,5,COREL COLLECTION - INTL 03|COUNTRY - Breathe|COUNTRY - breathe faith jens niehues|offspring - amazed|UNSORTED - faith breathe
D G D G Am,→ D,5,5,6,COREL COLLECTION - JAZZ 10|COUNTRY - donttellmewhattodo|Duran Duran - try and love again|Eagles - Try and Love Again|UNSORTED - alice
A# F Dm A# F,→ A#,5,5,5,Counting Crows - raining in baltimore|counting_crows - raining in baltimore|COUNTRY - aintthatlonelyyet|COUNTRY - aintthatlonelyyet tobykeith|fleetwood_mac - everywhere
D E F#m D A,→ D,5,5,5,COUNTRY - aintthatashame|oasis - wonder wall|UNSORTED - WONDERWALL|van_halen - can't stop loving you|van_halen - can t stop loving you
G D G Em C,→ G,5,5,5,COUNTRY - amysbckinaustin liltex|COUNTRY - blanketontheground bjoespears|extreme - more than words|hornsby_bruce - old playground|Robert Palmer - Robert Palmer Every Kind of People
A# D# G# A# D#,→ A#,5,5,8,COUNTRY - babysgotherbluejeanson|COUNTRY - lookatus gill|COUNTRY - uaintwomanenuf|rogers_kenny - the gambler|U2 - stay
A E A D Bm,→ A,5,5,7,COUNTRY - battleneworl|COUNTRY - dayindayout|COUNTRY - dayindayout davidkersh|COUNTRY - pc fadedlove|rogers_kenny - lady
D C A D G,→ D,5,5,5,COUNTRY - beautifulboy|joel_billy - the mexican connection|Righteoud Brothers - RighteousBrothers SoulAndInspiration(60s)|Righteoud Brothers - RighteousBrothers SoulAndInspiration|yes - and you and i
F# G# F# G# C#,→ F#,5,5,9,"COUNTRY - biglove tbyrd|Lionel Richie - Richie,Lionel AllNightLong|richie_lionel - all night long|ub40 - red wine|UNSORTED - RED RED"
D E D A E,→ D,5,5,8,COUNTRY - bluesteyesintexas|COUNTRY - rumorhasit reba|COUNTRY - rumor has it|Restless Heart - bluesteyesintexas[1]|UNSORTED - radio
G# C# G# D# C#,→ G#,5,5,5,"COUNTRY - bothsides ofthestory|Lionel Richie - Richie,Lionel MyLove|Lionel Richie - Richie,Lionel ThreeTimesALady|Lionel Richie - Richie,Lionel ThreeTimesALady1|richie_lionel - three times a lady"
Am G Am C G,→ Am,5,5,5,COUNTRY - Breathe|COUNTRY - breathe faith jens niehues|UNSORTED - faith breathe|UNSORTED - HEAVENSD|UNSORTED - X FILE
A D A B E,→ A,5,5,7,COUNTRY - burningmem|COUNTRY - cottonjenny|COUNTRY - standbyman tammyw|crosby_stills_and_nash - sweet judy blue eyes|UNSORTED - JUDYBLUE
A# G# D# Fm G#,→ A#,5,5,5,COUNTRY - bytimephoenix|Queen - bohemian rhapsody|Queen - Queen Bohemian Rhapsody|UNSORTED - boh|UNSORTED - BOHEMIAN
A# C A# C F,→ A#,5,5,7,COUNTRY - canihavethisdance|COUNTRY - checkyesorno gstrait|meatloaf - bat out of hell|nicks_stevie - gypsy|TV Themes - Happy Days
G D Em G D,→ G,5,5,5,COUNTRY - canitrustuwithmyhrt|COUNTRY - cantItrustyouwithmyheart|mclachlan_sarah - building a mystery|oasis - cum on feel the noise|spin_doctors - two princes
C G A C G,→ C,5,5,7,"COUNTRY - cantstopmyselffromlovingyou|COUNTRY - cantstopmyselffromlovingyou plove|COUNTRY - hestoplovher|COUNTRY - stoppedluv|Johnny Rivers - Rivers,Johnny MidnightSpecial3"
F G F Em G,→ F,5,5,5,COUNTRY - CheapSeats|COUNTRY - cheapseats al|nicks_stevie - sister|rea_chris - it s all gone|simple_minds - alive and kicking
Am D G D G,→ Am,5,5,6,COUNTRY - closeruget|COUNTRY - donttellmewhattodo|Duran Duran - tequila sunrise|Eagles - Tequila Sunrise|hornsby_bruce - china doll
C F Dm A# Gm,→ C,5,5,9,COUNTRY - Don't Laugh At Me (Vern)|COUNTRY - dont laughatme|COUNTRY - stillofthenight|UNSORTED - b|UNSORTED - dont laughatme
Dm A# Gm C F,→ Dm,5,5,9,COUNTRY - Don't Laugh At Me (Vern)|COUNTRY - dont laughatme|COUNTRY - stillofthenight|UNSORTED - b|UNSORTED - dont laughatme
A# Gm C F Dm,→ A#,5,5,9,COUNTRY - Don't Laugh At Me (Vern)|COUNTRY - dont laughatme|COUNTRY - stillofthenight|UNSORTED - b|UNSORTED - dont laughatme
D A D Em A,→ D,5,5,8,COUNTRY - elpaso|COUNTRY - elpaso mrobbins|COUNTRY - igues had2bthere lmorgan|rea_chris - fool if you think it s over|styx - babe
D Em A D G,→ D,5,5,5,COUNTRY - elpaso|COUNTRY - elpaso mrobbins|COUNTRY - igues had2bthere lmorgan|COUNTRY - judd grandpa|Rod Stewart - You Wear It Well
B F# B E F#,→ B,5,5,5,COUNTRY - emotionalgirl|COUNTRY - iwascountry barbmandrell|Movie Themes - Against All Odds|oasis - all around the world|seger_bob - we got tonight
G D Bm A D,→ G,5,5,10,COUNTRY - forevernever rtravis|COUNTRY - mercuryblues|crosby_stills_and_nash - teach your children|cure_the - a thousand hours|john_elton - crocodile rock
Em C Em C Am,→ Em,5,5,7,COUNTRY - ghostridersinthesky|Sugar Ray - Rivers|television_theme_songs - baywatch|TV Themes - Baywatch|Billy Joel - BillyJoel Stranger
E A E A Em,→ E,5,5,5,COUNTRY - girlswithguitars judds|COUNTRY - papalovedmama(VERN)|Garth Brooks - pap loves mama|led_zepplin - bring it on home|U2 - When Love Comes To Town
G Dm C G C,→ G,5,5,5,COUNTRY - givemeonemorelastchance gill|COUNTRY - haevitoldu|COUNTRY - haveitoldyoulatelythatiloveyou|joel_billy - angry young man|UNSORTED - ANGRYMAN
F C Am F C,→ F,5,5,6,COUNTRY - goodnews|gabriele_peter - wash water|Huey Lewis - Stuck With You|lewis_huey_and_the_news - stuck with you|midler_bette - the rose
G D F#m Em D,→ G,5,5,5,COUNTRY - goresthigh|COUNTRY - river|COUNTRY - The River(VERN)|COUNTRY - theriver|Garth Brooks - the river
D F#m Em D G,→ D,5,5,9,COUNTRY - goresthigh|COUNTRY - river|COUNTRY - The River(VERN)|COUNTRY - theriver|Garth Brooks - the river
E F# E F# B,→ E,5,5,7,COUNTRY - hankw hglook|COUNTRY - itsmyparty|COUNTRY - itsonly make believe twitty|Rod Stewart - Tonights the Night|UNSORTED - THE TIDE
G D Bm G A,→ G,5,5,6,COUNTRY - heartsdesire|COUNTRY - lovegetsmeeverytime|Movie Themes - Dances With Wolves|Sting - Fields Of Gold|Sting - fldsgold
A D A F#m D,→ A,5,5,6,COUNTRY - hethinkshellkeepher|COUNTRY - hethinkskeepher|Eagles - Love Will Keep Us Alive|rush - red barchetta|UNSORTED - CHAMPAGNE
C Am G D G,→ C,5,5,6,COUNTRY - judd mamahecrazy|john_elton - nikita|live - selling the drama|pet_shop_boys - alwaysonmymind|yes - and you and i
G# A# D# G# A#,→ G#,5,5,6,COUNTRY - maybehenoticehernow|COUNTRY - yourstilltheone|Genesis - lilywhite lilith|U2 - stay|UNSORTED - RETURNTO
D G Em D Em,→ D,5,5,6,COUNTRY - putyourhead|cure_the - a thousand hours|Duran Duran - try and love again|Eagles - Try and Love Again|UNSORTED - Vincent
Em G Em C G,→ Em,5,5,6,COUNTRY - sadsongs|COUNTRY - Tender Moment|Cranberries - Zombie|disney_songs - new baroqur|Journey - Journey Anyway you want it
F G C F E,→ F,5,5,5,COUNTRY - thinkinthing traceadkins|Duran Duran - i can't tell you why|Eagles - i can't tell you why|Eagles - I Cant Tell You Why|Eagles - i can t tell you why
D# G# A# G# A#,→ D#,5,5,5,COUNTRY - Whenyousaynothing|COUNTRY - whenyousaynothingatall|Disney - Circle Of Life|john_elton - circle of life|Kenney Rogers - The Gambler
C# G# C# F# G#,→ C#,5,5,6,COUNTRY - whiskeyriver willie|green_day - jar|Hanson - This Time Around|jewel - near you always|joel_billy - an innocent man
G# C# F# G# F#,→ G#,5,5,8,"COUNTRY - whiskeyriver willie|Lionel Richie - Richie,Lionel AllNightLong|morisette_alanis - you learn|ub40 - red wine|UNSORTED - RED RED"
G Bm G D Bm,→ G,5,5,5,COUNTRY - whos|COUNTRY - whosthatman|danzig - mother|Movie Themes - Armageddon|sailor_moon - oh starry night
C Am C G Am,→ C,5,5,5,COUNTRY - yourgonnamissmewheniamgone|joel_billy - piano man|led_zepplin - stairway to heaven|U2 - One|ub40 - one
F D# F D# A#,→ F,5,5,5,def_leppard - miss you in a heartbeat|television_theme_songs - hogan's heros|television_theme_songs - hogan s heros|TV Themes - Hogans Heroes|UNSORTED - MISSYOUI
C F C F Am,→ C,5,5,7,Eagles - inthelongrun theeagles CCMSN|Eagles - The Long Run|grant_amy - doubly good to you|kiss - love is the drug|television_theme_songs - the monkees
F C F Am C,→ F,5,5,7,Eagles - inthelongrun theeagles CCMSN|Eagles - The Long Run|kiss - love is the drug|reel_big_fish - she has a girlfriend now|television_theme_songs - the monkees
F# C# F# D#m C#,→ F#,5,5,9,Foreigner - Foreigner I wanna know what love is|Foreigner - I Want to Know What Love Is|Genesis - throwing it all away|MatchBox 20 - Push|richie_lionel - sweetest love
G Em C G Em,→ G,5,5,6,green_day - good riddance|Journey - Journey Anyway you want it|Movie Themes - Axels Theme|Movie Themes - beverly hills cop theme|simon_%26_garfunkel - bright eyes
F# C# F# G# C#,→ F#,5,5,5,jewel - near you always|richie_lionel - sail on|richie_lionel - still|television_theme_songs - bugs bunny|TV Themes - Bugs Bunny
Em C Em C G,→ Em,5,5,5,mellancamp_john_cougar - cherry bomb|tool - message to harry manback|van_halen - ain't talkin bout love|van_halen - ain t talkin bout love|ZZ Top - Just Got Paid
D G Em D G,→ D,5,5,5,pink_floyd - hey you|Rod Stewart - You Wear It Well|sailor_moon - you're yet still my love|sailor_moon - you re yet still my love|UNSORTED - HEY YOU
Bb F Bb F,→ Bb,4,5,35,Barry Manilow - Mandy|Bob Dylan - Mr. Tambourine Man|Fleetwood Mac - Songbird|Sonny & Cher - I Got You Babe|The Five Satins - In the Still of the Night
C F C D,→ C,4,5,9,Billy Joel - Vienna|Christian Music - jesus is tenderly calling|christian_music - angels we have heard on high|christian_music - jesus is tenderly calling|UNSORTED - ANNIE K
E F#m C#m A,→ E,4,5,21,Bo Burnham - That Funny Feeling|King Princess - 1950|adams_bryan - please forgive me|Bryan Adams - Please Forgive Me|van_halen - panama
F#m D A E,→ F#m,4,5,14,Bo Burnham - That Funny Feeling|a-ha - Take On Me|COUNTRY - imnahurry alab|Goo Goo Dolls - Name|Sarah McGlachlan - Sweet Surrender
Em F G C,→ Em,4,5,8,Bruno Mars - Count On Me|COUNTRY - ifyournotinitforlove|COUNTRY - turnaround|REM - losereli|Trisha Yearwood - There Goes My Baby
Dm Am C F,→ Dm,4,5,8,Cigarettes After Sex - Apocalypse|Chicago - 25or6to4|Chicago - 25 or 6 to 4|COREL COLLECTION - ROCK 01|UNSORTED - ARMY NOW
F Dm Gm C,→ F,4,5,10,Cigarettes After Sex - Apocalypse|Billy Joel - Movin Out|COUNTRY - bluekentuckygirl|COUNTRY - chapel|joel_billy - movin out
B A B C#m,→ B,4,5,10,Céline Dion - My Heart Will Go On|gabriele_peter - touch|Movie Themes - Titanic Techno Mix|UNSORTED - myheart|UNSORTED - Stand By Me PRO(John Lennon)
A B C#m B,→ A,4,5,13,Céline Dion - My Heart Will Go On|doobie_brothers - listen to the music|Madonna - Madonna MerGirl|Movie Themes - Titanic Techno Mix|UNSORTED - Stand By Me PRO(John Lennon)
Bm G D A,→ Bm,4,5,13,Dua Lipa - Don't Start Now|The Cure - Friday I'm In Love|COUNTRY - strawbwine|four_non_blondes - what's up|four_non_blondes - what s up
F#m E D A,→ F#m,4,5,22,John Denver - Take Me Home Country Roads|Tracy Chapman - Fast Car|prince - purple rain|Queen - Queen A kind of magic|radiohead - fake plastic trees
C G D F,→ C,4,5,5,Johnny Nash - I Can See Clearly Now|Bon Jovi - blaze of glory|COUNTRY - drivesouth suzyboggus|Creed - Torn|Tori Amos - flying dutchman
A E F#m G#m,→ A,4,5,15,King Princess - 1950|America - america Sister goldenhair|Billy Joel - Uptown Girl|joel_billy - uptown girl|UNSORTED - UPTOWNGL
E F#m G#m A,→ E,4,5,18,King Princess - 1950|America - america Sister goldenhair|Billy Joel - Uptown Girl|joel_billy - uptown girl|UNSORTED - UPTOWNGL
D G A Bm,→ D,4,5,12,Lana Del Rey - Young And Beautiful|ABBA - waterloo|Madonna - cherish|TV Themes - Golden Girls|Billy Joel - BillyJoel Miami2017
F#m E D E,→ F#m,4,5,11,Linda Ronstadt - Long Long Time|clapton_eric - tears in heaven|Eric Clapton - tears in heaven|Eric Clapton - th|Rollin STones - Satisfaction
C G E D,→ C,4,5,5,Lynyrd Skynyrd - Simple Man|COUNTRY - born2luvu mcollie|COUNTRY - Borntoloveyou|COUNTRY - howtimeslipsaway|led_zepplin - stairway to heaven
G#m C# F# B,→ G#m,4,5,5,Mitski - Nobody|2 Unlimited - let the beat coŠl your body|2_unlimited - let the beat control your body|Christian Music - lamb of glory|COREL COLLECTION - INTL 13
A C G D,→ A,4,5,10,Neil Young - After The Gold Rush|Pink Floyd - Comfortably Numb|Cranberries - Linger|Movie Themes - Breakfast Club|simple_minds - dont you forget about me
A E B F#m,→ A,4,5,22,Oasis - Wonderwall|COUNTRY - littlebitty ajackson|Duran Duran - DuranDuran OrdinaryWorld|Duran Duran - Ordinary World|duran_duran - ordinary world
F#m A F#m D,→ F#m,4,5,15,Oasis - Wonderwall|AC DC - highway to hell|ac_dc - highway to hell|red_hot_chilli_peppers - under the bridge|stone_temple_pilots - artschool girlfriend
F#m D F#m A,→ F#m,4,5,15,Oasis - Wonderwall|red_hot_chilli_peppers - under the bridge|Sting - they dance alone|UNSORTED - Cheap Trick I Want You To Want Me|weezer - buddy holly
E B C#m A,→ E,4,5,17,Phoebe Bridgers - That Funny Feeling|Tate McRae - You Broke Me First|COUNTRY - catchfallinstar|COUNTRY - catchfallstar|Rollin STones - Out of Time
A E B C#m,→ A,4,5,16,Phoebe Bridgers - That Funny Feeling|Tate McRae - You Broke Me First|Beatles - mean mr mustard|COUNTRY - catchfallinstar|COUNTRY - catchfallstar
G D Bm A,→ G,4,5,9,Pink Floyd - Comfortably Numb|COUNTRY - heartsdesire|erasure - stop|TV Themes - Roswell|UNSORTED - STOP
G C D Am,→ G,4,5,9,Pink Floyd - Wish You Were Here|Hanson - thinking of you|hornsby_bruce - old playground|pink_floyd - wish you were here|UNSORTED - HEAVENSD
Dm G C Am,→ Dm,4,5,9,Pink SweatS - At My Worst|Beatles - golden slumbers|Movie Themes - Advance To The Rear|UNSORTED - KILLSOFT|UNSORTED - SUPER
C G Am D,→ C,4,5,7,Queen - You're My Best Friend|Chicago - saturday in the park|COUNTRY - If Tomorrow Never(VERN)|COUNTRY - iftomorrownevercomes|Rollin STones - Sympathy for the Devil
C Cm G B,→ C,4,5,15,"Radiohead - Creep|Johnny Rivers - Rivers,Johnny SecretAgentMan1|Johnny Rivers - Rivers,Johnny SecretAgentMan3|Johnny Rivers - Rivers,Johnny SecretAgentMan6|radiohead - creep"
F# G# Fm C#,→ F#,4,5,5,Steely Dan - Dirty Work|COUNTRY - babyilyed|COUNTRY - believemebaby|jackson_michael - stranger in moscow|Trisha Yearwood - Believe Me Baby I Lied
D G Bm C,→ D,4,5,9,Stephen Sanchez - Until I Found You (intermediate)|Until I Found You - Stephen Sanchez|Beatles - baby it's you|Beatles - baby it s you|toto - georgy porgy
G Bm C D,→ G,4,5,9,Stephen Sanchez - Until I Found You (intermediate)|Until I Found You - Stephen Sanchez|Beatles - baby it's you|Beatles - baby it s you|toto - georgy porgy
Em C G Am,→ Em,4,5,22,Tate McRae - Teenage Mind|Christian Music - our god is an awesome god|Foreigner - Urgent|lennon_john - jealous guy|Movie Themes - The Matrix
C G Am Em,→ C,4,5,19,Tate McRae - Teenage Mind|Christian Music - our god is an awesome god|Christmas - granma's christmas|Christmas - granma s christmas|Foreigner - Urgent
F#m G A Em,→ F#m,4,5,5,"Tears For Fears - Everybody Wants To Rule The World|COUNTRY - howdoilive|COUNTRY - Rimes,LeAnn HowDoILive|COUNTRY - Rimes,LeAnn HowDoILive1|rimes_leann - how do i live"
E C#m A B,→ E,4,5,7,The Beatles - All My Loving|carey_mariah - someday|Mariah Carey - someday|UNSORTED - Legs|ZZ Top - Legs
G Am Em F,→ G,4,5,8,The Righteous Brothers - Unchained Melody|Cranberries - Cordell|john_elton - daniel|Righteoud Brothers - RighteousBrothers UnchainedMelody(60s)|Righteoud Brothers - RighteousBrothers UnchainedMelody6
F A Dm A#,→ F,4,5,5,3t - i need you|3t - i want you|earth_wind_fire - after the love has gone|TLC - red light special|UNSORTED - AFTERTHE
D G Em Am,→ D,4,5,13,98 Degrees - I Do Cherish You|Christian Music - jesu joy of men s desiring|christian_music - jesu joy of men's desiring|COUNTRY - dontclos|UNSORTED - MAINWORL
Bm E A D,→ Bm,4,5,13,a-ha - take on me|Beat - rednex cotton|Europe - The Final Countdown|UNSORTED - EUROPE|UNSORTED - TAKEONME
A F#m Bm E,→ A,4,5,11,ABBA - fernando|Restless Heart - whenshecries|UNSORTED - BALLROOM|UNSORTED - FERNANDO|ZZ Top - Rough Boy
F#m Bm E A,→ F#m,4,5,8,ABBA - fernando|MatchBox 20 - Bent|UNSORTED - BALLROOM|UNSORTED - FERNANDO|ZZ Top - Rough Boy
Bm E A F#m,→ Bm,4,5,8,ABBA - fernando|MatchBox 20 - Bent|UNSORTED - BALLROOM|UNSORTED - FERNANDO|ZZ Top - Rough Boy
E A F#m Bm,→ E,4,5,8,ABBA - fernando|Restless Heart - whenshecries|UNSORTED - BALLROOM|UNSORTED - FERNANDO|ZZ Top - Rough Boy
C F F#dim F,→ C,4,5,9,ABBA - i wonder|Backstreet Boys - as long as you love me|backstreet_boys - as long as you love me|Christmas - frosty the snowman|COUNTRY - hardworkinman
Em A D F#m,→ Em,4,5,6,ABBA - just like that|COUNTRY - river|COUNTRY - The River(VERN)|COUNTRY - theriver|Garth Brooks - the river
A# Gm F Gm,→ A#,4,5,10,ABBA - like an angel passing through my room|ABBA - like an angel pŠugh my room|Queen - Queen Radio ga ga|Queen - radio gaga|UNSORTED - burn
E F#m B F#m,→ E,4,5,5,ABBA - name of the game|Aqua - barbie girl|UNSORTED - BARBIE G|UNSORTED - castles|UNSORTED - NAME
D# C# D# G#,→ D#,4,5,11,ABBA - tiger|Christian Music - to god be the glory|christian_music - to god be the glory|COUNTRY - rainynitga|u_s_songs - stars and stripes forever
C# G# D# G#,→ C#,4,5,7,ABBA - tiger|Celine Dion - Power Of Love|christian_music - i stand amazed in the presence|Sugar Ray - Every Morning|UNSORTED - JINGBELL
B Bm B Bm,→ B,4,5,8,AC DC - for those about to rock|ac_dc - for those about to rock|Genesis - lamb lies down on broadway|pearl_jam - alive|roxette - do you wanna go the whole way
D# Cm F A#,→ D#,4,5,8,Ace Of Base - Always Have Always Will|COUNTRY - carolinamoon|joel_billy - this is the time|notorious_big - monster mash|roxette - paint
D G D F#,→ D,4,5,10,Ace Of Base - Dont Turn Around|Ace Of Base - don t turn around|ace_of_base - don't turn around|Christian Music - in the garden|christian_music - in the garden
Am G C F,→ Am,4,5,5,Ace Of Base - lucky love|ace_of_base - lucky love|Eagles - inthelongrun theeagles CCMSN|Eagles - The Long Run|joel_billy - captain jack
F#m A F#m G#m,→ F#m,4,5,5,adams_bryan - run to you|Air Supply - Two Less Lonely People|Beat - tha cros|Bone - tha crossroads|Bryan Adams - Run To You
D Bm D A,→ D,4,5,6,aerosmith - livin on the edge|COUNTRY - cattlecall|COUNTRY - ineedu trisha|Sheryl Crow - My Favorite Mistake|UNSORTED - TEKKENII
Am G Am D,→ Am,4,5,6,alan_parsons_project - the raven|Allman Brothers Band - in memory elizabeth|led_zepplin - battle of evermore|reel_big_fish - take on me|REM - driver 8
C#m E C#m A,→ C#m,4,5,5,Alice In Chains - i stay away|alice_in_chains - i stay away|Christian Music - christmas morning|christian_music - christmas morning|police - next to you
G# F G# C#,→ G#,4,5,10,Alice In Chains - rooster|alice_in_chains - rooster|Blur - ecco song|Blur - song 2|veruca_salt - seether
E F#m G#m F#m,→ E,4,5,10,Allman Brothers Band - melissa|Billy Joel - Uptown Girl|joel_billy - uptown girl|UNSORTED - spice girls goodbye|UNSORTED - UPTOWNGL
F#m G#m F#m E,→ F#m,4,5,9,Allman Brothers Band - melissa|Billy Joel - Uptown Girl|joel_billy - uptown girl|UNSORTED - spice girls goodbye|UNSORTED - UPTOWNGL
F C F F#dim,→ F,4,5,5,armstrong_louis - what a wonderful world|Backstreet Boys - as long as you love me|backstreet_boys - as long as you love me|COUNTRY - wonderfulworld|Louis Armstrong - what a wonderful world
C F D Gm,→ C,4,5,5,armstrong_louis - what a wonderful world|COUNTRY - amiblue gs|COUNTRY - chapel|COUNTRY - wonderfulworld|Louis Armstrong - what a wonderful world
C F A# Gm,→ C,4,5,8,BabyFace - babyface everytime|Bryan Adams - Have You Ever Really Loved|COUNTRY - flowersonthewall|mike_and_the_mechanics - the living years|UNSORTED - HEY JUDE
F# Fm F# Fm,→ F#,4,5,16,Backstreet Boys - everybody|backstreet_boys - everybody|en_vogue - never gonna get it|richie_lionel - sail on|UNSORTED - video
F# F F# F,→ F#,4,5,20,Backstreet Boys - everybody|backstreet_boys - everybody|Christina Aguilera - needtoknow|Marc Anthony - I Need To Know|nirvana - tourettes
F F# F F#,→ F,4,5,15,Backstreet Boys - everybody|backstreet_boys - everybody|Christina Aguilera - needtoknow|Marc Anthony - I Need To Know|nirvana - tourettes
Cm A# Dm D#,→ Cm,4,5,5,Backstreet Boys - i'll never break your heart|Backstreet Boys - i ll never break your heart|backstreet_boys - i'll never break your heart|COUNTRY - amilosingyou|COUNTRY - AmIosingyou
C A# C Gm,→ C,4,5,7,Bangles - hazy|Culture Club - Church of the Poison Mind|Kenney Rogers - Lady|simon_%26_garfunkel - hazy shade of winter|The Bangles - Hazy Shade Of Winter
C A# F Gm,→ C,4,5,7,Bangles - hazy|COUNTRY - tinybub|George Michael - Freedom|simon_%26_garfunkel - hazy shade of winter|The Bangles - Hazy Shade Of Winter
A# F Gm F,→ A#,4,5,6,BareNaked Ladies - The Old Apartment|COUNTRY - mcgraw cantbereallygone|cure_the - close to me|midler_bette - wind beneath my wings|UNSORTED - BACKLIFE
F D# A# D#,→ F,4,5,7,Barry Manilow - Mandy|Christmas - silver bells|disney_songs - under the sea|Madonna - Madonna Rain|manilow_barry - mandy
D C D A,→ D,4,5,5,Beat - butterfly|carey_mariah - butterfly|Mariah Carey - butterfly|Queen - Queen We will rock you|styx - fooling yourself (the angry young man)
D C Em G,→ D,4,5,7,Beatles - act naturaly|COUNTRY - blanketontheground bjoespears|dire_straits - private|Journey - separate ways worlds apart|roxette - here comes the weekend
C Em G D,→ C,4,5,6,Beatles - act naturaly|Bon Jovi - Living on a Prayer best|dire_straits - private|REM - e bow the letter|roxette - here comes the weekend
Gm Dm Gm Dm,→ Gm,4,5,9,Beatles - and i love her|COUNTRY - pkupman joediffie|Genesis - cinema show|police - can t stand losing you|UNSORTED - LIVINGD
C G C A#,→ C,4,5,7,Beatles - baby you're a rich man|Beatles - baby you re a rich man|COUNTRY - bluekentuckygirl|Madonna - oh father|UNSORTED - HOTHOTHO
D E A C#m,→ D,4,5,7,Beatles - here comes the sun|COUNTRY - amanthislonely bnd|Movie Themes - Misirlou|Movie Themes - pulp fiction|UNSORTED - ridance
Em Am C G,→ Em,4,5,10,Beatles - honey pie|COUNTRY - asanyfoolcansee tlaw|Enigma - meaculpa|everclear - santa monica|Metallica - fade to black
G# Gm G# Gm,→ G#,4,5,16,Beatles - nowhere man|Bryan Adams - BRYAN ADAMS here i am|COUNTRY - ido paulbrandt|weezer - say it ain't so|weezer - say it ain t so
C F D# F,→ C,4,5,7,Beatles - ob la di ob la da|Righteoud Brothers - RighteousBrothers UnchainedMelody(60s)|Righteoud Brothers - RighteousBrothers UnchainedMelody1|Righteoud Brothers - RighteousBrothers UnchainedMelody5|Righteoud Brothers - RighteousBrothers UnchainedMelody6
G C G Gm,→ G,4,5,6,Beatles - paperback writer|COUNTRY - fancy reba|disney_songs - can't wait to be king|disney_songs - can t wait to be king|styx - song for the day
D G Em Bm,→ D,4,5,9,Beatles - she loves you|Righteoud Brothers - RighteousBrothers UnchainedMelody2|Righteoud Brothers - RighteousBrothers UnchainedMelody4|spice_girls - think you are|spice_girls - who do you think you are
A# F Dm C,→ A#,4,5,7,Beatles - there's a place|Beatles - there s a place|COUNTRY - nobodyknows|television_theme_songs - laverne and shirley|van_halen - right now
D# Fm D# Fm,→ D#,4,5,7,"Beatles - the inner light|COUNTRY - daddydntwalksofast|COUNTRY - daddydontwalksofast|COUNTRY - putyourhead|Johnny Rivers - Rivers,Johnny PoorSideOfTown1"
D# Fm D# G#,→ D#,4,5,6,"Beatles - the inner light|COUNTRY - putyourhead|Disney - You Can Fly|erasure - i love saturday|Lionel Richie - Richie,Lionel SayYouSayMe"
G Bm Em D,→ G,4,5,9,Beatles - what goes on|dion_celine - nothing's broken but my heart|Eagles - Desperado|houston_whitney - i'm every woman|houston_whitney - i m every woman
Fm A# Fm A#,→ Fm,4,5,10,Bee Bees - stayin alive|beegees - stayin alive|collins_phil - one more night|COREL COLLECTION - LITE 15|Phil Collins - one more night
F# D#m F# C#,→ F#,4,5,6,Bee Bees - too much heaven|beegees - too much heaven|kiss - strutter|MatchBox 20 - Push|Metallica - too much heaven
A G A A#dim,→ A,4,5,5,Bee Bees - to love somebody|beegees - to love somebody|Billy Joel - Uptown Girl|joel_billy - uptown girl|UNSORTED - UPTOWNGL
G A A#dim A,→ G,4,5,5,Bee Bees - to love somebody|beegees - to love somebody|Billy Joel - Uptown Girl|joel_billy - uptown girl|UNSORTED - UPTOWNGL
A A#dim A G,→ A,4,5,5,Bee Bees - to love somebody|beegees - to love somebody|Billy Joel - Uptown Girl|joel_billy - uptown girl|UNSORTED - UPTOWNGL
E G E B,→ E,4,5,5,Big Mr - to be with you|big_mr - to be with you|steve_miller_band - rock'n me|steve_miller_band - rock n me|UNSORTED - mrbigto
E B E G,→ E,4,5,5,Big Mr - to be with you|big_mr - to be with you|steve_miller_band - rock'n me|steve_miller_band - rock n me|UNSORTED - mrbigto
G D G F#dim,→ G,4,5,8,Billy Joel - Just the Way You Are|COUNTRY - beautifulboy|Mozart - serenad4|offspring - i choose|Billy Joel - BillyJoel JustWayYouAre
G Dm C D,→ G,4,5,9,Billy Joel - Shes Got a Way|COUNTRY - harpervpta|COUNTRY - shesgotaway|joel_billy - she's got a way|joel_billy - she s got a way
A E D F#m,→ A,4,5,9,Billy Joel - You May Be Right|Chicago - chihard|dave_matthews_band - crash into me|Duran Duran - love will alwayep us alive|Eagles - love will always keep us alive
D#dim A D#dim A,→ D#dim,4,5,9,Blackstreet - no diggity|Duran Duran - DuranDuran TheReflex|Duran Duran - reflex|Duran Duran - The Reflex|duran_duran - reflex
B A G#m E,→ B,4,5,6,Blues Brothers - everybody needs somebody|blues_brothers - everybody needs somebody|COUNTRY - headscarolina|COUNTRY - headscaroline tailscalifornia jodeemessina|UNSORTED - geri halliwell lift me up
G D# G D#,→ G,4,5,15,Blur - girls and boys|FUNK - Thats the Way I Like It|television_theme_songs - ducktales|TV Themes - Ducktales|UNSORTED - Thats the way I like it
F Cm A# D#,→ F,4,5,7,bolton_michael - how am i supposed to live without you|COUNTRY - amilosingyou|COUNTRY - boynamedsue|COUNTRY - calludarlin|Michael Bolton - how am i supposwithout you
C G Dm F,→ C,4,5,6,Bon Jovi - blaze of glory|COUNTRY - 26cents|styx - best of times|styx - the best of times|UNSORTED - MelroseP
A E A G#m,→ A,4,5,7,Bon Jovi - in these arms|carey_mariah - always be my baby|joel_billy - famous last words|Mariah Carey - always be my baby|Tori Amos - silent all these years
A G Em D,→ A,4,5,7,Boston - more than a feeling|COUNTRY - alwaysonmymind|Madonna - Madonna IllRemember|Movie Themes - apollo 13|Movie Themes - Summer Love
Fm C# Fm C#,→ Fm,4,5,14,Brian McKnight - Anytime|carey_mariah - forever|Mariah Carey - forever|petty_tom - face in the crowd|UNSORTED - SMELLS L
A A#dim Bm E,→ A,4,5,10,brooks_garth - friends in low places|COUNTRY - FILP|COUNTRY - friends|COUNTRY - lowplace|Garth Brooks - friends in low places
A#dim Bm E A,→ A#dim,4,5,7,brooks_garth - friends in low places|COUNTRY - FILP|COUNTRY - friends|COUNTRY - lowplace|Garth Brooks - friends in low places
E A A#dim Bm,→ E,4,5,7,brooks_garth - friends in low places|COUNTRY - FILP|COUNTRY - friends|COUNTRY - lowplace|Garth Brooks - friends in low places
E A Bm D,→ E,4,5,5,brooks_garth - friends in low places|COUNTRY - FILP|Garth Brooks - friends in low places|rolling_stones - can't be seen|rolling_stones - can t be seen
C G A D,→ C,4,5,10,brooks_garth - if tomorrow never comes|Christian Music - praise him praise him|christian_music - praise him praise him|COUNTRY - blanketontheground bjoespears|Garth Brooks - if tomorrow never comes
Em A G F#m,→ Em,4,5,5,brooks_garth - the dance|COUNTRY - unansweredprayers|COUNTRY - up2|Garth Brooks - the dance|Garth Brooks - uanswered prayer
Am A# C A#,→ Am,4,5,12,brooks_garth - top gun|Celine Dion - My Heart Will Go On Techno|dave_matthews_band - rhyme and reason|Garth Brooks - top gun|UNSORTED - bc circle
G D Dm D,→ G,4,5,8,brown_james - i feel good|Gordon Lightfoot - Lightfoot Sundown|James Brown - i feel good|spice_girls - too much|UNSORTED - TOOMUCH
G# Gm G# A#,→ G#,4,5,8,Bryan Adams - BRYAN ADAMS here i am|COUNTRY - almostgdbye|COUNTRY - almstgdbye mchestnut|COUNTRY - ido paulbrandt|reel_big_fish - alternative baby
G D Em A,→ G,4,5,6,Bryan Adams - Cloud No 9|COUNTRY - canitrustuwithmyhrt|COUNTRY - cantItrustyouwithmyheart|COUNTRY - keepstars|u_s_songs - march me
Bdim C Bdim C,→ Bdim,4,5,18,Bush - machine head|Christian Music - god is love|christian_music - god is love|COREL COLLECTION - CLAS 10|pearl_jam - mankind
F Gm F G,→ F,4,5,8,carey_mariah - dream lover|Genesis - Abacab|Mariah Carey - dream lover|steve_miller_band - joker|UNSORTED - DREAMLVR
B E D C#m,→ B,4,5,20,carey_mariah - hero|Mariah Carey - hero|Men at Work - Who Can It Be Now|UNSORTED - hero1|UNSORTED - Men At Work Who Can It Be Now
E D C#m B,→ E,4,5,20,carey_mariah - hero|Mariah Carey - hero|Men at Work - Who Can It Be Now|UNSORTED - hero1|UNSORTED - Men At Work Who Can It Be Now
D C#m B E,→ D,4,5,18,carey_mariah - hero|Mariah Carey - hero|Men at Work - Who Can It Be Now|UNSORTED - hero1|UNSORTED - Men At Work Who Can It Be Now
G# D# G# Cm,→ G#,4,5,5,carey_mariah - i've been thinking about you|carey_mariah - open arms|Cyndi Lauper - All Through the Night|Mariah Carey - open arms|U2 - With Or Without You
G B D C,→ G,4,5,6,carey_mariah - just to hold you once again|Christian Music - i surrender all|christian_music - i surrender all|Genesis - follow you follow me|Mariah Carey - just to hold you once again
G# C# D# Cm,→ G#,4,5,7,carey_mariah - prisoner|COUNTRY - crave kdlang|Mariah Carey - prisoner|Movie Themes - Evita|UNSORTED - K D Lang Constant craving
C# D# Cm G#,→ C#,4,5,9,carey_mariah - prisoner|COUNTRY - crave kdlang|Mariah Carey - prisoner|Movie Themes - Evita|UNSORTED - K D Lang Constant craving
D# F A# Gm,→ D#,4,5,13,carey_mariah - whenever|Christian Music - the lord s prayer|christian_music - the lord's prayer|Marc Anthony - You Sang To Me|Mariah Carey - whenever
F A# Gm D#,→ F,4,5,14,carey_mariah - whenever|Marc Anthony - You Sang To Me|Mariah Carey - whenever|television_theme_songs - 90210|TV Themes - 90210
C Am F A#,→ C,4,5,7,carey_mariah - when i saw you|COUNTRY - ifueverhave foreverinmind vince|Mariah Carey - when i saw you|Movie Themes - Star Trek First Contact|van_halen - not enough
C Am F Fm,→ C,4,5,5,carey_mariah - when i saw you|john_elton - daniel|Mariah Carey - when i saw you|Righteoud Brothers - RighteousBrothers UnchainedMelody(60s)|Righteoud Brothers - RighteousBrothers UnchainedMelody6
E G# E G#,→ E,4,5,11,cars_the - just what i needed|nirvana - radio friendly unit shifter|rush - spirit of radio|The Cars - just what i needed|U2 - Hold Me Thrill Me Kiss Me
G# E G# E,→ G#,4,5,11,cars_the - just what i needed|nirvana - radio friendly unit shifter|rush - spirit of radio|The Cars - just what i needed|U2 - Hold Me Thrill Me Kiss Me
D Em G A,→ D,4,5,5,CCR - Up Around The Bend|Christian Music - come all ye faithful|christian_music - come all ye faithful|COUNTRY - ivebeentryin 2getoveru vince|UNSORTED - Hero
C# F# Fm F#,→ C#,4,5,5,Celine Dion - Because You Loved Me|COUNTRY - babyilyed|COUNTRY - believemebaby|Journey - when you love a woman|Trisha Yearwood - Believe Me Baby I Lied
Am Dm Am C,→ Am,4,5,13,Celine Dion - Falling Into You|COUNTRY - jolene dolly|Metallica - until it sleeps|rolling_stones - love is strong|yes - owner of a lonely heart
Em F G Am,→ Em,4,5,7,Celine Dion - Im Your Angel|COUNTRY - turnaround|dion_celine - power of the dream|UNSORTED - gradua|u_s_songs - olympic theme 1996
Am A# C F,→ Am,4,5,11,"Celine Dion - My Heart Will Go On Techno|erasure - always|Movie Themes - philadelphia|Phil Collins - Collins, Phil Do you remember|springstein_bruce - streets of philidelphia"
C# A#m D# G#,→ C#,4,5,9,Celine Dion - Power Of Love|COUNTRY - mywomanmywife|dion_celine - the power of love|prince - diamonds and pearls|UNSORTED - JINGBELL
A#m D# G# C#,→ A#m,4,5,7,Celine Dion - Power Of Love|COUNTRY - mywomanmywife|prince - diamonds and pearls|Rick Springfield - You Dont Have To Say You Lo|UNSORTED - JINGBELL
Am G F Dm,→ Am,4,5,9,Chicago - 25or6to4|Chicago - 25 or 6 to 4|oasis - don't go away|oasis - don t go away|REM - losereli
G Bm G C,→ G,4,5,6,Christian Music - awesome god|christian_music - awesome god|COUNTRY - yardsale2|Sheryl Crow - If It Makes You Happy|Billy Joel - BillyJoel Allentown
Em G C Am,→ Em,4,5,9,Christian Music - calvary s love|christian_music - calvary's love|Coolio - fantastic voyage|Eagles - One of These Nights|nirvana - school
C Am Dm F,→ C,4,5,5,Christian Music - celebrate jesus|christian_music - celebrate jesus|UNSORTED - I Could Not Ask For More|ventures_the - walk don't run|ventures_the - walk don t run
D# A# Cm A#,→ D#,4,5,5,Christian Music - closer walk with thee|Christian Music - just as i am|christian_music - closer walk with thee|COUNTRY - hellowalls|Star Wars - imperial
G# Fm C# F#,→ G#,4,5,5,Christian Music - crown him with many crowns|christian_music - crown him with many crowns|COUNTRY - babyilyed|COUNTRY - believemebaby|Trisha Yearwood - Believe Me Baby I Lied
D Bm Am Bm,→ D,4,5,8,Christian Music - give thanks|christian_music - give thanks|christian_music - give thanks with a greatful heart|COUNTRY - fromheretoeternity|radiohead - karma police
Bm D G D,→ Bm,4,5,5,Christian Music - give thanks|christian_music - give thanks|christian_music - give thanks with a greatful heart|yes - i'm alive|yes - i m alive
C F G Bdim,→ C,4,5,8,Christian Music - god is love|christian_music - god is love|COREL COLLECTION - FNFRE 04|COUNTRY - cryingtime|doors_the - touch me
D C Am G,→ D,4,5,5,Christian Music - go tell it on the mountain|Christian Music - my sins are gone|christian_music - go tell it on the mountain|COUNTRY - IAE|hornsby_bruce - way it is
Bm A G D,→ Bm,4,5,11,Christian Music - holy holy holy|christian_music - holy holy holy|erasure - stop|TV Themes - Roswell|UNSORTED - STOP
Am D C G,→ Am,4,5,11,Christian Music - majesty|COUNTRY - If Tomorrow Never(VERN)|COUNTRY - iftomorrownevercomes|Depech Mode - somebody|depeche_mode - somebody
G# C# G# F#,→ G#,4,5,6,Christian Music - oh holy night|Hanson - This Time Around|kiss - rock and roll allnite|los_del_rios - macarena|veruca_salt - seether
D A Em A,→ D,4,5,8,Christian Music - open our eyes lord|COUNTRY - flopearedmule|COUNTRY - louiloui|Tori Amos - china|UNSORTED - EVERHUR1
Gm C F A#,→ Gm,4,5,7,Christian Music - over the sunset mountains|COREL COLLECTION - WEST 01|COUNTRY - flowersonthewall|COUNTRY - pc ifalltopieces|mike_and_the_mechanics - the living years
C G C Bdim,→ C,4,5,7,christian_music - christ the lord is risen today|COUNTRY - banksoftheohio mwillis|COUNTRY - coolwater|COUNTRY - ialright|COUNTRY - ladydownonlove al
G C Bdim C,→ G,4,5,5,christian_music - christ the lord is risen today|COUNTRY - coolwater|COUNTRY - ialright|COUNTRY - ladydownonlove al|joel_billy - piano man classical version
A#m D# C# D#,→ A#m,4,5,5,Christina Aguilera - genie|Christina Aguilera - Genie In A Bottle|Madonna - borderline|Madonna - Madonna Borderline|UNSORTED - FF7BATT
F C A# G,→ F,4,5,5,Christmas - here comes santa clause|clapton_eric - let it grow|COUNTRY - arizona|Eric Clapton - let it grow|George Michael - Freedom
F Gm C A#,→ F,4,5,9,Christmas - here comes santa clause|COUNTRY - arizona|COUNTRY - tinybub|COUNTRY - twotears|George Michael - Freedom
A# D# Cm F,→ A#,4,5,9,Christmas - silver bells|COUNTRY - carolinamoon|four_seasons - rag doll|joel_billy - this is the time|roxette - paint
A Em G D,→ A,4,5,12,cocker_joe - with a little help from my friends|Elvis - backonthechaingang|television_theme_songs - wonder years|TV Themes - With A Little Help|TV Themes - Wonder Years
A#m D#m G# C#,→ A#m,4,5,6,collins_phil - against all odds|COUNTRY - ibelieveinangels leannrimes|Movie Themes - Advance To The Rear|Phil Collins - against all odds|UNSORTED - ALLODDS
D#m G# C# A#m,→ D#m,4,5,5,collins_phil - against all odds|COUNTRY - ibelieveinangels leannrimes|Movie Themes - Advance To The Rear|Phil Collins - against all odds|UNSORTED - ALLODDS
D#m G# C# F#,→ D#m,4,5,5,collins_phil - against all odds|COUNTRY - beautifulbody|COUNTRY - whermigonnalive|Phil Collins - against all odds|UNSORTED - ALLODDS
F# A#m G# C#,→ F#,4,5,5,collins_phil - against all odds|Phil Collins - against all odds|UNSORTED - MUSTLOVE|UNSORTED - NEVER|UNSORTED - nevever
A# C A# Dm,→ A#,4,5,9,collins_phil - do you remember|COUNTRY - TheThunderRoles|jackson_michael - do you remember|Phil Collins - do you remember|UNSORTED - DO YOU R
Gm C Gm Am,→ Gm,4,5,6,collins_phil - inside out|Duran Duran - victim of love|Eagles - Victim of Love|Phil Collins - inside out|radiohead - no alarm no suprises
Dm Am Dm C,→ Dm,4,5,8,collins_phil - the west side|Madonna - Madonna SkyFitsHeaven|Phil Collins - the west side|roxette - fading like a flower|van_halen - love walks in
G Am C Dm,→ G,4,5,7,COREL COLLECTION - INTL 06|houston_whitney - one moment in time|Righteoud Brothers - RighteousBrothers UnchainedMelody1|television_theme_songs - odd couple|UNSORTED - AN ANGEL
F C Em C,→ F,4,5,6,COREL COLLECTION - NEWA 02|COUNTRY - bhamturnaround keithwhitley|inxs - never tear us apart|Pointer Sisters - Slow Hand|UNSORTED - cl truecols
F# G# F# A#m,→ F#,4,5,8,COREL COLLECTION - NEWA 13|COUNTRY - dontimpressmemuchshania|mike_and_the_mechanics - another cup of coffee|snap - rythem is a dancer|UNSORTED - RIDE ON
E D E C#m,→ E,4,5,6,COREL COLLECTION - POP 02|COUNTRY - dontfallinlovedrm krogers|COUNTRY - dontfallinlovewithadreamer|houston_whitney - i will always love you|kiss - take me
F Cm F D#,→ F,4,5,6,COREL COLLECTION - ROCK 08|hornsby_bruce - harbor lights|Right Said Fred - RightSaidFred I'mTooSexy|Right Said Fred - RightSaidFred I'mTooSexy1|Right Said Fred - RightSaidFred I'mTooSexy4
Dm G C G,→ Dm,4,5,6,COUNTRY - 26cents|erasure - take me back|kiss - beth|pet_shop_boys - so hard|UNSORTED - SUPER
C A# Gm A#,→ C,4,5,9,COUNTRY - 2pinacoladas|COUNTRY - inadiffe|joel_billy - don't ask me why|joel_billy - don t ask me why|steve_miller_band - jet airliner
G C G A,→ G,4,5,5,COUNTRY - almost persuaded|def_leppard - photograph|Rod Stewart - Maggie May|television_theme_songs - simpsons|TV Themes - Simpsons
D A E G,→ D,4,5,7,COUNTRY - alwaysonmymind|cure_the - a kind of magic|Queen - a kind of magic|Queen - Queen A kind of magic|UNSORTED - AKMAGIC
G A# G F,→ G,4,5,8,COUNTRY - amazed lonestar|Culture Club - Church of the Poison Mind|nirvana - talk to me|UNSORTED - bangles eternalf|UNSORTED - eternalf
A# F Cm F,→ A#,4,5,8,COUNTRY - amilosingyou|COUNTRY - britney sometimes|COUNTRY - uandi|dion_celine - any other way|midler_bette - wind beneath my wings
Gm F C F,→ Gm,4,5,5,COUNTRY - babylikestorockit|COUNTRY - babyrocket|Disney - Winnie The Pooh|Foreigner - Foreigner Hot Blooded|UNSORTED - BACKLIFE
A Bm Em G,→ A,4,5,6,COUNTRY - Baton|COUNTRY - brotherjukebox|COUNTRY - callingbatonrouge|toto - somewhere tonight|yes - love will find a way
Em G A D,→ Em,4,5,5,COUNTRY - Baton|COUNTRY - brotherjukebox|COUNTRY - callingbatonrouge|COUNTRY - changemymind jberry|COUNTRY - ivebeentryin 2getoveru vince
B E A D,→ B,4,5,5,COUNTRY - blame hwy101|COUNTRY - cryingheartout|COUNTRY - Everyminute|foo_fighters - monkey wrench|Right Said Fred - RightSaidFred You'reMyMate
C G Em Dm,→ C,4,5,8,COUNTRY - bluemoon|COUNTRY - doesthebluemoonevershineonyou|television_theme_songs - hogan's heros|television_theme_songs - hogan s heros|TV Themes - Hogans Heroes
F Gm D# A#,→ F,4,5,7,COUNTRY - byebye|COUNTRY - byebye jodeemessina|COUNTRY - pc sweetdreamsofyou|COUNTRY - THE CHANGE|dion_celine - any other way
Fm A# D# G#,→ Fm,4,5,9,COUNTRY - bytimephoenix|COUNTRY - feelssoright|COUNTRY - feelssoright al|Sarah McGlachlan - Adia|UNSORTED - It'sASin
A D G F#m,→ A,4,5,7,COUNTRY - chataho|COUNTRY - chattahoochie|COUNTRY - istherelife reba|COUNTRY - myshoeskeepwalking0back2ou|prince - i would die 4 u
A# F G Am,→ A#,4,5,5,COUNTRY - countrytillidie johnand|Queen - breakthrough|Queen - Queen Break through|Queen - Queen I Want To Break Free|UNSORTED - BREAKTHR
B Bm B E,→ B,4,5,9,COUNTRY - dance the night away|COUNTRY - dreambaby glenc|COUNTRY - drinkswearstealandlie|COUNTRY - drinkswearstealandlie michaelpeterson|stone_temple_pilots - lady picture show
D# F C F,→ D#,4,5,6,COUNTRY - deltadawn|Righteoud Brothers - RighteousBrothers UnchainedMelody(60s)|Righteoud Brothers - RighteousBrothers UnchainedMelody5|Righteoud Brothers - RighteousBrothers UnchainedMelody6|soundgarden - pretty noose
C Bm Em G,→ C,4,5,5,COUNTRY - doesheloveyou|COUNTRY - doesheloveyou reba|kiss - i was made for lovin you|kiss - magic touch|UNSORTED - browneyedgirl
Bm A E A,→ Bm,4,5,7,COUNTRY - dontfallinlovedrm krogers|COUNTRY - dontfallinlovewithadreamer|COUNTRY - enjine9|UNSORTED - super man|UNSORTED - wild thg
F# A#m F# G#,→ F#,4,5,6,COUNTRY - dontimpressmemuchshania|mike_and_the_mechanics - another cup of coffee|richie_lionel - sail on|snap - rythem is a dancer|UNSORTED - RIDE ON
A# F C Gm,→ A#,4,5,5,COUNTRY - DreamingWithMyEyesWideOpen|COUNTRY - dreaminwithmy eyeswideopen claywalker|Eagles - Seven Bridges Road|George Michael - Freedom|jewel - foolish games
F# B F# E,→ F#,4,5,9,COUNTRY - emotionalgirl|dave_matthews_band - too much|prince - lets go crazy|Tori Amos - crucify|UNSORTED - AMNESIA
G Am C Em,→ G,4,5,9,COUNTRY - fireonmtn daniels|daft_punk - around the world|kiss - dr love|kiss - love gun|shannon_del - keep searchin
Bm Am Bm Am,→ Bm,4,5,6,COUNTRY - fromheretoeternity|Depech Mode - strange love|depeche_mode - strange love|Queen - LIV4EV|Queen - who wants to live forever
G F Bdim Am,→ G,4,5,5,COUNTRY - goodbye earl|Dixie Chicks - Goodbye Earl|oasis - don't go away|oasis - don t go away|Stevie Nicks - Goodbye Earl
F Bdim Am G,→ F,4,5,5,COUNTRY - goodbye earl|Dixie Chicks - Goodbye Earl|oasis - don't go away|oasis - don t go away|Stevie Nicks - Goodbye Earl
C Gm C A#,→ C,4,5,8,COUNTRY - hardworkinman|Culture Club - Church of the Poison Mind|jackson_michael - i just can't stop loving you|Madonna - Madonna MaterialGirl|Madonna - true colors
C F A# Dm,→ C,4,5,7,COUNTRY - ifueverhave foreverinmind vince|COUNTRY - whatsgoingoninyourworld|television_theme_songs - tockey and bullwinkle|TV Themes - Rocky and Bullwinkle|UNSORTED - LIVE
C F A# G,→ C,4,5,5,"COUNTRY - ilovemyfriend charlierich|grant_amy - el shaddai|Lionel Richie - Richie,Lionel DancingOnTheCeiling|TV Themes - Happy Days|UNSORTED - sisterch"
A# C A# Gm,→ A#,4,5,9,COUNTRY - inadiffe|joel_billy - don't ask me why|joel_billy - don t ask me why|Queen - Queen We are the champions|steve_miller_band - jet airliner
D# G# D# C#,→ D#,4,5,5,"COUNTRY - SheThinksMyTractorSexy|Lionel Richie - Richie,Lionel SayYouSayMe|television_theme_songs - wkrp in cincinatti|TV Themes - WKRP in Cincinatti|u_s_songs - stars and stripes forever"
G F#m Bm D,→ G,4,5,5,COUNTRY - smwereotherofthenight|Duran Duran - DuranDuran SaveAPrayer|Duran Duran - Save a Prayer|duran_duran - save a prayer|Garth Brooks - somewhere other than night
E G#m E B,→ E,4,5,5,COUNTRY - tempted|hornsby_bruce - look out any window|smashing_pumpkins - soma|television_theme_songs - oprah winfrey show|UNSORTED - beautwd
C F C E,→ C,4,5,5,COUNTRY - The Tennessee Waltz|Disney - Bippity Boppity Boo|television_theme_songs - giants|UNSORTED - ANCHOR|UNSORTED - gradua
A# Gm A# F,→ A#,4,5,6,COUNTRY - udecoratedmylife krogers|Lou Bega - I Got A Girlfriend Everywhe|prince - 1999|radiohead - no alarm no suprises|television_theme_songs - the bob newhart show
D G D Dm,→ D,4,5,7,COUNTRY - wakeup lilsuzie everlybros|jamiroquai - half the man|offspring - way down the line|spice_girls - too much|UNSORTED - TOOMUCH
D# Dm D# Dm,→ D#,4,5,9,COUNTRY - womaninme|green_day - coming clean|houston_whitney - didn't we almost have it all|nazereth - love hurts|rea_chris - loving you
Cm A# Cm D#,→ Cm,4,5,8,cure_the - let's go to bed|cure_the - let s go to bed|Metallica - cure|television_theme_songs - hawaii 5 0|UNSORTED - HAWAI50
B F# D#m F#,→ B,4,5,8,Cyndi Lauper - Girls Just Want to Have Fun|smashing_pumpkins - tonight tonight|UNSORTED - blink182 whatsmyage|UNSORTED - cl girls|yes - heart of sunrise
C Dm C Am,→ C,4,5,7,Cyndi Lauper - True Colors|Movie Themes - mortal kombat|Rollin STones - Sympathy for the Devil|television_theme_songs - days of our lives|Billy Joel - BillyJoel PianoMan
A# D# A# Gm,→ A#,4,5,8,def_leppard - miss you in a heartbeat|green_day - 2000 light years away|manilow_barry - copacabana|MatchBox 20 - Real World|UNSORTED - MISSYOUI
Em G D A,→ Em,4,5,15,devo - jerkin' back and forth|devo - jerkin back and forth|Elvis - backonthechaingang|hornsby_bruce - river flow|Sheryl Crow - Strong Enough
Em C A C,→ Em,4,5,30,Duran Duran - DuranDuran Rio|Duran Duran - Rio|duran_duran - rio|nirvana - dumb|SEAL - dreaming in metaphors
A C Em C,→ A,4,5,31,Duran Duran - DuranDuran Rio|Duran Duran - Rio|duran_duran - rio|red_hot_chilli_peppers - my friends|SEAL - dreaming in metaphors
C Em C A,→ C,4,5,31,Duran Duran - DuranDuran Rio|Duran Duran - Rio|duran_duran - rio|nirvana - dumb|SEAL - dreaming in metaphors
D A E B,→ D,4,5,13,Duran Duran - DuranDuran Rio|Duran Duran - Rio|duran_duran - rio|offspring - she s got issues|UNSORTED - AKINDOFM
A E B D,→ A,4,5,13,Duran Duran - DuranDuran Rio|Duran Duran - Rio|duran_duran - rio|offspring - she s got issues|UNSORTED - AKINDOFM
A D#dim A D#dim,→ A,4,5,13,Duran Duran - DuranDuran TheReflex|Duran Duran - reflex|Duran Duran - The Reflex|duran_duran - reflex|stone_temple_pilots - crackerman
F# B E G#m,→ F#,4,5,9,Duran Duran - DuranDuran TheReflex|Duran Duran - reflex|Duran Duran - The Reflex|duran_duran - reflex|foo_fighters - down in the park
B E G#m F#,→ B,4,5,9,Duran Duran - DuranDuran TheReflex|Duran Duran - reflex|Duran Duran - The Reflex|duran_duran - reflex|foo_fighters - down in the park
Em F Em Am,→ Em,4,5,5,Duran Duran - Girls on Film|Duran Duran - i can't tell you why|Eagles - i can't tell you why|Eagles - I Cant Tell You Why|Eagles - i can t tell you why
A D F#m Bm,→ A,4,5,7,Duran Duran - love will alwayep us alive|Eagles - love will always keep us alive|jackson_michael - heal the world|reel_big_fish - sell out|UNSORTED - HEALWRLD
Am C G F,→ Am,4,5,5,"erasure - take me back|Movie Themes - Addicted To Love|palmer_robert - addicted to love|Robert Palmer - addictedtolove|Robert Palmer - Palmer, Robert Addicted to love"
D#m F# C# F#,→ D#m,4,5,9,Foreigner - Foreigner I wanna know what love is|Foreigner - I Want to Know What Love Is|kiss - strutter|MatchBox 20 - Push|UNSORTED - LETSDANC
C Em Am G,→ C,4,5,10,Foreigner - watluvis|soul_asylum - runaway train|UNSORTED - AFTERBUR|UNSORTED - I WANT T|Billy Joel - BillyJoel Honesty
F# G#m F# B,→ F#,4,5,6,gabriele_peter - that voice again|gabriele_peter - voice|Pat Benatar - Shadows Of The Night|smashing_pumpkins - thirty three|weezer - tired of sex
Am D C D,→ Am,4,5,6,Genesis - In Too Deep|Journey - Journey Only the young|Journey - only the young|led_zepplin - rock and roll|UNSORTED - INTOODEE
C D C Edim,→ C,4,5,5,"Genesis - i can't dance|Genesis - I Cant Dance|Genesis - i can t dance|Johnny Rivers - Rivers,Johnny Rockin'PneumoniaBoogieWoogieFlu|Johnny Rivers - Rivers,Johnny RockingPneumoniaAndBoogieWoogieFlu(50s)"
C# F# C# A#m,→ C#,4,5,5,"Genesis - Jesus He Knows Me|Movie Themes - Evita|palmer_robert - bad case of lovin you|Pat Benatar - Dont Let It Show|Robert Palmer - Palmer, Robert Bad case of lovin you"
F# A#m F# A#m,→ F#,4,5,27,Genesis - three sides live medley|merchant_natalie - wonder|nirvana - in bloom|snap - rythem is a dancer|UNSORTED - RIDE ON
A F#m A D,→ A,4,5,6,green_day - only of you|police - every breath|rogers_kenny - lady|Sting - Police EveryBreathYouTake|UNSORTED - CHAMPAGNE
F E Am G,→ F,4,5,5,"jackson_michael - smooth criminal|Lionel Richie - Richie,Lionel Hello|moore_gary - still got the blues|UNSORTED - SMOOTHCR|Billy Joel - BillyJoel StillRnRToMe"
Bm A B A,→ Bm,4,5,6,jamiroquai - half the man|Tone Loc - WildThing|UNSORTED - BITTERSW|UNSORTED - wild thg|verve_the - bittersweet symphony
A B A Bm,→ A,4,5,7,jamiroquai - half the man|Tone Loc - WildThing|UNSORTED - BITTERSW|UNSORTED - wild thg|verve_the - bittersweet symphony
D# D D# D,→ D#,4,5,14,john_elton - sorry seems to be|nirvana - up on a plain|tool - forty six and two|Tori Amos - flying dutchman|UNSORTED - JAIL
F#dim C G D,→ F#dim,4,5,5,lennox_annie - don't ask me why|lennox_annie - don t ask me why|Peter Schilling - MAJORTOM|Peter Schilling - majortom2|Peter Schilling - major tom
F#m B F#m A,→ F#m,4,5,5,level_42 - the sun goes down|oasis - wonder wall|stone_temple_pilots - artschool girlfriend|UNSORTED - bc heaven|UNSORTED - WONDERWALL
C G Em F,→ C,4,5,13,live - turn my head|pet_shop_boys - go west|pet_shop_boys - go west2|police - so lonely|UNSORTED - falllove
C B C B,→ C,4,5,13,nirvana - dumb|Partridge Family - Your Mama Dont Dance|toto - hold the line|UNSORTED - HOLDTHE|UNSORTED - stupid
G Em G Bm,→ G,4,5,13,osbourne_ozzy - shot in the dark|REM - texarkana|UNSORTED - TXARKANA|UNSORTED - WOULDILI|yes - six wives of henry 8
Dm C Dm A,→ Dm,4,5,7,pearl_jam - go|Santana - Black Magic Woman|television_theme_songs - love boat|UNSORTED - EVE|UNSORTED - evewar
G# Fm D# A#,→ G#,4,5,5,Queen - bohemian rhapsody|Queen - Queen Bohemian Rhapsody|UNSORTED - boh|UNSORTED - BOHEMIAN|UNSORTED - lemis
A E G#,→ A,3,5,8,Ben E. King - Stand By Me|The Pixies - Where Is My Mind|carey_mariah - always be my baby|COREL COLLECTION - INTL 09|Mariah Carey - always be my baby
Em Dm F,→ Em,3,5,11,Black Sabbath - Changes|ABBA - i wonder|COUNTRY - alovesobeautiful|kansas - dust in the wind|UNSORTED - Dustwind
Gm F Dm,→ Gm,3,5,8,Cigarettes After Sex - Apocalypse|Def Leppard - Love Bites|def_leppard - love bites|UNSORTED - emmanuel|UNSORTED - LOVEBITE
F C Bb,→ F,3,5,14,Jackson Browne - These Days|Lady Gaga - Always Remember Us This Way|Paul McCartney - Maybe I’m Amazed|The Beatles - Hey Jude|The Velvet Underground - Sunday Morning
F Am Dm,→ F,3,5,15,John Lennon - Watching The Wheels|Procol Harum - A Whiter Shade of Pale|Mike And The Mechanics - All I Need Is a Miracle|Sarah McGlachlan - in the arms of an angel|sublime - same in the end
D Em Bm,→ D,3,5,9,Lady Gaga and Bradley Cooper - Shallow|Beatles - she loves you|Christian Music - jesu joy of men s desiring|christian_music - jesu joy of men's desiring|jackson_michael - give in
D#m E B,→ D#m,3,5,15,Lewis Capaldi - Hold Me While You Wait|The Beatles - Penny Lane|Disney - Colors of the Wind pop version|Movie Themes - What Is Love|UNSORTED - WHATISLO
E B D#m,→ E,3,5,11,Lewis Capaldi - Hold Me While You Wait|The Beatles - Penny Lane|Disney - Colors of the Wind pop version|Movie Themes - What Is Love|UNSORTED - WHATISLO
Cm G C,→ Cm,3,5,9,Mariah Carey - All I Want For Christmas|cocker_joe - you are so beautiful|Joe Cocker - you are so beautiful|radiohead - subterranean homesick alien|television_theme_songs - sailor moon
E B D,→ E,3,5,12,Oasis - Wonderwall|Brooks N Dunn - boot scoot and boogie|COUNTRY - bd bootscoot sm|COUNTRY - dreambaby glenc|veruca_salt - volcano
F G A,→ F,3,5,12,Psycho Killer - Talking Heads|The Beatles - I Am The Walrus|COUNTRY - eastbound|dave_matthews_band - so much to say|prince - take me with u
D#m F# C#,→ D#m,3,5,14,Simon & Garfunkel - The Sound of Silence|Foreigner - That was Yesterday|green_day - when i come around|styx - mr roboto|UNSORTED - midnight
A C#m F#m,→ A,3,5,8,The Beatles - Something|The Beatles - Strawberry Fields Forever|Air Supply - She Never Heard Me Call|Beatles - do you wanna know a secret|COREL COLLECTION - LITE 05
B A G,→ B,3,5,11,The Pogues - Fairytale of New York|Beatles - lovely rita|palmer_robert - simply irrestible|Robert Palmer - Robert Palmer Simply Irresistible|UNSORTED - ILOVEROC
D G F#,→ D,3,5,9,The Pogues - Fairytale of New York|Blur - stereotypes|COUNTRY - onlyyou|platters - only you|UNSORTED - YESSIRIC
B C#m F#,→ B,3,5,10,3t - why|COUNTRY - brokenwing martina|COUNTRY - Whatdoyousaytothat|guns_%26_roses - november rain|Tori Amos - crucify
F# B C#m,→ F#,3,5,7,3t - why|COUNTRY - adalida|COUNTRY - adalida1|COUNTRY - Whatdoyousaytothat|guns_%26_roses - november rain
D Bm F#m,→ D,3,5,8,a-ha - take on me|COREL COLLECTION - NEWA 04|Cranberries - ode to my family|hornsby_bruce - walk in the sun|kravitz_lenny - heaven help
E F# G#m,→ E,3,5,5,ABBA - angel eyes|carey_mariah - whenever|joel_billy - famous last words|Mariah Carey - whenever|Rod Stewart - Tonights the Night
C#m B G#m,→ C#m,3,5,6,ABBA - angel eyes|michael_george - jesus to a child|roxette - crash boom bang|smashing_pumpkins - bodies|UNSORTED - myheart
A E G#dim,→ A,3,5,6,ABBA - fernando|COREL COLLECTION - SPRT 10|COUNTRY - allyoueverdoisbringmedown|COUNTRY - cowboycad|van_halen - ice cream man
A# Dm Cm,→ A#,3,5,9,ABBA - i have a dream|Christian Music - precious lord take my hand|christian_music - precious lord take my hand|COREL COLLECTION - MISC 04|toto - a thousand years
Cm A# F,→ Cm,3,5,5,ABBA - i have a dream|COUNTRY - britney sometimes|midler_bette - wind beneath my wings|Movie Themes - Bridge Over The River Kwai|television_theme_songs - star blazers
G# Cm A#,→ G#,3,5,6,ABBA - tiger|erasure - oh lamour|rogers_kenny - the gambler|rush - vital signs|television_theme_songs - popcorn
A# G# Cm,→ A#,3,5,5,ABBA - tiger|erasure - oh lamour|grant_amy - everywhere i go|rush - vital signs|television_theme_songs - popcorn
D# F Cm,→ D#,3,5,10,abdul_paula - opposites attract|dion_celine - any other way|Paula Abdul - opposites attract|television_theme_songs - popcorn|UNSORTED - OPPOSITE
D# F G,→ D#,3,5,20,abdul_paula - opposites attract|Bush - glycerine|COREL COLLECTION - JAZZ 02|Paula Abdul - opposites attract|UNSORTED - OPPOSITE
B Bm E,→ B,3,5,6,AC DC - for those about to rock|ac_dc - for those about to rock|COUNTRY - drinkswearstealandlie|COUNTRY - drinkswearstealandlie michaelpeterson|roxette - spending my time
B G Em,→ B,3,5,5,AC DC - for those about to rock|ac_dc - for those about to rock|Duran Duran - chauffer|Duran Duran - DuranDuran TheChauffer|duran_duran - chauffer
Cm D# Gm,→ Cm,3,5,7,Ace Of Base - Always Have Always Will|Depech Mode - personal jesus|depeche_mode - personal jesus|green_day - pulling teeth|police - get here
F#m G Bm,→ F#m,3,5,10,adams_bryan - all for love|Bryan Adams - all for love|Bryan Adams - All For One|Cranberries - ode to my family|osbourne_ozzy - shot in the dark
G Gm C,→ G,3,5,5,adams_bryan - heaven|Bryan Adams - heaven|COUNTRY - dontrockjukebox|COUNTRY - fancy reba|rolling_stones - all over now
C#m A F#m,→ C#m,3,5,7,adams_bryan - run to you|Bryan Adams - Run To You|Movie Themes - Starship Troopers|police - de do do do de da da da|yes - starship trooper
Am Bm C,→ Am,3,5,8,Air Supply - Making Love Out Of Nothing|Billy Joel - The Stranger|jackson_michael - bad|joel_billy - the stranger|kenny_g - songbird
Am G E,→ Am,3,5,13,alan_parsons_project - the raven|Bobby Brown - my perogative|brown_bobby - my perogative|COUNTRY - feelings|hole - violet
A# G# F,→ A#,3,5,5,Alice In Chains - rooster|alice_in_chains - rooster|COUNTRY - andstill|COUNTRY - andstill reba|TV Themes - Lost In Space
Am D Em,→ Am,3,5,10,Allman Brothers Band - in memory elizabeth|emerson_lake_and_palmer - pirates|kiss - magic touch|Movie Themes - Phantom Of The Opera|UNSORTED - HEREIGOA
G# Gm D#,→ G#,3,5,5,Allman Brothers Band - midnight rider|COUNTRY - beautifulinmyeyes|john_elton - your song|reel_big_fish - alternative baby|UNSORTED - becaus1
A# A Dm,→ A#,3,5,9,Aqua - my oh my|brooks_garth - thunder rolls|COUNTRY - leroyanderson belleofball|COUNTRY - TheThunderRoles|Garth Brooks - thunder rolls
D F Am,→ D,3,5,7,Bangles - Bangles eternal flame|COUNTRY - eternal|The Bangles - Eternal Flame|UNSORTED - APACHE|UNSORTED - devwoman
D#m G# C#,→ D#m,3,5,6,Beach Boys - i get around|beach_boys - i get around|COUNTRY - enginenumber9|mighty_mighty_bosstones - rascal king|TV Themes - Love Boat
A F# E,→ A,3,5,31,Beat - puffy momoney|clapton_eric - bellbottom blues|Eric Clapton - bellbottom blues|puff_daddy - mo money mo problems|UNSORTED - YESSIRIC
G Bm E,→ G,3,5,6,Beatles - drive my car|Disney - Whole New World|disney_songs - whole new world|Garth Brooks - black sheep of the family|Queen - save me
G E Am,→ G,3,5,10,Beatles - free as a bird|Bobby Brown - my perogative|brown_bobby - my perogative|hole - violet|UNSORTED - MAGICALS
Bm A Em,→ Bm,3,5,6,Beatles - norwegian wood|COUNTRY - Indian Outlaw (Vern)|cure_the - kyoto song|Duran Duran - Wild Boys|UNSORTED - NORWGS
Am D A,→ Am,3,5,5,Beatles - she's a woman|Beatles - she s a woman|led_zepplin - kashmire|pearl_jam - animal|Tone Loc - WildThing
G# Gm Cm,→ G#,3,5,8,Bee Bees - how deep is your love|beegees - how deep is your love|Queen - the miracle|television_theme_songs - daniel boone|UNSORTED - HOWDEEP
F# C# Fm,→ F#,3,5,10,Bee Bees - too much heaven|beegees - too much heaven|Celine Dion - Because You Loved Me|live - all over you|Metallica - too much heaven
G A# F,→ G,3,5,6,Bee Bees - words|beegees - words|COUNTRY - amazed lonestar|Movie Themes - Dr Zhivago|rush - the weapon
A# Adim F,→ A#,3,5,11,Ben Folds Five - missing the war|Genesis - tonight tonight|Genesis - Tonight Tonight Tonight|guns_%26_roses - welcome to the jungle|UNSORTED - TONIGHT
C G Bdim,→ C,3,5,6,Ben Folds Five - song for the dumped|COUNTRY - banksoftheohio mwillis|UNSORTED - LEMM6|UNSORTED - nikita|u_s_songs - take me out to the ballgame
C Em E,→ C,3,5,5,Billy Joel - Big Shot|disney_songs - arabian nights from aladdin|UNSORTED - barbados|van_halen - ain't talkin bout love|van_halen - ain t talkin bout love
F Em D,→ F,3,5,5,Billy Joel - Its Still Rock and Roll To|Billy Joel - its still rock and roll to me|brown_james - cold sweat|James Brown - cold sweat|joel_billy - it's still rock and roll to me
G Gm D,→ G,3,5,5,"Billy Joel - Joel, Billy Just the way you are|Billy Joel - Just the Way You Are|joel_billy - just the way you are|pet_shop_boys - normally|UNSORTED - igotyou"
C Bdim Am,→ C,3,5,7,Billy Joel - Piano Man|COUNTRY - straw|COUNTRY - The Tennessee Waltz|guess_who - these eyes|UNSORTED - Gary Moore Still Got the Blues
F Gm Cm,→ F,3,5,7,Billy Joel - The Longest Time|COUNTRY - cantbereallygone timmc|joel_billy - longest time|television_theme_songs - chip n dale rescue rangers|TV Themes - Chip n Dale Rescuerangers
C E G,→ C,3,5,7,Billy Joel - The Stranger|COUNTRY - wherelive|joel_billy - the stranger|r_kelly - i believe i can fly|stone_temple_pilots - big bang baby
A# Bdim F,→ A#,3,5,5,Bjork - oh so quiet|COUNTRY - shecall|Rollin STones - Start me up|rolling_stones - start me up|UNSORTED - ITS OH S
Fm Cm C#,→ Fm,3,5,21,Bob Seger - BobSeger Mainstreet|COUNTRY - crave kdlang|MatchBox 20 - 3 AM|UNSORTED - 3 AM|UNSORTED - K D Lang Constant craving
Fm C# G#,→ Fm,3,5,9,Bob Seger - BobSeger Mainstreet|Celine Dion - The Colour Of My Love|Cyndi Lauper - All Through the Night|kiss - rock hard|UNSORTED - frozen
F# D#m Fdim,→ F#,3,5,7,Bon Jovi - bed of roses|Collective Soul - precious declaration|collective_soul - precious declaration|Madonna - Madonna Secret|van_halen - human being
C# G# C,→ C#,3,5,5,Bon Jovi - one sweet day|boys_2_men - one sweet day|Boyz II Men - one sweet day|carey_mariah - one sweet day|Mariah Carey - one sweet day
G#m F# B,→ G#m,3,5,7,Brian McKnight - Back At One|cetera_peter - if you leave me now|Madonna - like a virgin|Peter Cetera - if you leave me now|Sarah McGlachlan - Angel
Dm A# A,→ Dm,3,5,15,brooks_garth - thunder rolls|COUNTRY - leroyanderson belleofball|COUNTRY - TheThunderRoles|doobie_brothers - long train running|Garth Brooks - thunder rolls
C D# F,→ C,3,5,10,BTO - Takin Care Of Business|COUNTRY - sayhello|COUNTRY - sureismonday|soundgarden - pretty noose|UNSORTED - compgame
Em G B,→ Em,3,5,5,Cake - frank sinatra|Duran Duran - chauffer|Duran Duran - DuranDuran TheChauffer|duran_duran - chauffer|stone_temple_pilots - daisy
D# G C,→ D#,3,5,8,carey_mariah - all i want for christmas|Mariah Carey - All I Want|Mariah Carey - all i want for christmas|rea_chris - two roads|television_theme_songs - star blazers
G#m A C#m,→ G#m,3,5,7,carey_mariah - always be my baby|Mariah Carey - always be my baby|Movie Themes - Eye Of The Tiger|Movie Themes - rocky|TV Themes - Digimon
C# D# Fm,→ C#,3,5,9,carey_mariah - forever|carey_mariah - prisoner|COUNTRY - angelsamongus alab|Mariah Carey - forever|Mariah Carey - prisoner
F# G D,→ F#,3,5,8,carey_mariah - miss you most at christmas time|Eagles - Eagles HotelCalifornia|Eagles - Eagles HotelCalifornia2|UNSORTED - HOTELCAL|UNSORTED - YESSIRIC
F G Dm,→ F,3,5,7,carey_mariah - never forget you|COUNTRY - 26cents|foo_fighters - i'll stick around|foo_fighters - i ll stick around|Mariah Carey - never forget you
Am Dm Em,→ Am,3,5,6,carey_mariah - sent from up above|Mariah Carey - sent from up above|pet_shop_boys - heart|UNSORTED - barbados|UNSORTED - SWEETDRE
F#m G D,→ F#m,3,5,8,carey_mariah - there's got to be a way|COUNTRY - amarillobymorning gs|Cranberries - ode to my family|Mariah Carey - there s got to be a way|nirvana - in his hands
A# G# Fm,→ A#,3,5,7,carey_mariah - till the end of time|erasure - oh lamour|Mariah Carey - till the end of time|Movie Themes - Footloose|super_tramp - bloody well right
F A# Am,→ F,3,5,5,carey_mariah - vision of love|Christian Music - oh lord you re beautiful|Mariah Carey - vision of love|meatloaf - bat out of hell|phish - horse
F D# Gm,→ F,3,5,8,CCR - Long As I Can See The Light|COUNTRY - DreamingWithMyEyesWideOpen|COUNTRY - dreaminwithmy eyeswideopen claywalker|dion_celine - power of the dream|u_s_songs - olympic theme 1996
Gm D# Dm,→ Gm,3,5,6,cetera_peter - next time i fall|grant_amy - next time i fall|keil_marty - reggae birthday death march|marley_bob - i shot the sheriff|Peter Cetera - next time i fall
B A D,→ B,3,5,5,"Christian Music - holy city|christian_music - holy city|Johnny Rivers - Rivers,Johnny Memphis1|Johnny Rivers - Rivers,Johnny MemphisTennessee|radiohead - planet telex"
C# G# D#m,→ C#,3,5,9,Christian Music - i am loved|christian_music - i am loved|jewel - near you always|Metallica - TurnPage Metallica|TV Themes - Love Boat
A D C#dim,→ A,3,5,7,Christian Music - i know whom i have believed|christian_music - i know whom i have believed|COUNTRY - dearhearts|COUNTRY - whenbluemoon2gold|television_theme_songs - masterpiece theater
A B Em,→ A,3,5,13,Christian Music - i surrender all|christian_music - i surrender all|Duran Duran - DuranDuran UnionOfTheSnake|rea_chris - fool if you think it s over|Sting - fragile
C# G# A#,→ C#,3,5,5,Christian Music - the longer i serve him|christian_music - the longer i serve him|television_theme_songs - 90210|TV Themes - 90210|U2 - mysterious ways
Am G Dm,→ Am,3,5,19,christian_music - from heaven above to earth i come|cure_the - apart|Marc Anthony - No Me Ames|nine_inch_nails - suck|roxette - fading like a flower
D G F#dim,→ D,3,5,8,Christmas - oh come all ye faithful|COREL COLLECTION - INTL 11|COUNTRY - delrio drive|COUNTRY - mytoottoot|disney_songs - arabian nights from aladdin
F# B G#,→ F#,3,5,5,Collective Soul - precious declaration|collective_soul - precious declaration|Duran Duran - a view to kill|Duran Duran - DuranDuran AViewToAKill|duran_duran - a view to kill
C# C#m F#,→ C#,3,5,7,Collective Soul - shine|collective_soul - shine|lennox_annie - it's all right|lennox_annie - it s all right|presidents_of_the_usa - peaches
C# A#m D#m,→ C#,3,5,6,collins_phil - against all odds|Genesis - throwing it all away|loeb_lisa - stay|Phil Collins - against all odds|UNSORTED - ALLODDS
A#m D#m C#,→ A#m,3,5,6,collins_phil - against all odds|COREL COLLECTION - JAZZ 08|Phil Collins - against all odds|UNSORTED - ALLODDS|UNSORTED - MUSTLOVE
B A#m C#,→ B,3,5,7,collins_phil - easy lover|Genesis - easy lover|Genesis - heathaze|guns_%26_roses - sweet child o mine|Phil Collins - easy lover
Cm G# G,→ Cm,3,5,9,collins_phil - something happened on the way to heaven|Coolio - gangsta's paradise|Coolio - gangsta s paradise|COREL COLLECTION - CLAS 17|COREL COLLECTION - NEWA 11
Am Dm Gm,→ Am,3,5,19,collins_phil - the west side|cure_the - lament|Phil Collins - the west side|UNSORTED - CARELESS|UNSORTED - sendang
G# Fm Cm,→ G#,3,5,5,Coolio - gangsta's paradise|Coolio - gangsta s paradise|COREL COLLECTION - NEWA 09A|Cyndi Lauper - All Through the Night|UNSORTED - lemis
C Bdim F,→ C,3,5,6,COREL COLLECTION - INTL 02A|COUNTRY - drivemewild sawyerbrown|UNSORTED - edwinmccain illbe|ventures_the - walk don't run|ventures_the - walk don t run
C# D# A#m,→ C#,3,5,6,COREL COLLECTION - LITE 03|television_theme_songs - peanuts|TV Themes - Charlie Brown|UNSORTED - FF7BATT|UNSORTED - LETSDANC
G A E,→ G,3,5,6,COREL COLLECTION - MOOD 08|COUNTRY - midnightspecial|lennox_annie - would i lie to you|police - de do do do de da da da|Sarah McGlachlan - Building A Mystery
G C#dim A,→ G,3,5,5,COREL COLLECTION - NEWA 01|COUNTRY - driftofftodream tritt|COUNTRY - theresyour trouble dixchk|Dixie Chicks - Theres Your Trouble|television_theme_songs - red dwarf
E G#dim A,→ E,3,5,6,COREL COLLECTION - SPRT 10|COUNTRY - allyoueverdoisbringmedown|UNSORTED - myhome|van_halen - ice cream man|wonder_stevie - i've had the time of my life
Dm Em Am,→ Dm,3,5,6,COREL COLLECTION - TECH 08|COUNTRY - a bad goodbye|pet_shop_boys - heart|pink_floyd - hey you|UNSORTED - HEY YOU
Dm Gm F,→ Dm,3,5,8,COUNTRY - 500miles|Def Leppard - Love Bites|def_leppard - love bites|UNSORTED - emmanuel|UNSORTED - LOVEBITE
A Em Am,→ A,3,5,5,COUNTRY - achybrky|Movie Themes - James Bond|Movie Themes - theme from james bond|Movie Themes - theme to james bond|UNSORTED - JAMESORI
Gm Cm C,→ Gm,3,5,5,COUNTRY - AGDTTSCU|COUNTRY - aintgoingdown|COUNTRY - aintgoingdowntillthesuncomesup|COUNTRY - ISwear|COUNTRY - jackson jcash
D# C# F#,→ D#,3,5,5,COUNTRY - aintshe|jackson_michael - stranger in moscow|Movie Themes - Young Guns|ugly_kid_joe - cats in the cradle|UNSORTED - cats in the cradle
F A A#,→ F,3,5,6,COUNTRY - aintthatlonelyyet|COUNTRY - aintthatlonelyyet tobykeith|COUNTRY - udecoratedmylife krogers|Movie Themes - gone with the wind|television_theme_songs - laverne and shirley
A# F G,→ A#,3,5,8,COUNTRY - amazed lonestar|Culture Club - Church of the Poison Mind|rea_chris - two roads|rush - the weapon|UNSORTED - Heart Magic Man
D# A#m G#,→ D#,3,5,5,COUNTRY - americanmade|COUNTRY - backnbabyarm|COUNTRY - coalminersdaughter|COUNTRY - immovingon hanksnow|Olivia Newton John - Let Me Be There
C# Fm F#,→ C#,3,5,10,COUNTRY - beautifulbody|COUNTRY - speclangel|dion_celine - because you loved me|Jo Dee Messina - becauseyoulovedme|live - all over you
F# G# D#m,→ F#,3,5,8,"COUNTRY - biglove tbyrd|COUNTRY - Rimes,LeAnn OneWayTicket|earth_wind_fire - after the love has gone|kiss - strutter|UNSORTED - AFTERTHE"
C Edim F,→ C,3,5,5,COUNTRY - born2bblu|COUNTRY - born2beblue|COUNTRY - ubelong2myheart|Huey Lewis - Heart of Rock and Roll|Pat Benatar - Love Is A Battlefield
E C G,→ E,3,5,7,COUNTRY - born2luvu mcollie|COUNTRY - Borntoloveyou|Movie Themes - Axels Theme|Movie Themes - beverly hills cop theme|UNSORTED - ANCHOR
C G E,→ C,3,5,9,COUNTRY - born2luvu mcollie|COUNTRY - Borntoloveyou|Movie Themes - Axels Theme|Movie Themes - beverly hills cop theme|UNSORTED - gradua
C G A#,→ C,3,5,6,COUNTRY - boysnme sawyer|COUNTRY - dourememberthese|COUNTRY - fancy reba|Garth Brooks - ain t goin down|Mozart - reqb
F A# G,→ F,3,5,5,COUNTRY - chillofanearlyfall gs|Queen - killer queen|Sting - seven days|UNSORTED - getajob|Billy Joel - BillyJoel PreludeAngry
Gm Am Dm,→ Gm,3,5,18,COUNTRY - devilga|Duran Duran - victim of love|Eagles - Victim of Love|rea_chris - auf immer und ewig|UNSORTED - CARELESS
Bm C Am,→ Bm,3,5,5,COUNTRY - Don't Take The Girl|COUNTRY - donttake|COUNTRY - timmcgraw donttakethegirl|jackson_michael - bad|kenny_g - songbird
D#m C# G#,→ D#m,3,5,7,COUNTRY - enginenumber9|jewel - near you always|Metallica - TurnPage Metallica|TV Themes - Love Boat|UNSORTED - video
G A Am,→ G,3,5,5,COUNTRY - feelings|Enigma - sadness|joel_billy - stiletto|van_halen - when it's love|van_halen - when it s love
Bm D B,→ Bm,3,5,5,COUNTRY - fromdist|midler_bette - beaches|midler_bette - from a distance|prince - u got the look|roxette - do you wanna go the whole way
A# G# Gm,→ A#,3,5,6,COUNTRY - ido paulbrandt|COUNTRY - THE CHANGE|four_seasons - walk like a man|Movie Themes - Phantom Of The Opera|UNSORTED - KC & The Sunshine Band Please don't go
Em Bm A,→ Em,3,5,9,COUNTRY - Indian Outlaw (Vern)|cure_the - kyoto song|Duran Duran - Wild Boys|Sting - straight to my heart|UNSORTED - NORWGS
A Em B,→ A,3,5,7,COUNTRY - Indian Outlaw (Vern)|COUNTRY - whenyoubelieve mariah whitney|Creed - one Creed|Creed - One|UNSORTED - ILOVEROC
Bm Em G,→ Bm,3,5,6,COUNTRY - itsyourlove|Genesis - fountain of salamcis|Genesis - No Son of Mine|Metallica - one|UNSORTED - WOULDILI
E Em D,→ E,3,5,6,COUNTRY - lovemetender|Genesis - blood on the rooftops|kiss - spit|stone_temple_pilots - daisy|UNSORTED - Gary Moore Still Got the Blues
A# C Cm,→ A#,3,5,5,COUNTRY - sendmethepillow|COUNTRY - whymelrd|Genesis - Abacab|Movie Themes - Bridge Over The River Kwai|wonder_stevie - master blaster
Cm D# A#,→ Cm,3,5,14,COUNTRY - therose|cure_the - let's go to bed|cure_the - let s go to bed|Metallica - cure|Ricky Martin - Livin La Vida Loca
Bm G C,→ Bm,3,5,8,COUNTRY - yardsale2|hole - doll parts|joel_billy - river of dreams|Movie Themes - Axels Theme|Movie Themes - beverly hills cop theme
D# Gm Cm,→ D#,3,5,6,crash_test_dummies - mmm mmm mmm mmm|Genesis - hold on my heart|police - get here|UNSORTED - im so excited|ZZ Top - Sharp Dressed Man
E F# G#,→ E,3,5,5,crow_sheryl - all i wanna do|joel_billy - famous last words|Queen - innuendo|Rod Stewart - Tonights the Night|Sheryl Crow - All I Wanna Do
Gm A# Dm,→ Gm,3,5,7,Depech Mode - black celebration|Depech Mode - stripped|depeche_mode - black celebration|depeche_mode - stripped|UNSORTED - CARELESS
A# D# Adim,→ A#,3,5,6,"Disney - Circle Of Life|Enigma - return to innocence|john_elton - circle of life|Movie Themes - Bridge Over The River Kwai|Phil Collins - Collins, Phil The one"
Gm C Am,→ Gm,3,5,7,earth_wind_fire - boogie wonderland|Rollin STones - Under my Thumb|toto - i won t hold back|UNSORTED - BOOGIEWO|UNSORTED - sendang
C Bm Am,→ C,3,5,5,fleetwood_mac - the chain|prince - dolphin|Queen - who wants to live forever|Rollin STones - Wild Horses|weather_report - phantasm
C Dm Am,→ C,3,5,7,Foreigner - Double Vision|Foreigner - Foreigner Double vision|nirvana - scentless apprentice|Tori Amos - corn flake girl|UNSORTED - DoubleVision
Gm D# D,→ Gm,3,5,5,gabriele_peter - starless|Movie Themes - Fame|smith_will - men in black|television_theme_songs - fame|usher - my way
Fm G# Cm,→ Fm,3,5,12,gabriele_peter - that voice again|gabriele_peter - voice|Pat Benatar - Heartbreaker|Rod Stewart - Young Turks|rolling_stones - jumping jack flash
G#m E F#m,→ G#m,3,5,7,gaye_marvin - what's going on|gaye_marvin - what s going on|toto - africa|UNSORTED - AFRICA|UNSORTED - Toto Africa
Fm D# C#,→ Fm,3,5,20,gravity_kills - hold|houston_whitney - all the man|sailor_moon - scatman|UNSORTED - frozen|UNSORTED - SCATMAN
A#m F# G#,→ A#m,3,5,6,houston_whitney - i wanna dance with somebody|Movie Themes - Superman|styx - don't let it end|styx - don t let it end|yes - almost like love
D F#dim C,→ D,3,5,5,lennox_annie - don't ask me why|lennox_annie - don t ask me why|Peter Schilling - MAJORTOM|Peter Schilling - majortom2|Peter Schilling - major tom
A G Am,→ A,3,5,7,live - rattlesnake|silverchair - tomorrow|UNSORTED - wild thg|u_s_songs - star spangled banner|wonder_stevie - my cherie amor
A G F#m,→ A,3,5,11,Madonna - cherish|prince - i would die 4 u|TV Themes - Friends|UNSORTED - addicted|UNSORTED - WATER
C A# Am,→ C,3,5,5,Madonna - oh father|Madonna - true colors|Movie Themes - Star Trek First Contact|UNSORTED - BATOUT|u_s_songs - coast guard march
D# D Gm,→ D#,3,5,7,Movie Themes - Fame|smith_will - men in black|television_theme_songs - fame|television_theme_songs - northern exposure|usher - my way
Em Am A,→ Em,3,5,9,Movie Themes - James Bond|Movie Themes - theme from james bond|Movie Themes - theme to james bond|Sting - fragile|UNSORTED - JAMESORI
Dm Am C,→ Dm,3,5,6,nirvana - scentless apprentice|Righteoud Brothers - RighteousBrothers UnchainedMelody7|rolling_stones - angie|Tori Amos - corn flake girl|UNSORTED - UNCHAIND
Am Em E,→ Am,3,5,6,offspring - amazed|pearl_jam - yellow leadbetter|UNSORTED - SWEETDRE|White Zombie - Black Sunshine|white_zombie - black sunshine
F# G# E,→ F#,3,5,5,Rod Stewart - Tonights the Night|SEAL - kiss from a rose|SEAL - Seal KissFromARose|Sheryl Crow - All I Wanna Do|UNSORTED - KISSFROM
Bb Eb,→ Bb,2,5,24,Barry Manilow - Mandy|Billy Joel - Honesty|Carpenters - Goodbye To Love|Elton John - Can You Feel The Love Tonight|Lukas Graham - 7 Years
Ab Eb,→ Ab,2,5,13,Crowded House - Don't Dream It's Over|Ed Sheeran - Perfect|Elton John - Your Song|Enya - Only Time|Queen - We Are The Champions
Fm Dm,→ Fm,2,5,10,2 Unlimited - twilight zone|2_unlimited - twilight zone|Beat - whatitslike|everlast - what it s like|tool - intolerance
Dm Fm,→ Dm,2,5,15,2 Unlimited - twilight zone|2_unlimited - twilight zone|Beat - whatitslike|everlast - what it s like|tool - intolerance
D G#dim,→ D,2,5,8,ABBA - thank you for the music|Genesis - blood on the rooftops|led_zepplin - kashmire|Movie Themes - Ghostbusters|Movie Themes - ghost busters
A#m F,→ A#m,2,5,19,ABBA - voulez vous|disney_songs - prince ali from aladdin|Kenney Rogers - Through the Years|UNSORTED - TIFA STH|UNSORTED - YOU MAKE
F# Cm,→ F#,2,5,9,abdul_paula - vibology|Movie Themes - Young Guns|Paula Abdul - vibology|ugly_kid_joe - cats in the cradle|UNSORTED - cats in the cradle
Cdim F#,→ Cdim,2,5,21,abdul_paula - vibology|Bon Jovi - boys are back|emerson_lake_and_palmer - tarkus|Genesis - Entangled|Paula Abdul - vibology
G# F#m,→ G#,2,5,15,Ace Of Base - happy nation|ace_of_base - happy nation|Britney Spears - oopsididitagain|Movie Themes - Edward Scissorhands|Movie Themes - West Side Story
Em D#dim,→ Em,2,5,8,Ace Of Base - the sign|ace_of_base - the sign|COREL COLLECTION - CLAS 15|Enigma - meaculpa|Movie Themes - Star Wars Duel Of The Fates
Em Gm,→ Em,2,5,15,Alice In Chains - nutshell|alice_in_chains - nutshell|jackson_michael - earth song|UNSORTED - EARTHSON|van_halen - aftershock
C# F,→ C#,2,5,10,BabyFace - babyface everytime|Metallica - jump in the fire|Movie Themes - Goldfinger|television_theme_songs - get smart|TV Themes - Get Smart
C G#dim,→ C,2,5,5,Beat - butterfly|carey_mariah - butterfly|Carpenters - yesterday once more|carpenters_the - yesterday once more|Mariah Carey - butterfly
A#m A#,→ A#m,2,5,6,Beat - puthands|Christmas - chestnuts roasting on an open fire|Genesis - lilywhite lilith|jackson_michael - history|Pointer Sisters - Fire
D Cm,→ D,2,5,8,Beatles - eleanor rigby|john_elton - sorry seems to be|Madonna - Madonna ThisUsedToBeMyPlayground|Mozart - req8|police - roxanne
C F#,→ C,2,5,15,Beatles - sexy sadie|COUNTRY - fromdist|Genesis - watcher of the skies|midler_bette - beaches|midler_bette - from a distance
F# Fdim,→ F#,2,5,13,bolton_michael - when a man loves a woman|Collective Soul - precious declaration|collective_soul - precious declaration|Michael Bolton - when a man loves a woman|nirvana - all apologies
Cdim C,→ Cdim,2,5,9,Bon Jovi - boys are back|COUNTRY - ubelong2myheart|Duran Duran - chauffer|Duran Duran - DuranDuran TheChauffer|duran_duran - chauffer
F B,→ F,2,5,5,carey_mariah - can't let go|Disney - The Sorcerer|Mariah Carey - can t let go|UNSORTED - 2times|UNSORTED - COMPLOVE
A Bdim,→ A,2,5,7,CCR - born on the bayou|cocker_joe - summer in the city|Joe Cocker - summer in the city|radiohead - airbag|television_theme_songs - gadget
Bdim Em,→ Bdim,2,5,7,Celine Dion - Its All Coming Back To Me|dion_celine - it's all coming back to me now|gravity_kills - enough|Metallica - of wolf and man|pink_floyd - the trial
Gm A,→ Gm,2,5,8,Christian Music - the lord s prayer|christian_music - the lord's prayer|rush - broon's bane|rush - broon s bane|UNSORTED - CALLME
A Gm,→ A,2,5,6,Christian Music - the lord s prayer|christian_music - the lord's prayer|COUNTRY - week2|Mozart - req2|UNSORTED - CALLME
A Edim,→ A,2,5,6,Christian Music - the lord s prayer|christian_music - the lord's prayer|korn - clown|Mozart - req4|TV Themes - Johnny Quest
Fdim F#,→ Fdim,2,5,12,Collective Soul - precious declaration|collective_soul - precious declaration|MatchBox 20 - Push|nirvana - all apologies|soundgarden - hunted down
F#dim D,→ F#dim,2,5,13,COREL COLLECTION - CLAS 16|COUNTRY - delrio drive|rolling_stones - can't be seen|rolling_stones - can t be seen|UNSORTED - MAGICALS
B A#,→ B,2,5,7,COREL COLLECTION - INTL 13|COUNTRY - freighttrain rustydraper|Movie Themes - Top Gun|Movie Themes - top gun theme|Sting - second marriage
Dm Bdim,→ Dm,2,5,9,COREL COLLECTION - LITE 09|COUNTRY - angelbaby|pearl_jam - go|smashing_pumpkins - rocket|soundgarden - gun
C A#m,→ C,2,5,9,COREL COLLECTION - LITE 12|COUNTRY - thatoldfeel|korn - kill you|Queen - one vision|radiohead - no alarm no suprises
Ddim A#,→ Ddim,2,5,12,COREL COLLECTION - SEA 04|Movie Themes - Naked Gun|Movie Themes - naked gun theme|UNSORTED - EndOfTheRoad|UNSORTED - smoke
Bdim Dm,→ Bdim,2,5,8,COUNTRY - angelbaby|Movie Themes - Doctor Doolittle|pearl_jam - go|smashing_pumpkins - rocket|soundgarden - gun
G# Ddim,→ G#,2,5,6,COUNTRY - ido paulbrandt|nirvana - if you must|richie_lionel - sweetest love|toto - i won t hold back|UNSORTED - COULDITB
C#m C,→ C#m,2,5,7,Depech Mode - enjoy the silence|depeche_mode - enjoy the silence|Disney - Duck Tales|Rollin STones - Gimme Shelter|rolling_stones - gimme shelter
G#m C#m,→ G#m,2,5,10,Destiny's Child - Bugaboo|gabriele_peter - walk through the fire|michael_george - jesus to a child|roxette - crash boom bang|smashing_pumpkins - love
C#dim Em,→ C#dim,2,5,15,Duran Duran - DuranDuran Relax|kiss - spit|soundgarden - loud love|Tori Amos - humpty dumpty|UNSORTED - RELAX 93
A Gdim,→ A,2,5,7,earth_wind_fire - shining star|Emerson Lake and Palmer - dance of mars|emerson_lake_and_palmer - dance of mars|television_theme_songs - simpsons|TV Themes - Simpsons
G C#,→ G,2,5,5,Emerson Lake and Palmer - benny the bouncer|emerson_lake_and_palmer - benny the bouncer|emerson_lake_and_palmer - karn evil 9 1st impression|korn - no place to hide|Movie Themes - West Side Story
Cm B,→ Cm,2,5,5,Emerson Lake and Palmer - dance of mars|emerson_lake_and_palmer - dance of mars|Movie Themes - Ace Ventura Pet Detective|Movie Themes - Mission Impossible|television_theme_songs - mission impossible
Fm E,→ Fm,2,5,5,emerson_lake_and_palmer - tarkus|foo_fighters - watershed|television_theme_songs - scooby doo|TV Themes - Scooby Doo|UNSORTED - SMELLS L
Adim A#,→ Adim,2,5,8,Enigma - return to innocence|fleetwood_mac - landslide|guns_%26_roses - get in the ring|morisette_alanis - all i really want|nicks_stevie - landslide
A# Em,→ A#,2,5,7,Metallica - eye of the beholder|Metallica - of wolf and man|Metallica - wherever i may roam|White Zombie - Black Sunshine|white_zombie - black sunshine
D#m D#dim,→ D#m,2,5,6,midnight_oil - beds are burning|midnight_oil - beds burning|Movie Themes - The Saint|UNSORTED - Beds are Burning|UNSORTED - midnight