loop,loop_back,length,song_count,total_occurrences,walk_constraints,example_chord_instance,example_songs
dom7 fifth,→ fifth (closes),2,3514,23699,fifth|dom7,F Bb F,nirvana - come as you are|Radiohead - Karma Police|Red Hot Chili Peppers - Californication|police - every breath you take|a-ha - Take On Me|Amy Winehouse - Back To Black|ABBA - dancing queen|Radiohead - Let Down
diatonic diatonic,→ diatonic (closes),2,2972,15454,diatonic,A G A,Nirvana - Come As You Are|radiohead - karma police|Radiohead - Karma Police|Red Hot Chili Peppers - Californication|police - every breath you take|The Police - Every Breath You Take|a-ha - take on me|a-ha - Take On Me
diatonic dom7 dom7,→ dom7 (closes),3,1528,5992,diatonic|dom7,A B E A,Radiohead - Karma Police|The Police - Every Breath You Take|weezer - buddy holly|Lana Del Rey - Young And Beautiful|Mac Demarco - Chamber of Reflection|sublime - santeria|Billy Joel - Uptown Girl|Cyndi Lauper - Girls Just Want to Have Fun
relative relative,→ relative (closes),2,1409,5295,relative,C#m E C#m,Radiohead - Karma Police|Red Hot Chili Peppers - Californication|The Police - Every Breath You Take|Oasis - Wonderwall|Coldplay - Sparks|Cranberries - Zombie|radiohead - fake plastic trees|soundgarden - black hole sun
dom7 fifth dom7 fifth,→ fifth (closes),4,1365,7891,fifth|dom7,A D A D A,Radiohead - Karma Police|ABBA - dancing queen|R.E.M. - Losing My Religion|Cigarettes After Sex - Apocalypse|nirvana - all apologies|nirvana - rape me|Boston - more than a feeling|radiohead - subterranean homesick alien
diatonic diatonic diatonic diatonic,→ diatonic (closes),4,1101,6369,diatonic,Em D Em D Em,Nirvana - Come As You Are|police - every breath you take|The Police - Every Breath You Take|Tears For Fears - Everybody Wants To Rule The World|radiohead - high and dry|R.E.M. - Losing My Religion|The Cure - Friday I'm In Love|toto - africa
diatonic fifth fifth,→ fifth (closes),3,896,3831,fifth|diatonic,A G D A,Red Hot Chili Peppers - Californication|a-ha - Take On Me|Tears For Fears - Everybody Wants To Rule The World|The Cure - Friday I'm In Love|Pink Floyd - Wish You Were Here|Queen - bohemian rhapsody|Queen - Queen Bohemian Rhapsody|CCR - Fortunate Son
diatonic diatonic dom7 fifth,→ fifth (closes),4,779,2277,fifth|diatonic|dom7,G F G C G,a-ha - Take On Me|ABBA - dancing queen|Pink Floyd - Wish You Were Here|Boston - more than a feeling|Cyndi Lauper - Girls Just Want to Have Fun|Billy Joel - Piano Man|Oasis - Don't Look Back In Anger|Van Morrison - Brown Eyed Girl
dom7 dom7 fifth fifth,→ fifth (closes),4,757,3464,fifth|dom7,A D G D A,ABBA - dancing queen|The Cure - Friday I'm In Love|Boston - more than a feeling|Cyndi Lauper - Girls Just Want to Have Fun|Billy Joel - Piano Man|Wheatus - Teenage Dirtbag|Cyndi Lauper - Time after Time|Van Morrison - Brown Eyed Girl
diatonic diatonic fifth dom7,→ dom7 (closes),4,687,1877,fifth|diatonic|dom7,C Dm C G7 C,radiohead - high and dry|Cranberries - Linger|R.E.M. - Losing My Religion|Billy Joel - Piano Man|oasis - don't look back in anger|Cyndi Lauper - Time after Time|Elton John - Your Song|prince - purple rain
diatonic dom7 relative,→ relative (closes),3,630,1678,diatonic|relative|dom7,Cm Bb7 Eb Cm,radiohead - karma police|police - every breath you take|ABBA - dancing queen|radiohead - fake plastic trees|REM - Losing My Religion|nirvana - dumb|Pink Floyd - Wish You Were Here|ac_dc - highway to hell
borrowed borrowed,→ borrowed (closes),2,571,1829,borrowed,G Bb G,Nirvana - Come As You Are|Red Hot Chili Peppers - Californication|ABBA - dancing queen|nirvana - heart shaped box|weezer - buddy holly|nirvana - dumb|nirvana - in bloom|nirvana - rape me
parallel parallel,→ parallel (closes),2,432,1225,parallel,Bsus2 Bm Bsus2,nirvana - lithium|nirvana - dumb|weezer - say it ain't so|Rollin STones - Gimme Shelter|SmashMouth - All Star|nirvana - territorial pissings|Beatles - come together|aerosmith - crazy
diatonic relative fifth,→ fifth (closes),3,430,1240,fifth|diatonic|relative,D Em G D,Red Hot Chili Peppers - Californication|radiohead - high and dry|Queen - bohemian rhapsody|Queen - Queen Bohemian Rhapsody|AC DC - back in black|ac_dc - back in black|Depech Mode - enjoy the silence|daft_punk - around the world
diatonic dom7 dom7 fifth dom7,→ dom7 (closes),5,413,1226,fifth|diatonic|dom7,Bb C F Bb F Bb,Cyndi Lauper - Time after Time|Phoebe Bridgers - Motion Sickness|Beatles - let it be|Bob Dylan - Blowin' in the Wind|Beatles - yellow submarine|ABBA - Waterloo|Goo Goo Dolls - Iris|nirvana - sliver
diatonic diatonic relative relative,→ relative (closes),4,371,941,diatonic|relative,B C#m B G#m B,radiohead - karma police|Radiohead - Karma Police|ABBA - dancing queen|toto - africa|Depech Mode - enjoy the silence|SmashMouth - All Star|police - message in a bottle|Glass Animals - Heat Waves
diatonic diatonic diatonic dom7 dom7,→ dom7 (closes),5,340,861,diatonic|dom7,Bb C Bb C F Bb,sublime - santeria|Cyndi Lauper - Girls Just Want to Have Fun|The Walters - I Love You So|Louis Armstrong - What A Wonderful World|prince - purple rain|nirvana - sliver|Lukas Graham - 7 Years|U2 - Sunday Bloody Sunday
relative relative relative relative,→ relative (closes),4,330,1688,relative,C#m E C#m E C#m,Coldplay - Sparks|weezer - buddy holly|nirvana - dumb|nirvana - in bloom|toto - africa|Black Sabbath - paranoid|black_sabbath - paranoid|Cyndi Lauper - Girls Just Want to Have Fun
diatonic relative dom7,→ dom7 (closes),3,326,796,diatonic|relative|dom7,C Bb Gm7 C,radiohead - karma police|REM - Losing My Religion|Cigarettes After Sex - Apocalypse|Boston - more than a feeling|nirvana - polly|Olivia Rodrigo - Drivers License|nirvana - territorial pissings|nirvana - pennyroyal tea
diatonic diatonic relative,→ relative (closes),3,325,955,diatonic|relative,F Em Dm F,Tears For Fears - Everybody Wants To Rule The World|toto - africa|Mac Demarco - Chamber of Reflection|radiohead - subterranean homesick alien|Rollin STones - Gimme Shelter|Metallica - one|Europe - The Final Countdown|kansas - dust in the wind
diatonic dom7 fifth dom7 dom7,→ dom7 (closes),5,299,893,fifth|diatonic|dom7,G A D A D G,weezer - buddy holly|Cranberries - dreams|CCR - Have You Ever Seen The Rain|Creedence Clearwater Revival - Have You Ever Seen The Rain|Wheatus - Teenage Dirtbag|Van Morrison - Brown Eyed Girl|Europe - The Final Countdown|ABBA - Waterloo
borrowed dom7,→ dom7 (closes),2,295,1276,borrowed|dom7,Dm A Dm,Radiohead - No Surprises|nirvana - lithium|nirvana - in bloom|TLC - No Scrubs|AC DC - thunderstruck|Metallica - master of puppets|Elvis Presley - Can't Help Falling In Love|nirvana - the man who sold the world
diatonic fifth dom7 fifth fifth,→ fifth (closes),5,267,818,fifth|diatonic|dom7,B A E A E B,Boston - more than a feeling|Billy Joel - Piano Man|Olivia Rodrigo - Drivers License|oasis - don't look back in anger|CCR - Bad Moon Rising|Bob Marley & The Wailers - Three Little Birds (A)|Bob Marley & The Wailers - Three Little Birds (D)|The Velvet Underground - Sunday Morning
dom7 dom7 dom7 relative,→ relative (closes),4,264,1008,relative|dom7,Em7 Am D7 G Em7,a-ha - take on me|Queen - bohemian rhapsody|Queen - Queen Bohemian Rhapsody|Cigarettes After Sex - Apocalypse|Lana Del Rey - Young And Beautiful|The Strokes - The Adults Are Talking|Joji - Glimpse of Us|Mitski - Nobody
diatonic fifth fifth dom7 fifth,→ fifth (closes),5,237,606,fifth|diatonic|dom7,E D A E A E,SmashMouth - All Star|Taylor Swift - Lover|The Beatles - Hey Jude|The La's - There She Goes|The Velvet Underground - Sunday Morning|Queen - under pressure|Eric Clapton - wonderful tonight|Chumba Wumba - Tubthumping
dom7 relative relative fifth,→ fifth (closes),4,231,521,fifth|relative|dom7,G7 C Am C G7,Depech Mode - enjoy the silence|U2 - One|Madonna - like a virgin|Bryan Adams - heaven|pantera - cemetary gates|CCR - Lookin Out My Back Door|MatchBox 20 - Push|roxette - listen to your heart
dom7 fifth relative relative,→ relative (closes),4,230,641,fifth|relative|dom7,C7 F C Am C7,Radiohead - Karma Police|ABBA - dancing queen|Black Sabbath - paranoid|black_sabbath - paranoid|Cyndi Lauper - Girls Just Want to Have Fun|Billy Joel - Piano Man|Rollin STones - Gimme Shelter|SmashMouth - All Star
diatonic dom7 diatonic fifth,→ fifth (closes),4,205,447,fifth|diatonic|dom7,D E A G D,radiohead - karma police|R.E.M. - Losing My Religion|Glass Animals - Heat Waves|Rollin STones - Sympathy for the Devil|ABBA - Waterloo|sublime - wrong way|Beatles - while my guitar gently weeps|U2 - Sunday Bloody Sunday
diatonic diatonic diatonic fifth fifth,→ fifth (closes),5,198,474,fifth|diatonic,Em7 F Em Dm Am Em7,Tears For Fears - Everybody Wants To Rule The World|Billy Joel - Piano Man|SmashMouth - All Star|Taylor Swift - Lover|Rollin STones - Sympathy for the Devil|Queen - under pressure|prince - kiss|Bryan Adams - heaven
borrowed dom7 diatonic,→ diatonic (closes),3,172,345,diatonic|borrowed|dom7,C A D C,The Police - Every Breath You Take|nirvana - the man who sold the world|Europe - The Final Countdown|Bee Bees - how deep is your love|beegees - how deep is your love|Beatles - something|CCR - Proud Mary|Bon Jovi - Wanted Dead Or Alive
leadingTone leadingTone,→ leadingTone (closes),2,163,493,leadingTone,F Edim F,nirvana - all apologies|Boston - more than a feeling|nirvana - lounge act|ABBA - fernando|BareNaked Ladies - One Week|MatchBox 20 - Push|Billy Joel - Just the Way You Are|Madonna - papa don't preach
diatonic dom7 dom7 dom7 fifth,→ fifth (closes),5,159,487,fifth|diatonic|dom7,C D7 G C Fmaj7 C,a-ha - Take On Me|Billy Joel - Piano Man|Joji - Glimpse of Us|Taylor Swift - Lover|Bob Dylan - Mr. Tambourine Man|Beach Boys - kokomo|beach_boys - kokomo|The Beatles - All My Loving
borrowed fifth diatonic,→ diatonic (closes),3,151,402,fifth|diatonic|borrowed,C Eb Bb C,police - every breath you take|Radiohead - Let Down|Lana Del Rey - Young And Beautiful|Pink Floyd - Comfortably Numb|The Beatles - Yesterday|Lynyrd Skynyrd - Simple Man|Beatles - something|sublime - wrong way
diatonic diatonic parallel,→ parallel (closes),3,150,320,diatonic|parallel,A#m G# A# A#m,toto - africa|kansas - dust in the wind|Rollin STones - Sympathy for the Devil|SEAL - kiss from a rose|REM - Shiny Happy People|Beatles - can't buy me love|Asia - heat of the moment|silverchair - tomorrow
diatonic diatonic diatonic dom7 relative,→ relative (closes),5,139,276,diatonic|relative|dom7,Gm Fmaj7 Gm Fmaj7 Bb Gm,radiohead - fake plastic trees|Cigarettes After Sex - Apocalypse|Aqua - barbie girl|Madonna - like a virgin|Beatles - i want to hold your hand|pantera - cemetary gates|Rollin STones - Satisfaction|Duran Duran - come undone
borrowed diatonic diatonic,→ diatonic (closes),3,138,351,diatonic|borrowed,D Bb C D,Red Hot Chili Peppers - Californication|Ben E. King - Stand By Me|Metallica - master of puppets|nirvana - pennyroyal tea|SEAL - kiss from a rose|Lynyrd Skynyrd - Simple Man|The Beatles - Something|rush - tom sawyer
borrowed diatonic dom7,→ dom7 (closes),3,138,324,diatonic|borrowed|dom7,A Fmaj7 Em A,Van Morrison - Brown Eyed Girl|Queen - killer queen|radiohead - planet telex|SEAL - kiss from a rose|The Beatles - Here Comes The Sun|David Bowie - Space Oddity|Beatles - blackbird|oasis - roll with it
borrowed borrowed diatonic diatonic,→ diatonic (closes),4,130,296,diatonic|borrowed,B G# B C# B,Red Hot Chili Peppers - Californication|Eric Clapton - cocaine|SEAL - kiss from a rose|Tears for Fears - Head Over Heels|The Beatles - Here Comes The Sun|Beatles - something|jamiroquai - virtual insanity|Alice In Chains - rooster
diatonic dom7 fifth dom7 relative,→ relative (closes),5,128,233,fifth|diatonic|relative|dom7,Cm Bb7 Eb Bb7 Eb Cm,ABBA - dancing queen|Boston - more than a feeling|Oasis - Don't Look Back In Anger|ABBA - chiquitita|The Righteous Brothers - Unchained Melody|MatchBox 20 - Push|Rollin STones - Satisfaction|Foreigner - I Want to Know What Love Is
dom7 relative fifth relative,→ relative (closes),4,120,331,fifth|relative|dom7,Cm Fm Ab Eb Cm,Cigarettes After Sex - Apocalypse|aerosmith - dream on|Beach House - Space Song|ABBA - waterloo|Beatles - lucy in the sky with diamonds|Queen - the show must go on|Noah Cyrus - July|nirvana - school
borrowed dom7 dom7 dom7,→ dom7 (closes),4,120,283,borrowed|dom7,A F# B E A,The Ronettes - Be My Baby|Louis Armstrong - what a wonderful world|Blondie - Heart Of Glass|Rollin STones - Start me up|Beatles - from me to you|Elton John - Daniel|Elton John - Can You Feel The Love Tonight|Sonny & Cher - I Got You Babe
diatonic dom7 diatonic relative,→ relative (closes),4,119,317,diatonic|relative|dom7,F G C Dm7 F,radiohead - karma police|Radiohead - Karma Police|a-ha - Take On Me|Lana Del Rey - Young And Beautiful|Johnny Cash - Hurt|Bob Dylan - Like a Rolling Stone|Europe - The Final Countdown|Bryan Adams - heaven
borrowed borrowed borrowed borrowed,→ borrowed (closes),4,119,531,borrowed,Asus4 Csus2 Asus4 Csus2 Asus4,Nirvana - Come As You Are|weezer - buddy holly|nirvana - dumb|Blur - song 2|Black Sabbath - ironman|Tears for Fears - Head Over Heels|Blur - girls and boys|The Cars - just what i needed
diatonic diatonic fifth relative,→ relative (closes),4,115,505,fifth|diatonic|relative,G#m F# E B G#m,radiohead - fake plastic trees|Depech Mode - enjoy the silence|Pink Floyd - Comfortably Numb|Glass Animals - Heat Waves|Mitski - Nobody|prince - purple rain|Tracy Chapman - Fast Car|Simon & Garfunkel - The Boxer
diatonic fifth relative,→ relative (closes),3,115,250,fifth|diatonic|relative,G Am Em7 G,nirvana - rape me|Dua Lipa - Don't Start Now|Metallica - one|Bon Jovi - it's my life|kansas - dust in the wind|Depech Mode - personal jesus|ABBA - waterloo|U2 - Sunday Bloody Sunday
diatonic diatonic dom7 diatonic dom7,→ dom7 (closes),5,112,225,diatonic|dom7,A G A D E A,Counting Crows - mr. jones|counting_crows - mr. jones|Rollin STones - Sympathy for the Devil|Beatles - yellow submarine|ABBA - Waterloo|Bob Dylan - Mr. Tambourine Man|ABBA - thank you for the music|styx - come sail away
diatonic diatonic diatonic diatonic relative,→ relative (closes),5,108,242,diatonic|relative,F Em Dm C Dm F,Radiohead - Karma Police|Tears For Fears - Everybody Wants To Rule The World|Bob Dylan - Like a Rolling Stone|kansas - dust in the wind|Queen - under pressure|Eric Clapton - wonderful tonight|Bruno Mars - Count On Me|prince - raspberry beret
diatonic relative fifth dom7 fifth,→ fifth (closes),5,105,227,fifth|diatonic|relative|dom7,Db Ebm7 Gb Db Gb Db,Eric Clapton - Tears in Heaven|CCR - Proud Mary|Commodores - Easy|oasis - morning glory|Bananorama - Venus|Blur - country house|King Princess - 1950|Sarah McGlachlan - Angel
dom7 fifth parallel,→ parallel (closes),3,103,180,fifth|parallel|dom7,Am7 D7 A7 Am7,Bryan Adams - heaven|Beatles - taxman|Collective Soul - shine|collective_soul - shine|Rollin STones - Miss You|Sting - fragile|ZZ Top - Tush|roxette - spending my time
diatonic diatonic relative dom7,→ dom7 (closes),4,92,300,diatonic|relative|dom7,C D Em G C,Lana Del Rey - Young And Beautiful|Glass Animals - Heat Waves|Billie Eilish - Ocean Eyes|ABBA - waterloo|Eric Clapton - tears in heaven|Lukas Graham - 7 Years|Noah Cyrus - July|The Rolling Stones - Angie
diatonic diatonic diatonic dom7,→ dom7 (closes),4,92,312,diatonic|dom7,F Em Dm C F,a-ha - take on me|police - roxanne|Bob Dylan - Like a Rolling Stone|kansas - dust in the wind|Sufjan Stevens - Fourth of July|Neil Diamond - Sweet Caroline|Bon Jovi - always|Carole King - It's Too Late
diatonic diatonic diatonic fifth,→ fifth (closes),4,91,323,fifth|diatonic,G Am Bm C G,Billy Joel - Uptown Girl|Wheatus - Teenage Dirtbag|ABBA - chiquitita|The Righteous Brothers - Unchained Melody|nirvana - scentless apprentice|Miley Cyrus - Midnight Sky|King Princess - 1950|Elton John - I Guess That's Why They Call It The Blues
borrowed diatonic fifth,→ fifth (closes),3,88,184,fifth|diatonic|borrowed,D F G D,Oasis - Wonderwall|Cranberries - Linger|radiohead - airbag|Tears for Fears - Head Over Heels|The Beatles - With A Little Help From My Friends|The Beatles - I Am The Walrus|Sam Cooke - Bring It On Home to Me|kiss - strutter
borrowed borrowed dom7 fifth,→ fifth (closes),4,86,203,fifth|borrowed|dom7,C E C F C,ABBA - dancing queen|Blur - song 2|Van Morrison - Brown Eyed Girl|The Turtles - Happy Together|John Lennon - Imagine|Rollin STones - Brown Sugar|Alice In Chains - rooster|alice_in_chains - rooster
parallel parallel parallel parallel,→ parallel (closes),4,83,354,parallel,B Bm B Bm B,nirvana - milk it|pantera - mouth for war|garbage - stupid girl|Metallica - harvester of sorrow|Bon Jovi - bad medicine|korn - clown|Metallica - whiplash|Beatles - being for the benefit of mr kite
borrowed borrowed dom7,→ dom7 (closes),3,81,169,borrowed|dom7,D F A D,Red Hot Chili Peppers - Californication|Weezer - Say It Ain't So|Beatles - come together|aerosmith - sweet emotion|Beatles - a day in the life|Beatles - happiness is a warm gun|Beatles - i saw her standing there|Queen - one vision
borrowed borrowed fifth dom7,→ dom7 (closes),4,80,171,fifth|borrowed|dom7,Bb G Bb F Bb,nirvana - rape me|Beatles - eleanor rigby|The Velvet Underground - Sunday Morning|Rollin STones - Brown Sugar|MatchBox 20 - Push|Beatles - eight days a week|Elton John - I Guess That's Why They Call It The Blues|The Beatles - Hey Bulldog
diatonic diatonic diatonic relative fifth,→ fifth (closes),5,79,224,fifth|diatonic|relative,A G A Bm D A,radiohead - high and dry|Dolly Parton - Jolene|Simon & Garfunkel - The Sound of Silence|U2 - Sunday Bloody Sunday|sublime - badfish|Ace Of Base - the sign|ace_of_base - the sign|Tori Amos - corn flake girl
diatonic diatonic parallel parallel,→ parallel (closes),4,79,158,diatonic|parallel,Bm A Bm B Bm,SmashMouth - All Star|aerosmith - crazy|pantera - mouth for war|Foreigner - I Want to Know What Love Is|tool - eulogy|oasis - don't go away|Metallica - to live is to die|jamiroquai - too young to die
diatonic diatonic diatonic relative dom7,→ dom7 (closes),5,75,158,diatonic|relative|dom7,Fm7 Gm Fm7 Eb Cm Fm7,nirvana - pennyroyal tea|nirvana - school|whitetown - your woman|weezer - in the garage|John Lennon - Woman|Ace Of Base - beautiful life|Tori Amos - crucify|Genesis - No Son of Mine
borrowed borrowed fifth,→ fifth (closes),3,74,167,fifth|borrowed,Bb G Eb Bb,Crowded House - Don't Dream It's Over|nirvana - the man who sold the world|nirvana - pennyroyal tea|The Velvet Underground - Sunday Morning|Eric Clapton - tears in heaven|Beatles - i am the walrus|TLC - Creep|Beatles - fixing a hole
borrowed dom7 borrowed dom7,→ dom7 (closes),4,69,472,borrowed|dom7,Dm A Dm A Dm,Radiohead - No Surprises|nirvana - in bloom|TLC - No Scrubs|Metallica - master of puppets|Elvis Presley - Can't Help Falling In Love|The Turtles - Happy Together|R.E.M. - Everybody Hurts|Rollin STones - Paint it Black
borrowed dom7 parallel,→ parallel (closes),3,66,179,borrowed|parallel|dom7,Bbm F Bb Bbm,radiohead - subterranean homesick alien|Beatles - eleanor rigby|radiohead - planet telex|Beatles - something|David Bowie - Space Oddity|extreme - more than words|Beach Boys - kokomo|beach_boys - kokomo
dom7 fifth parallel parallel,→ parallel (closes),4,65,131,fifth|parallel|dom7,A#m D#m A#m A# A#m,nirvana - territorial pissings|Beatles - come together|Creed - Higher|Beatles - paperback writer|Beatles - the end|Bon Jovi - bad medicine|Sting - fragile|Beatles - please please me
diatonic dom7 dom7 fifth relative,→ relative (closes),5,61,152,fifth|diatonic|relative|dom7,Cm Bb7 Eb Ab Eb Cm,ABBA - dancing queen|The Strokes - The Adults Are Talking|Olivia Rodrigo - Drivers License|John Denver - Take Me Home Country Roads|CCR - Wholl Stop The Rain|monkees - daydream believer|Buddy Holly - Everyday|Eagles - Desperado
diatonic dom7 relative relative relative,→ relative (closes),5,60,125,diatonic|relative|dom7,Em D G Em G Em,nirvana - dumb|Cyndi Lauper - Girls Just Want To Have Fun|The Strokes - The Adults Are Talking|Beatles - i want to hold your hand|pantera - cemetary gates|Bryan Adams - Run To You|Blur - charmless man|Depech Mode - shake the disease
diatonic fifth diatonic relative,→ relative (closes),4,58,131,fifth|diatonic|relative,Am7 G D C Am7,REM - Losing My Religion|Pink Floyd - Wish You Were Here|Queen - bohemian rhapsody|Queen - Queen Bohemian Rhapsody|Boston - more than a feeling|The La's - There She Goes|Joni Mitchell - River|Cat Stevens - Father And Son
diatonic diatonic fifth diatonic fifth,→ fifth (closes),5,57,133,fifth|diatonic,A G A E D7 A,Pink Floyd - Wish You Were Here|Queen - bohemian rhapsody|Queen - Queen Bohemian Rhapsody|Carly Simon - You're So Vain|Lady Gaga - Always Remember Us This Way|Tori Amos - corn flake girl|Metallica - jump in the fire|Bee Gees - To Love Somebody
borrowed fifth fifth fifth,→ fifth (closes),4,56,281,fifth|borrowed,F Ab Eb Bb F,Cranberries - Linger|Pink Floyd - Comfortably Numb|Billy Joel - Vienna|The Beatles - A Day In The Life|Queen - a kind of magic|oasis - shakermaker|Collective Soul - the world i know|collective_soul - the world i know
diatonic fifth dom7 relative dom7,→ dom7 (closes),5,52,101,fifth|diatonic|relative|dom7,C Bb F Bb Gm7 C,Bob Dylan - Mr. Tambourine Man|ABBA - does your mother know|radiohead - ripcord|prince - little red corvette|Def Leppard - Love Bites|Beatles - act naturaly|Eagles - Love Will Keep Us Alive|Billy Joel - Goodnight Saigon
diatonic dom7 dom7 relative relative,→ relative (closes),5,52,88,diatonic|relative|dom7,A B E Amaj7 F#m7 A,Beatles - i want to hold your hand|Meridith Brooks - bitch|weezer - the good life|Tori Amos - corn flake girl|Carpenters - Yesterday Once More|Bee Bees - massachusetts|beegees - massachusetts|Eagles - lyin' eyes
diatonic dom7 relative relative dom7,→ dom7 (closes),5,52,141,diatonic|relative|dom7,G A D Bm D G,Lana Del Rey - Young And Beautiful|U2 - One|Neil Young - Heart of Gold|The Beatles - I Will|styx - come sail away|Tears for Fears - Sowing the Seeds of Love|Chubby Checker - let s twist again|Queen - the miracle
borrowed parallel relative,→ relative (closes),3,51,98,relative|borrowed|parallel,E C# C#m E,Blondie - Heart Of Glass|Beatles - blackbird|pantera - mouth for war|Eric Clapton - i shot the sheriff|Beatles - the end|silverchair - tomorrow|Depech Mode - master and servant|Genesis - Land of Confusion
borrowed diatonic diatonic dom7,→ dom7 (closes),4,50,103,diatonic|borrowed|dom7,F Ab Bb Cm F,nirvana - lounge act|U2 - One|Queen - You're My Best Friend|Ashe - Moral of the Story|The Beatles - I Am The Walrus|The Beatles - Lady Madonna|weezer - the good life|live - selling the drama
borrowed relative parallel,→ parallel (closes),3,50,88,relative|borrowed|parallel,F# A F#m F#,nirvana - heart shaped box|nirvana - dumb|Lana Del Rey - Video Games|nirvana - territorial pissings|Metallica - my friend of misery|Alice In Chains - dam that river|alice_in_chains - dam that river|Beatles - being for the benefit of mr kite
borrowed diatonic diatonic diatonic diatonic,→ diatonic (closes),5,47,115,diatonic|borrowed,D Bb C Bb C D,Ben E. King - Stand By Me|SEAL - kiss from a rose|The Beatles - Something|The Beatles - A Day In The Life|Beatles - blackbird|Sheryl Crow - All I Wanna Do|Chris Stapleton - Tennessee Whiskey|Bush - glycerine
diatonic fifth dom7 dom7 relative,→ relative (closes),5,47,144,fifth|diatonic|relative|dom7,Dm7 C G C F Dm7,Madonna - like a virgin|Mariah Carey - hero|Sarah McGlachlan - Angel|live - selling the drama|Beatles - misery|Bee Bees - massachusetts|beegees - massachusetts|Elvis Presley - If I Can Dream
diatonic relative relative relative fifth,→ fifth (closes),5,44,98,fifth|diatonic|relative,B C#m E C#m E B,Depech Mode - enjoy the silence|U2 - One|Sting - shape of my heart|Counting Crows - round here|counting_crows - round here|Big Thief - Masterpiece|Billy Joel - Big Shot|Metallica - cure
diatonic parallel dom7 dom7,→ dom7 (closes),4,44,62,diatonic|parallel|dom7,F G Gm C F,Bryan Adams - heaven|Phil Collins - sussudio|police - bring on the night|Duran Duran - notorious|Beatles - i don't want to spoil the party|Genesis - sussudio|Beatles - do you wanna know a secret|Christmas - 12 days of christmas
borrowed fifth dom7 fifth diatonic,→ diatonic (closes),5,43,92,fifth|diatonic|borrowed|dom7,C Eb Bb Eb Bb C,police - every breath you take|Pink Floyd - Comfortably Numb|Beatles - eight days a week|U2 - mysterious ways|Queen - a kind of magic|Elvis Presley - Always On My Mind|Madonna - cherish|Barry Manilow - Mandy
diatonic diatonic relative diatonic dom7,→ dom7 (closes),5,43,83,diatonic|relative|dom7,Am G F Dm Em Am,Pink Floyd - Wish You Were Here|ac_dc - highway to hell|AC DC - highway to hell|The La's - There She Goes|prince - kiss|Bruno Mars - Count On Me|Beatles - and your bird can sing|Celine Dion - Its All Coming Back To Me
diatonic relative dom7 dom7,→ dom7 (closes),4,43,98,diatonic|relative|dom7,C Bm Dsus4 G C,Billy Joel - Piano Man|Eric Clapton - cocaine|Duran Duran - come undone|rush - limelight|prince - i would die 4 u|Bee Bees - too much heaven|beegees - too much heaven|Sarah McGlachlan - Adia
borrowed borrowed relative relative,→ relative (closes),4,42,83,relative|borrowed,D A# D Bm D,nirvana - dumb|toto - hold the line|nirvana - territorial pissings|CCR - Green River|MatchBox 20 - Push|nirvana - radio friendly unit shifter|Beatles - the end|Tears for Fears - Sowing the Seeds of Love
dom7 parallel fifth,→ fifth (closes),3,42,78,fifth|parallel|dom7,B Em E B,AC DC - thunderstruck|weezer - getchoo|ZZ Top - Tush|Genesis - Land of Confusion|ZZ Top - Legs|Phil Collins - take me home|Big Mountain - baby i love your way|big_mountain - baby i love your way
diatonic relative dom7 fifth fifth,→ fifth (closes),5,41,144,fifth|diatonic|relative|dom7,B C#m E A E B,Eric Clapton - Tears in Heaven|inxs - never tear us apart|Elton John - I Guess That's Why They Call It The Blues|Metallica - hero of the day|Elvis Presley - Always On My Mind|Van Morrison - And It Stoned Me|Barry Manilow - Mandy|Big Thief - Masterpiece
borrowed dom7 diatonic diatonic diatonic,→ diatonic (closes),5,40,61,diatonic|borrowed|dom7,F D7 G Am7 G F,The Beatles - Something|Bon Jovi - Wanted Dead Or Alive|Alice In Chains - rooster|alice_in_chains - rooster|hole - violet|soundgarden - pretty noose|The Bangles - Hazy Shade Of Winter|Beatles - free as a bird
diatonic diatonic diatonic diatonic parallel,→ parallel (closes),5,40,80,diatonic|parallel,C A# C A# Cm C,toto - africa|kansas - dust in the wind|Queen - play the game|nirvana - son of a gun|erasure - sometimes|George Michael - One More Try|Genesis - Abacab|Genesis - the lamia
dom7 fifth leadingTone leadingTone,→ leadingTone (closes),4,39,69,fifth|dom7|leadingTone,A D A G#dim A,BareNaked Ladies - One Week|The Cars - you might think|Eric Clapton - let it grow|Eagles - Wasted Time|Christina Aguilera - Come On Over|Collective Soul - precious declaration|Genesis - supper's ready|Boston - long time
diatonic fifth fifth relative,→ relative (closes),4,39,92,fifth|diatonic|relative,G#m A E B G#m,Queen - under pressure|Eric Clapton - wonderful tonight|radiohead - ripcord|police - so lonely|live - all over you|Sting - mad about you|Shawn Colvin - sunny came home|Eagles - i can't tell you why
borrowed dom7 relative,→ relative (closes),3,39,88,relative|borrowed|dom7,Ab C Fm Ab,Green Day - Boulevard of Broken Dreams|Louis Armstrong - What A Wonderful World|Beatles - yesterday|prince - when doves cry|Beatles - while my guitar gently weeps|The Animals - House of the Rising Sun|Cake - frank sinatra|Santana - Smooth
borrowed diatonic dom7 diatonic,→ diatonic (closes),4,38,74,diatonic|borrowed|dom7,E G A D E,U2 - One|Bon Jovi - always|Kenny Loggins - Footloose|Beatles - eight days a week|Beatles - maxwell's silver hammer|REM - night swimming|Beatles - piggies|Duran Duran - notorious
borrowed dom7 tritoneSub,→ tritoneSub (closes),3,37,56,borrowed|dom7|tritoneSub,D Bb Eb D,jamiroquai - virtual insanity|weezer - el scorcho|Sheryl Crow - All I Wanna Do|Beatles - we can work it out|soundgarden - pretty noose|Joe Cocker - you are so beautiful|Barry Manilow - Mandy|The Pogues - Fairytale of New York
borrowed fifth diatonic diatonic diatonic,→ diatonic (closes),5,36,77,fifth|diatonic|borrowed,G Bb F Eb F G,AC DC - back in black|ac_dc - back in black|sublime - wrong way|jamiroquai - virtual insanity|David Bowie - Moonage Daydream|aerosmith - pink|Barry Manilow - Mandy|Peter Cetera - glory of love
diatonic relative relative dom7 dom7,→ dom7 (closes),5,36,48,diatonic|relative|dom7,F G Em G C F,toto - rosanna|Procol Harum - A Whiter Shade of Pale|Bee Bees - too much heaven|beegees - too much heaven|ZZ Top - Rough Boy|Mariah Carey - open arms|Genesis - A Trick of the Tail|Sting - The Soul Cages
diatonic relative relative relative dom7,→ dom7 (closes),5,36,79,diatonic|relative|dom7,E D Bm D Bm7 E,Sufjan Stevens - Fourth of July|whitetown - your woman|The Cars - drive|Madonna - papa don't preach|Madonna - papa don t preach|Eric Clapton - i shot the sheriff|live - i alone|sublime - same in the end
parallel parallel relative relative,→ relative (closes),4,36,92,relative|parallel,A Am A F#m A,Bon Jovi - bad medicine|Alice In Chains - dam that river|alice_in_chains - dam that river|Eagles - Life in the Fast Lane|Sarah McGlachlan - Building A Mystery|filter - hey man nice shot|Sheryl Crow - A Change Would Do You Good|megadeth - 99 ways to die
diatonic dom7 parallel dom7,→ dom7 (closes),4,35,92,diatonic|parallel|dom7,G Am D Dm G,Billy Joel - Uptown Girl|The Beatles - Now And Then|Harry Chapin - cats in the cradle|Eagles - Wasted Time|Olivia Newton John - Xanadu|Marc Anthony - I Need To Know|Kenney Rogers - Lady|ZZ Top - Gimme All Your Lovin
borrowed dom7 diatonic diatonic,→ diatonic (closes),4,34,65,diatonic|borrowed|dom7,A C F G A,Metallica - master of puppets|David Bowie - Space Oddity|The Beach Boys - God Only Knows|Bon Jovi - always|Beatles - ticket to ride|Santana - Black Magic Woman|Eric Clapton - i shot the sheriff|Duran Duran - A View to a Kill
diatonic diatonic dom7 dom7 dom7,→ dom7 (closes),5,33,66,diatonic|dom7,Bb Ab Gm Cm F Bb,a-ha - take on me|Neil Diamond - Sweet Caroline|Billie Eilish - Getting Older|Billy Joel - You May Be Right|Johnny Nash - I Can See Clearly Now|Joe Cocker - up where we belong|Garth Brooks - the river|Rod Stewart - Someone Like You
diatonic relative leadingTone,→ leadingTone (closes),3,33,44,diatonic|relative|leadingTone,A#dim G#m B A#dim,ABBA - dancing queen|Billy Joel - Piano Man|Sting - shape of my heart|MatchBox 20 - Push|Alice In Chains - i stay away|alice_in_chains - i stay away|Bush - machine head|Shawn Colvin - sunny came home
diatonic diatonic relative relative relative,→ relative (closes),5,32,51,diatonic|relative,G F Em G Em G,toto - africa|ABBA - super trouper|Queen - one vision|Duran Duran - The Reflex|Michael Bolton - when a man loves a woman|Asia - only time will tell|Billy Joel - Goodnight Saigon|Genesis - hold on my heart
diatonic diatonic tritoneSub dom7,→ dom7 (closes),4,32,112,diatonic|dom7|tritoneSub,Bb Ab Gb F Bb,The Turtles - Happy Together|Neil Diamond - Sweet Caroline|The Beach Boys - God Only Knows|Beach Boys - good vibrations|beach_boys - good vibrations|Mariah Carey - hero|The Moody Blues - Nights In White Satin|Billy Joel - Honesty
dom7 parallel parallel fifth,→ fifth (closes),4,32,45,fifth|parallel|dom7,A D Dm D A,aerosmith - crazy|Creed - Higher|nirvana - tourettes|U2 - where the streets have no name|Billy Joel - Just the Way You Are|ZZ Top - Tush|Alice In Chains - sludge factory|alice_in_chains - sludge factory
diatonic diatonic leadingTone leadingTone,→ leadingTone (closes),4,32,59,diatonic|leadingTone,A G A G#dim A,BareNaked Ladies - One Week|Queen - friends will be friends|Sugar Ray - Someday|Beatles - flying|Michael Bolton - when a man loves a woman|offspring - i choose|Chicago - hard to say i'm sorry get away|Peter Cetera - next time i fall
leadingTone leadingTone leadingTone leadingTone,→ leadingTone (closes),4,32,157,leadingTone,F Edim F Edim F,nirvana - all apologies|Boston - more than a feeling|nirvana - lounge act|Madonna - papa don't preach|Madonna - papa don t preach|Bush - machine head|Sugar Ray - Someday|offspring - i choose
borrowed borrowed relative,→ relative (closes),3,32,66,relative|borrowed,Em B G Em,nirvana - in bloom|SEAL - kiss from a rose|The Cars - just what i needed|radiohead - ripcord|Sheryl Crow - All I Wanna Do|Mariah Carey - emotions|Eagles - Witchy Woman|Cherry Poppin Daddies - zoot suit riot
diatonic fifth relative fifth,→ fifth (closes),4,31,157,fifth|diatonic|relative,Bm7 C G Em7 Bm7,Cranberries - ode to my family|fugees - ready or not|The Cars - drive|The Cars - Drive|Eagles - Desperado|Eagles - Heartache Tonight|styx - don't let it end|weezer - mykel and carli
borrowed diatonic tritoneSub,→ tritoneSub (closes),3,31,95,diatonic|borrowed|tritoneSub,C# E D C#,aerosmith - dream on|The Beach Boys - God Only Knows|Queen - the miracle|Foreigner - Feels Like the First Time|Backstreet Boys - all i have to give|Phil Collins - easy lover|Richard Marx - Now and Forever|Mariah Carey - make it happen
diatonic diatonic fifth diatonic relative,→ relative (closes),5,30,48,fifth|diatonic|relative,D Em D A Bm D,Queen - bohemian rhapsody|Queen - Queen Bohemian Rhapsody|Dua Lipa - Don't Start Now|The Beach Boys - God Only Knows|Celine Dion - Its All Coming Back To Me|Counting Crows - anna begins|counting_crows - anna begins|dave_matthews_band - crush
borrowed diatonic dom7 dom7,→ dom7 (closes),4,29,98,diatonic|borrowed|dom7,A C# B E A,The Beach Boys - God Only Knows|Olivia Newton John - Hopelessly Devoted to You|Billy Joel - Tell Her About It|Beatles - this boy|platters - only you|beegees - how can you mend a broken heart|Marc Anthony - Hasta Ayer|Duran Duran - a view to kill
borrowed borrowed parallel parallel,→ parallel (closes),4,29,53,borrowed|parallel,G E G Gm G,nirvana - milk it|Beatles - eight days a week|Beatles - magical mystery tour|silverchair - tomorrow|jamiroquai - too young to die|Collective Soul - gel|collective_soul - gel|toto - pamela
diatonic diatonic relative fifth,→ fifth (closes),4,28,96,fifth|diatonic|relative,Bm Am G Em Bm,Queen - the show must go on|oasis - don't go away|cream - badge|Beatles - your mother should know|Chicago - 25 or 6 to 4|Coolio - fantastic voyage|Eric Clapton - badge|Sting - straight to my heart
dom7 leadingTone leadingTone fifth,→ fifth (closes),4,28,52,fifth|dom7|leadingTone,D G F#dim G D,nirvana - all apologies|oasis - stand by me|Billy Joel - Just the Way You Are|Eagles - Heartache Tonight|offspring - i choose|Mariah Carey - oh holy night|Disney - Its A Small World|COUNTRY - abilene
chromaticMediant chromaticMediant,→ chromaticMediant (closes),2,27,83,chromaticMediant,Bbm Gm Bbm,Radiohead - No Surprises|Alice In Chains - nutshell|alice_in_chains - nutshell|rush - yyz|tool - intolerance|Def Leppard - armageddon it|Foreigner - Head Games|2 Unlimited - twilight zone
borrowed dom7 dom7 dom7 dom7,→ dom7 (closes),5,26,108,borrowed|dom7,G B Em7 A7 D7 G,The Kinks - Sunny Afternoon|Frank Sinatra - Fly Me To The Moon|Eagles - Desperado|ABBA - that's me|Disney - The Bear Necessities|Christmas - its beginning to look a lot like christmas|ABBA - that s me|COUNTRY - blue
borrowed dom7 dom7 fifth diatonic,→ diatonic (closes),5,26,45,fifth|diatonic|borrowed|dom7,G E A D A G,Rollin STones - Beast of Burden|Billy Joel - New York State of Mind|Allman Brothers Band - jessica|Billy Joel - Goodnight Saigon|Eagles - Heartache Tonight|yes - and you and i|Rollin STones - Get off my Cloud|BareNaked Ladies - Shoe Box
borrowed diatonic fifth diatonic,→ diatonic (closes),4,26,38,fifth|diatonic|borrowed,F D C G F,SEAL - kiss from a rose|Harry Chapin - cats in the cradle|Eric Clapton - let it grow|Bee Bees - words|beegees - words|George Michael - Freedom|Duran Duran - Hungry Like a Wolf|Otis Redding - (Sittin’ On) the Dock of the Bay
borrowed dom7 relative relative,→ relative (closes),4,25,46,relative|borrowed|dom7,Dm A7 Dm F Dm,Backstreet Boys - as long as you love me|backstreet_boys - as long as you love me|Eric Clapton - i shot the sheriff|David Bowie - The Man Who Sold The World|Cake - frank sinatra|Eagles - Witchy Woman|Sheryl Crow - A Change Would Do You Good|Genesis - anyway
diatonic fifth fifth fifth dom7,→ dom7 (closes),5,24,43,fifth|diatonic|dom7,B A E B F# B,Beatles - lovely rita|oasis - shakermaker|Mariah Carey - i ll be there|prince - dolphin|Christian Music - i surrender all|COUNTRY - almost persuaded|carey_mariah - i'll be there|christian_music - i surrender all
borrowed dom7 diatonic dom7,→ dom7 (closes),4,24,66,diatonic|borrowed|dom7,Bb D Gm F Bb,Ashe - Moral of the Story|Beatles - i saw her standing there|Queen - innuendo|kiss - beth|Beatles - i don't want to spoil the party|ABBA - that's me|roxette - fading like a flower|Genesis - grand parade of lifeless packaging
borrowed dom7 dom7 diatonic,→ diatonic (closes),4,24,46,diatonic|borrowed|dom7,D F# Bm E D,Beatles - yesterday|Blur - girls and boys|David Bowie - Moonage Daydream|Beatles - there's a place|Ben Folds Five - song for the dumped|prince - i feel for you|beegees - don't forget to remember|Boyz II Men - Yesterday
diatonic fifth relative relative fifth,→ fifth (closes),5,23,40,fifth|diatonic|relative,Em Dm Am C Am Em,Phoebe Bridgers - Motion Sickness|The Beatles - Let It Be|Sting - Fields Of Gold|MatchBox 20 - Real World|Bruce Hornsby - The Way It Is|Pointer Sisters - Slow Hand|Huey Lewis - Stuck With You|Christmas - O Holy Night
borrowed diatonic diatonic diatonic dom7,→ dom7 (closes),5,23,32,diatonic|borrowed|dom7,B G# F# E F# B,Queen - killer queen|Beatles - blackbird|oasis - roll with it|Beatles - the end|Céline Dion - My Heart Will Go On|George Michael - Father Figure|kiss - cold gin|Beck - devil s haircut
diatonic dom7 fifth relative dom7,→ dom7 (closes),5,23,43,fifth|diatonic|relative|dom7,F# E A E C#m7 F#,The Beatles - With A Little Help From My Friends|weezer - in the garage|ABBA - does your mother know|Foreigner - I Want to Know What Love Is|MatchBox 20 - Bent|Genesis - throwing it all away|Beatles - real love|Foreigner - Foreigner I wanna know what love is
diatonic relative relative dom7 relative,→ relative (closes),5,23,34,diatonic|relative|dom7,Em D Bm D G Em,Queen - bohemian rhapsody|Queen - Queen Bohemian Rhapsody|nazereth - love hurts|Beatles - misery|Billy Joel - Allentown|Beatles - real love|Bryan Adams - all for love|Bryan Adams - All For One
diatonic relative fifth fifth dom7,→ dom7 (closes),5,22,41,fifth|diatonic|relative|dom7,F# G#m Bsus2 F# C#sus4 F#,radiohead - high and dry|Taylor Swift - Everything Has Changed|Christofer Cross - Sailing|CCR - Someday Never Comes|Barry Manilow - Mandy|roxette - run to you|Phil Collins - groovy kind of love|Tori Amos - here in my head
dom7 fifth dom7 fifth parallel,→ parallel (closes),5,22,32,fifth|parallel|dom7,C#m F# C# F# C# C#m,Collective Soul - shine|collective_soul - shine|Rollin STones - Miss You|Sting - fragile|offspring - amazed|roxette - crash boom bang|roxette - do you wanna go the whole way|COUNTRY - aintnothingwrongwradio
diatonic leadingTone relative,→ relative (closes),3,22,42,diatonic|relative|leadingTone,Em F#dim G Em,Bon Jovi - bed of roses|Beatles - and your bird can sing|Enigma - return to innocence|Mariah Carey - someday|BTO - Let It Ride|Collective Soul - precious declaration|Hanson - thinking of you|Madonna - Madonna Secret
diatonic fifth dom7 diatonic relative,→ relative (closes),5,21,36,fifth|diatonic|relative|dom7,Dm7 Eb Bb Eb F Dm7,Eric Clapton - wonderful tonight|Beatles - we can work it out|prince - i wanna be your lover|Billy Joel - Honesty|rush - manhattan project|Depech Mode - strange love|Genesis - heathaze|erasure - man in the moon
diatonic diatonic dom7 fifth relative,→ relative (closes),5,21,36,fifth|diatonic|relative|dom7,F#m G A D A F#m,CCR - Up Around The Bend|Asia - only time will tell|Bryan Adams - Cuts Like A Knife|Garth Brooks - callin baton rouge|Cranberries - Cordell|Celine Dion - Im Your Angel|Bryan Adams - Lets Make A Night To Rememb|Atlantic Starr - i ll remember you
borrowed borrowed borrowed dom7,→ dom7 (closes),4,21,66,borrowed|dom7,F#m C# A C# F#m,Foreigner - Cold as Ice|Queen - innuendo|Bryan Adams - Please Forgive Me|Madonna - take a bow|Garth Brooks - thunder rolls|Backstreet Boys - we got it going on|Sting - epilogue nothing bout me|Duran Duran - chauffer
diatonic diatonic diatonic fifth relative,→ relative (closes),5,20,35,fifth|diatonic|relative,Dsus4 Em D Em Bm Dsus4,nirvana - scentless apprentice|Tori Amos - corn flake girl|Ace Of Base - beautiful life|Foreigner - Double Vision|Metallica - wasting my hate|kiss - sure know something|Pink - Just Give Me A Reason|Lou Bega - Mambo No 5
diatonic diatonic dom7 diatonic relative,→ relative (closes),5,20,32,diatonic|relative|dom7,F#m E F#m B A F#m,Rollin STones - Sympathy for the Devil|Foreigner - Waiting for a Girl Like You|Genesis - lilywhite lilith|Air Supply - Two Less Lonely People|Foreigner - waiting|COUNTRY - earthangel|COUNTRY - pc ifalltopieces|COUNTRY - satindoll
borrowed dom7 fifth dom7 diatonic,→ diatonic (closes),5,20,35,fifth|diatonic|borrowed|dom7,C A D A D C,Europe - The Final Countdown|Bon Jovi - never say goodbye|Def Leppard - armageddon it|Bryan Adams - When Youre Gone|Eric Clapton - white room|Rod Stewart - Stay With Me|weezer - undone the sweater song|Bryan Adams - BRYAN ADAMS here i am
borrowed fifth relative dom7,→ dom7 (closes),4,20,42,fifth|relative|borrowed|dom7,A C G Em A,aerosmith - dream on|The Beatles - Yesterday|Cavetown - This Is Home|Eagles - Desperado|oasis - whatever|oasis - wonder wall|Elvis - elvis|COREL COLLECTION - JAZZ 08
diatonic diatonic dom7 relative,→ relative (closes),4,20,42,diatonic|relative|dom7,Ab Bb Cm Fm Ab,Elton John - Your Song|Rollin STones - Paint it Black|Queen - friends will be friends|John Lennon - Love|Celine Dion - Because You Loved Me|yes - love will find a way|Genesis - Paperlate|toto - somewhere tonight
borrowed fifth diatonic parallel,→ parallel (closes),4,20,38,fifth|diatonic|borrowed|parallel,Cm G D7 C Cm,Stephen Sanchez - Until I Found You (intermediate)|Beatles - nowhere man|ABBA - thank you for the music|Eric Clapton - white room|Ricky Martin - Shes All I Ever Had|Olivia Newton John - I Honestly Love You|Bryan Adams - I Finally Found Someone|Until I Found You - Stephen Sanchez
borrowed diatonic diatonic diatonic fifth,→ fifth (closes),5,19,25,fifth|diatonic|borrowed,A C D C D A,Tears for Fears - Head Over Heels|The Beatles - With A Little Help From My Friends|The Beatles - I Am The Walrus|Sam Cooke - Bring It On Home to Me|oasis - shakermaker|oasis - all around the world|Sarah McGlachlan - Building A Mystery|Hanson - where's the love
dom7 fifth parallel parallel parallel,→ parallel (closes),5,19,29,fifth|parallel|dom7,Bm E B Bm B Bm,Def Leppard - armageddon it|AC DC - for those about to rock|ac_dc - for those about to rock|roxette - do you wanna go the whole way|pantera - suicide note part 1|COUNTRY - cadillac ranch chrisLeDoux|COUNTRY - drinkswearstealandlie|COUNTRY - drinkswearstealandlie michaelpeterson
diatonic diatonic relative fifth dom7,→ dom7 (closes),5,19,30,fifth|diatonic|relative|dom7,A G#m F#m A E A,Billy Joel - The Stranger|Madonna - oh father|Michael Bolton - go the distance|prince - dolphin|Air Supply - Two Less Lonely People|Don Henley - end of innocence|bolton_michael - go the distance|COREL COLLECTION - NEWA 07
diatonic dom7 relative dom7,→ dom7 (closes),4,19,81,diatonic|relative|dom7,Ab Gm Cm Eb Ab,Bon Jovi - always|Duran Duran - Come Undone|Duran Duran - Save a Prayer|kiss - magic touch|kiss - i was made for lovin you|garbage - super vixen|Garth Brooks - somewhere other than night|COUNTRY - doesheloveyou
diatonic fifth relative dom7 dom7,→ dom7 (closes),5,18,44,fifth|diatonic|relative|dom7,G7 F C Am Dm7 G7,Taylor Swift - Lover|Billy Joel - Just the Way You Are|Pure Prairie League - Amie|Audrey Hepburn - Moon River|The Beatles - Real Love|Christmas - 12 days of christmas|Killing Me Softly With His Song (lower key)|Killing Me Softly With His Song (original key)
diatonic fifth diatonic fifth fifth,→ fifth (closes),5,18,73,fifth|diatonic,B C#m G#m A E B,Elton John - I Guess That's Why They Call It The Blues|Christofer Cross - Sailing|Eagles - Desperado|Bryan Adams - Please Forgive Me|Céline Dion - My Heart Will Go On|Mariah Carey - i ll be there|toto - i will remember|carey_mariah - i'll be there
diatonic fifth relative dom7 fifth,→ fifth (closes),5,18,35,fifth|diatonic|relative|dom7,D Em Bm D G D,Rollin STones - Wild Horses|Rollin STones - Angie|Metallica - hero of the day|Beatles - there's a place|Mariah Carey - open arms|yes - starship trooper|Pink - Just Give Me A Reason|ABBA - my love my life
diatonic relative dom7 fifth dom7,→ dom7 (closes),5,18,22,fifth|diatonic|relative|dom7,Fm D# Cm Fm Cm Fm,nirvana - territorial pissings|nirvana - school|Foreigner - Waiting for a Girl Like You|Metallica - my friend of misery|garbage - push it|Ace Of Base - beautiful life|Foreigner - waiting|Phil Collins - don t lose my number
borrowed borrowed diatonic dom7,→ dom7 (closes),4,18,55,diatonic|borrowed|dom7,Ebsus2 Csus2 Ab Bb Ebsus2,"Crowded House - Don't Dream It's Over|ABBA - thank you for the music|Ben Folds Five - julianne|SEAL - dreaming in metaphors|Christmas - jingle bell rock|Billy Joel - Joel, Billy Just the way you are|Christian Music - holy city|Christian Music - let us break bread together"
borrowed borrowed fifth diatonic,→ diatonic (closes),4,18,26,fifth|diatonic|borrowed,F# A C# G# F#,Red Hot Chili Peppers - Californication|Eric Clapton - tears in heaven|Rollin STones - Angie|Sam Cooke - Bring It On Home to Me|Beatles - i saw her standing there|Christina Aguilera - I Turn To You|kiss - plaster caster|Hanson - where's the love
diatonic relative dom7 relative,→ relative (closes),4,18,71,diatonic|relative|dom7,Bm C Am D Bm,radiohead - ripcord|Queen - one vision|Backstreet Boys - i'll never break your heart|Backstreet Boys - i ll never break your heart|Bryan Adams - all for love|98 Degrees - I Do Cherish You|Marc Anthony - No Me Ames|Bryan Adams - All For One
borrowed borrowed diatonic,→ diatonic (closes),3,18,32,diatonic|borrowed,Am E7 G Am,The Rolling Stones - Angie|weezer - the good life|rush - time and motion|Garth Brooks - thunder rolls|garbage - super vixen|Beat - puthands|brooks_garth - thunder rolls|christian_music - a mighty fortress is our god
borrowed diatonic diatonic fifth diatonic,→ diatonic (closes),5,17,25,fifth|diatonic|borrowed,F# A Bm A E F#,Chris Stapleton - Tennessee Whiskey|Billy Joel - Only the Good Die Young|Céline Dion - My Heart Will Go On|Beatles - i don't want to spoil the party|prince - u got the look|Culture Club - Church of the Poison Mind|moist - push|REM - whats the frequency kenneth
diatonic relative dom7 dom7 fifth,→ fifth (closes),5,17,41,fifth|diatonic|relative|dom7,E D Bm E A E,Boston - more than a feeling|Taylor Swift - Lover|Sufjan Stevens - Fourth of July|Christian Music - my sins are gone|COREL COLLECTION - POP 07|COUNTRY - canthelp|COUNTRY - eaglewhensheflies|COUNTRY - im2blame mickeygilley
diatonic diatonic dom7 relative fifth,→ fifth (closes),5,17,28,fifth|diatonic|relative|dom7,Em F G C Am Em,Enigma - return to innocence|U2 - New Years Day|Taylor Swift - Nothing New|garbage - super vixen|U2 - new year s day|Jimmy Buffet - changes in latitude|brooks_garth - top gun|buffet_jimmy - changes in latitude
borrowed diatonic diatonic fifth,→ fifth (closes),4,17,31,fifth|diatonic|borrowed,D Bbmaj7 Am7 G D,Red Hot Chili Peppers - Californication|Rollin STones - Gimme Shelter|The Beatles - Here Comes The Sun|Lynyrd Skynyrd - Simple Man|Glen Campbell - Wichita Lineman|yes - starship trooper|Christmas - jingle bell rock|Christian Music - victory in jesus
borrowed relative diatonic diatonic,→ diatonic (closes),4,17,44,diatonic|relative|borrowed,Esus4 G Em D Esus4,"Nirvana - Come As You Are|pantera - cemetary gates|Genesis - lilywhite lilith|Christian Music - majesty|COUNTRY - howdoilive|COUNTRY - Rimes,LeAnn HowDoILive|COUNTRY - Rimes,LeAnn HowDoILive1|jethro_tull - as the tears go by"
borrowed borrowed diatonic fifth,→ fifth (closes),4,17,31,fifth|diatonic|borrowed,C E G F C,rush - closer to the heart|Beatles - old brown shoe|Bee Bees - words|beegees - words|Genesis - follow you follow me|Hanson - where's the love|Hanson - where s the love|Mariah Carey - just to hold you once again
diatonic relative dom7 parallel,→ parallel (closes),4,17,39,diatonic|relative|parallel|dom7,Am G Em A Am,Def Leppard - Love Bites|Billy Joel - Allentown|Eagles - the girl from yesterday|Christmas - i'll be home for christmas|Christmas - i ll be home for christmas|COUNTRY - befrthenexterdrp|COUNTRY - chillofanearlyfall gs|COUNTRY - easycomego
borrowed tritoneSub dom7,→ dom7 (closes),3,17,28,borrowed|dom7|tritoneSub,D Bb A D,Billy Joel - Vienna|The Mamas & The Papas - Dream A Little Dream Of Me|Barry Manilow - Mandy|Celine Dion - Because You Loved Me|SmashMouth - The Fonz|styx - fooling yourself (the angry young man)|COUNTRY - harper valley pta|COUNTRY - ithinkilljust haggard
borrowed tritoneSub diatonic,→ diatonic (closes),3,17,23,diatonic|borrowed|tritoneSub,F# A G# F#,Red Hot Chili Peppers - Californication|aerosmith - dream on|Queen - killer queen|The Turtles - Happy Together|The Beach Boys - God Only Knows|jamiroquai - virtual insanity|oasis - whatever|Beatles - only a northern song
diatonic fifth fifth parallel,→ parallel (closes),4,16,34,fifth|diatonic|parallel,Abm Gb Db Ab Abm,Beatles - taxman|nirvana - hairspray queen|Bob Dylan - Make You Feel My Love|yes - rhythm of love|COUNTRY - coalminersdaughter|COUNTRY - dearhearts|COUNTRY - detroitcity|COUNTRY - givemeonemorelastchance gill
borrowed borrowed dom7 diatonic,→ diatonic (closes),4,16,31,diatonic|borrowed|dom7,A F D G A,nirvana - pennyroyal tea|roxette - the look|soundgarden - pretty noose|Olivia Newton John - Xanadu|Beatles - free as a bird|COUNTRY - beautdreamer|COUNTRY - cantdigoutofthehole rt|COUNTRY - htmoon
borrowed dom7 fifth dom7,→ dom7 (closes),4,16,41,fifth|borrowed|dom7,Fm C F C Fm,weezer - getchoo|erasure - chains of love|Ricky Martin - Maria|COUNTRY - Daddy's Money(VERN)|COUNTRY - kawliga|COREL COLLECTION - INTL 08|COUNTRY - daddymoney|COUNTRY - daddysmoney
dom7 dom7 fifth fifth parallel,→ parallel (closes),5,15,20,fifth|parallel|dom7,Am7 D7 Gmaj7 D7 A7 Am7,Beatles - can't buy me love|Backstreet Boys - anywhere for you|backstreet_boys - anywhere for you|Mariah Carey - now that i know|Christmas - Have Yourself A Merry Little Christmas|ABBA - name of the game|Beatles - can t buy me love|Lady Gaga and Bradley Cooper - Shallow
borrowed dom7 fifth dom7 parallel,→ parallel (closes),5,15,25,fifth|borrowed|parallel|dom7,Fm C F C F Fm,radiohead - subterranean homesick alien|Beatles - something|David Bowie - Space Oddity|extreme - more than words|Beach Boys - kokomo|beach_boys - kokomo|Beatles - nowhere man|John Lennon - Watching The Wheels
borrowed dom7 diatonic fifth dom7,→ dom7 (closes),5,15,36,fifth|diatonic|borrowed|dom7,Eb C F Eb Bb Eb,nazereth - love hurts|Elton John - Can You Feel The Love Tonight|jamiroquai - alright|Mariah Carey - butterfly|yes - almost like love|Beat - butterfly|carey_mariah - butterfly|COREL COLLECTION - CLAS 04
diatonic dom7 fifth fifth fifth,→ fifth (closes),5,15,40,fifth|diatonic|dom7,G F A# F C G,ub40 - higher ground|Bryan Adams - Have You Ever Really Loved|Mariah Carey - whenever|carey_mariah - whenever|Christian Music - precious lord take my hand|christian_music - precious lord take my hand|COREL COLLECTION - MISC 02|COREL COLLECTION - NEWA 05
borrowed parallel dom7 diatonic,→ diatonic (closes),4,15,21,diatonic|borrowed|parallel|dom7,A# G Gm Cm A#,Depech Mode - master and servant|soundgarden - hunted down|Barry Manilow - Even Now|COUNTRY - Daddy's Money(VERN)|COREL COLLECTION - MISC 07|COUNTRY - Bigtime|COUNTRY - bigtime trace|COUNTRY - daddymoney
diatonic diatonic relative diatonic fifth,→ fifth (closes),5,14,18,fifth|diatonic|relative,Bm C Bm Dsus4 Em Bm,radiohead - karma police|Tori Amos - corn flake girl|kiss - beth|Madonna - cherish|TLC - red light special|3t - i need you|Pink - Just Give Me A Reason|kiss - dr love
borrowed diatonic dom7 fifth dom7,→ dom7 (closes),5,14,21,fifth|diatonic|borrowed|dom7,D B7 A D A D,The Beatles - Here Comes The Sun|Harry Chapin - cats in the cradle|Collective Soul - precious declaration|Queen - Queen Crazy little thing called love|COUNTRY - harper valley pta|chapin_harry - cats in the cradle|collective_soul - precious declaration|COUNTRY - bigdeal larimes
borrowed diatonic diatonic dom7 diatonic,→ diatonic (closes),5,14,19,diatonic|borrowed|dom7,E C# B A D E,The Beatles - Here Comes The Sun|Beatles - here comes the sun|Beatles - something|Beatles - blackbird|Billy Joel - Big Shot|Culture Club - Church of the Poison Mind|Genesis - ripples|COREL COLLECTION - CLAS 15
borrowed borrowed borrowed dom7 diatonic,→ diatonic (closes),5,14,20,diatonic|borrowed|dom7,E C# A C# F# E,The Turtles - Happy Together|Alice In Chains - rooster|alice_in_chains - rooster|Genesis - i can't dance|Genesis - i can t dance|Genesis - I Cant Dance|BareNaked Ladies - Shoe Box|COUNTRY - The Tennessee Waltz
diatonic fifth dom7 fifth relative,→ relative (closes),5,14,26,fifth|diatonic|relative|dom7,G Am Em Am Em G,nirvana - rape me|Bon Jovi - it's my life|Ace Of Base - beautiful life|ABBA - eagle|Genesis - A Trick of the Tail|Christmas - greensleeves|Genesis - trick of the tail|ace_of_base - beautiful life
diatonic diatonic fifth dom7 relative,→ relative (closes),5,14,18,fifth|diatonic|relative|dom7,F#m G#m A E A F#m,Phil Collins - groovy kind of love|Air Supply - Two Less Lonely People|COUNTRY - Don't Take The Girl|collins_phil - groovy kind of love|COREL COLLECTION - NEWA 02|COUNTRY - alittlepastlittlerock leeannwomack|COUNTRY - donttake|COUNTRY - timmcgraw donttakethegirl
diatonic relative relative fifth fifth,→ fifth (closes),5,14,18,fifth|diatonic|relative,B A F#m A E B,Metallica - jump in the fire|Eagles - lyin' eyes|Eagles - Lyin Eyes|Christmas - hark the herald angels sing|Queen - Queen We are the champions|Duran Duran - lyin' eyes|America - america Sister goldenhair|COUNTRY - burningbridges
diatonic dom7 fifth diatonic parallel,→ parallel (closes),5,14,23,fifth|diatonic|parallel|dom7,Gm Fm A# F G Gm,Billy Joel - The Longest Time|COUNTRY - bluekentuckygirl|COUNTRY - girlsnightout|COUNTRY - helpmenight|COUNTRY - hestoplovher|COUNTRY - lovemetender|COUNTRY - sendmethepillow|COUNTRY - stoppedluv
borrowed dom7 borrowed fifth,→ fifth (closes),4,14,26,fifth|borrowed|dom7,C D# G# F C,nirvana - heart shaped box|Billy Joel - New York State of Mind|George Michael - Father Figure|Elvis - elvis|COUNTRY - 3rdrateromance skershaw|COUNTRY - hankw cheatin|COUNTRY - standbyman tammyw|COUNTRY - ThinkaboutElvisLoveless(VERN)
borrowed parallel dom7,→ dom7 (closes),3,14,20,borrowed|parallel|dom7,Dm A Am Dm,Beatles - come together|Carpenters - top of the world|Genesis - behind the lines|carpenters_the - top of the world|doors_the - love her madly|guns_%26_roses - estranged|guns_%26_roses - mr brownstone|nine_inch_nails - ruiner
diatonic tritoneSub parallel,→ parallel (closes),3,14,21,diatonic|parallel|tritoneSub,C#m D C# C#m,weezer - say it ain't so|Sting - fragile|Genesis - firth of fifth|Beck - dead weight|weezer - say it ain t so|Madonna - Madonna Secret|COUNTRY - Bigtime|COUNTRY - bigtime trace
borrowed borrowed borrowed fifth diatonic,→ diatonic (closes),5,13,21,fifth|diatonic|borrowed,G Bb G Bb F G,"Beatles - i want to hold your hand|Barry Manilow - Mandy|Joe Cocker - summer in the city|rush - the weapon|Billy Joel - Joel, Billy Just the way you are|cocker_joe - summer in the city|COUNTRY - amazed lonestar|COUNTRY - manfeelwoman"
diatonic diatonic diatonic diatonic fifth,→ fifth (closes),5,13,28,fifth|diatonic,A G F#m Esus4 D A,Lana Del Rey - Video Games|Queen - the show must go on|The Moody Blues - Nights In White Satin|Partridge Family - I Think I Love You|Genesis - the lamia|COUNTRY - heartland|COREL COLLECTION - NEWA 06|COUNTRY - heartland gstrait
diatonic diatonic relative dom7 fifth,→ fifth (closes),5,13,22,fifth|diatonic|relative|dom7,D C Bm Dsus4 G D,Europe - The Final Countdown|Bryan Adams - Back To You|Genesis - driving the last spike|Pink - Just Give Me A Reason|jethro_tull - cross eyed mary|john_elton - candle in the wind|Movie Themes - Star Trek First Contact|pet_shop_boys - liberation
borrowed borrowed fifth dom7 fifth,→ fifth (closes),5,13,22,fifth|borrowed|dom7,E C A E A E,Coolio - too hot|Genesis - return of the giant hogweed|2 Unlimited - are you ready for this|COUNTRY - whatdoyouknowaboutlove|manilow_barry - copacabana|Movie Themes - Axels Theme|Movie Themes - beverly hills cop theme|pet_shop_boys - alwaysonmymind
diatonic diatonic dom7 fifth parallel,→ parallel (closes),5,13,37,fifth|diatonic|parallel|dom7,Dm C D G D Dm,Eagles - the girl from yesterday|primus - wynona s big brown beaver|Huey Lewis - Workin for a Livin'|COUNTRY - backstreeaffair|COUNTRY - dearhearts|COUNTRY - wabashcanball royacuff|disney_songs - bare necessities|Duran Duran - the girl from yesterday
diatonic dom7 relative parallel,→ parallel (closes),4,13,18,diatonic|relative|parallel|dom7,E D G Em E,Def Leppard - Love Bites|jamiroquai - too young to die|Big Mr - to be with you|big_mr - to be with you|COUNTRY - somewhere between right and wrong|COUNTRY - TheManInLoveWithYou|COUNTRY - THE CHANGE|def_leppard - love bites
borrowed borrowed dom7 fifth dom7,→ dom7 (closes),5,12,39,fifth|borrowed|dom7,D F A D A D,"Cranberries - dreams|Bee Bees - words|beegees - words|Mariah Carey - all i want for christmas|roxette - do you wanna go the whole way|Mariah Carey - All I Want|Queen - Queen Crazy little thing called love|Crosby, Stills, Nash, & Young - Our House"
borrowed borrowed borrowed diatonic diatonic,→ diatonic (closes),5,12,21,diatonic|borrowed,E C# E G# F# E,Red Hot Chili Peppers - Californication|nirvana - pennyroyal tea|jamiroquai - virtual insanity|The Pogues - Fairytale of New York|U2 - Hold Me Thrill Me Kiss Me|TLC - Redlight Special|rush - the weapon|Beat - jamaroqui virtual
borrowed fifth dom7 dom7 parallel,→ parallel (closes),5,12,25,fifth|borrowed|parallel|dom7,Gm D A7 D7 G Gm,The Beatles - If I Fell|Olivia Newton John - I Honestly Love You|ABBA - hamlet 3|Beatles - if i fall|COUNTRY - bluebayou|COUNTRY - couldihavethisdance amurry|COUNTRY - itsmyparty|television_theme_songs - ron's honeymoon
borrowed borrowed borrowed borrowed dom7,→ dom7 (closes),5,12,17,borrowed|dom7,A C E C E A,aerosmith - sweet emotion|Beatles - i saw her standing there|rush - time and motion|Sting - epilogue nothing bout me|Big Mr - to be with you|big_mr - to be with you|carey_mariah - miss you most at christmas time|COUNTRY - downonthefarm timmcg
diatonic diatonic parallel parallel parallel,→ parallel (closes),5,12,15,diatonic|parallel,A#m G# A# A#m A# A#m,Asia - heat of the moment|jamiroquai - music of the mind|kiss - spit|pantera - suicide note part 1|primus - wynona s big brown beaver|Beck - devil s haircut|nine_inch_nails - eraser|pearl_jam - alive
diatonic diatonic parallel dom7 fifth,→ fifth (closes),5,12,16,fifth|diatonic|parallel|dom7,D C D Dm G D,Beatles - taxman|Collective Soul - shine|collective_soul - shine|Genesis - domino|COUNTRY - aroomfullofroses|COUNTRY - countrytillidie johnand|COUNTRY - dontrockjukebox|COUNTRY - elpaso
diatonic fifth dom7 dom7 dom7,→ dom7 (closes),5,12,23,fifth|diatonic|dom7,G A E A D G,"Christmas - i'm dreaming of a white christmas|Bon Jovi - thank you for loving mebonjovi|COUNTRY - almostgdbye|COUNTRY - almstgdbye mchestnut|COUNTRY - settingfancyfree|COUNTRY - shecall|joel_billy - root beer rag|Lionel Richie - Richie,Lionel DancingOnTheCeiling"
diatonic dom7 relative dom7 fifth,→ fifth (closes),5,12,12,fifth|diatonic|relative|dom7,G F A# Gm C G,Def Leppard - Love Bites|Disney - Circle Of Life|Bryan Adams - Have You Ever Really Loved|Christian Music - shine jesus shine|christian_music - shine jesus shine|COREL COLLECTION - LITE 01|COREL COLLECTION - POP 06|def_leppard - love bites
diatonic fifth dom7 diatonic parallel,→ parallel (closes),5,12,15,fifth|diatonic|parallel|dom7,Em D A D E Em,prince - u got the look|Duran Duran - Union of the Snake|COUNTRY - a tear in my beer|COUNTRY - backnbabyarm|COUNTRY - gentleonmind|COUNTRY - givemeonemorelastchance gill|COUNTRY - hestoplovher|COUNTRY - itwouldnthurt mchestnut
dom7 relative dom7 tritoneSub,→ tritoneSub (closes),4,12,17,relative|dom7|tritoneSub,E7 Am C F E7,Patti Smith - Because the Night|Beatles - carry that weight|Elvis Presley - If I Can Dream|Joe Cocker - the letter|Backstreet Boys - get down|Backstreet Boys - quit playing games|backstreet_boys - quit playing games|Marc Anthony - Vivir Lo Nuestro
diatonic fifth parallel relative,→ relative (closes),4,12,21,fifth|diatonic|relative|parallel,C D A Am C,Bon Jovi - bad medicine|emf - unbelievable|prince - cream|Paul McCartney - Maybe I’m Amazed|COUNTRY - fancy reba|COUNTRY - keephandstoyourself|COUNTRY - refrieddreams|morisette_alanis - you learn
diatonic relative parallel dom7,→ dom7 (closes),4,12,17,diatonic|relative|parallel|dom7,D C Am A D,Beatles - the end|Queen - the miracle|SEAL - Fly Like An Eagle|Eric Clapton - sunshine of your love|Eric Clapton - rollin and tumblin|clapton_eric - rollin and tumblin|clapton_eric - sunshine of your love|COUNTRY - goodlovinmakesitright
borrowed borrowed dom7 relative,→ relative (closes),4,12,24,relative|borrowed|dom7,Am E G C Am,Rollin STones - Paint it Black|CCR - I Put A Spell On You|Genesis - anyway|Boyz II Men - Yesterday|COUNTRY - aintthatlonelyyet|COUNTRY - aintthatlonelyyet tobykeith|drifters_the - under the boardwalk|rolling_stones - paint it black
diatonic dom7 relative fifth dom7,→ dom7 (closes),5,11,23,fifth|diatonic|relative|dom7,Am G C Am Em7 Am,Simon & Garfunkel - The Boxer|nirvana - school|Beatles - no reply|Peter Cetera - if you leave me now|ABBA - just like that|cetera_peter - if you leave me now|christian_music - the battle belongs to the lord|COREL COLLECTION - JAZZ 08
borrowed borrowed diatonic dom7 dom7,→ dom7 (closes),5,11,22,diatonic|borrowed|dom7,G B G A D G,Beatles - here comes the sun|Beatles - fixing a hole|Elvis - intheghetto|ABBA - thank you for the music|Bryan Adams - Christmas Time|Billy Joel - Shes Always a Woman to Me|COUNTRY - butiwill faith|COUNTRY - itsmyparty
diatonic fifth parallel parallel fifth,→ fifth (closes),5,11,19,fifth|diatonic|parallel,B A E Em E B,Beatles - boys|Beatles - she's a woman|James Brown - i feel good|Beatles - she s a woman|brown_james - i feel good|COUNTRY - allmyrowdyfrds|COUNTRY - honkytonkman|COUNTRY - sockhop
borrowed borrowed dom7 diatonic diatonic,→ diatonic (closes),5,11,13,diatonic|borrowed|dom7,A# C# F A# C A#,Eric Clapton - tears in heaven|Beatles - i will|Bee Bees - words|beegees - words|Christian Music - i surrender all|christian_music - god our father we adore thee|christian_music - i surrender all|clapton_eric - tears in heaven
borrowed fifth dom7 dom7,→ dom7 (closes),4,11,24,fifth|borrowed|dom7,Bbm F C F Bbm,David Bowie - The Man Who Sold The World|Peter Cetera - glory of love|Genesis - anyway|Enigma - enigma|carey_mariah - miss you most at christmas time|cetera_peter - glory of love|fleetwood_mac - man of the world|grant_amy - heirlooms
borrowed dom7 dom7 tritoneSub,→ tritoneSub (closes),4,11,31,borrowed|dom7|tritoneSub,A C F Bb A,The Velvet Underground - Sunday Morning|Billy Joel - The Longest Time|Christian Music - lift up your heads|COUNTRY - hankw cheatin|COUNTRY - ucalleverydarlin|COUNTRY - wherelive|COUNTRY - yourcheatinheart|joel_billy - longest time
borrowed dom7 parallel parallel,→ parallel (closes),4,11,49,borrowed|parallel|dom7,Dm A Dm D Dm,nirvana - lithium|Metallica - wherever i may roam|Alice In Chains - killer is me|alice_in_chains - killer is me|Marc Anthony - Vivir Lo Nuestro|Partridge Family - I Woke Up In Love This Morn|Foreigner - Foreigner Hot Blooded|COUNTRY - cowboylove
borrowed diatonic fifth fifth,→ fifth (closes),4,11,15,fifth|diatonic|borrowed,B G A E B,Ray Charles - what i say|charles_ray - what i say|COUNTRY - betterman|COUNTRY - cantstopmyselffromlovingyou|COUNTRY - cantstopmyselffromlovingyou plove|COUNTRY - dreambaby glenc|COUNTRY - everylittlething|COUNTRY - youngatheart
borrowed borrowed dom7 dom7 diatonic,→ diatonic (closes),5,10,18,diatonic|borrowed|dom7,D F D G C D,aerosmith - pink|Joe Cocker - summer in the city|clapton_eric - nobody knows you when you're down and out|cocker_joe - summer in the city|COREL COLLECTION - MISC 01|COUNTRY - chet 1mintjulep|led_zepplin - misty mountain hop|Movie Themes - Young Guns
diatonic diatonic fifth parallel dom7,→ dom7 (closes),5,10,17,fifth|diatonic|parallel|dom7,Dm C D A Am Dm,roxette - spending my time|Blues Traveller - crash and burn|Queen - it s a hard life|blues_traveller - crash and burn|Christian Music - who cares|christian_music - who cares|COUNTRY - cadillac ranch chrisLeDoux|COUNTRY - country heart
diatonic fifth leadingTone leadingTone fifth,→ fifth (closes),5,10,12,fifth|diatonic|leadingTone,E D A G#dim A E,COUNTRY - dayindayout|COUNTRY - dayindayout davidkersh|COUNTRY - ladydownonlove al|COUNTRY - takeplaces|COUNTRY - whenbluemoon2gold|joel_billy - piano man classical version|Movie Themes - Bridge Over The River Kwai|Partridge Family - Your Mama Dont Dance
diatonic relative fifth fifth,→ fifth (closes),4,10,55,fifth|diatonic|relative,G#m A F#m C#m G#m,Miley Cyrus - Midnight Sky|America - Sister Golden Hair|Bryan Adams - all for love|Bryan Adams - All For One|adams_bryan - all for love|clapton_eric - layla|COUNTRY - hypnotize|COUNTRY - hypnotizethemoon
borrowed dom7 relative fifth,→ fifth (closes),4,10,14,fifth|relative|borrowed|dom7,Bb G Cm Eb Bb,"Elton John - Your Song|Bee Bees - how deep is your love|beegees - how deep is your love|Disney - Circle Of Life|Barry Manilow - BarryManilow CantSmileWithoutYou|gabriele_peter - starless|Johnny Rivers - Rivers,Johnny PoorSideOfTown2|john_elton - circle of life"
borrowed borrowed borrowed diatonic,→ diatonic (closes),4,10,22,diatonic|borrowed,F# A C# E F#,Red Hot Chili Peppers - Californication|Van Morrison - Brown Eyed Girl|Beatles - i am the walrus|Sam Cooke - Bring It On Home to Me|COUNTRY - SheThinksMyTractorSexy|disney_songs - the nutcracker|emerson_lake_and_palmer - fugue|television_theme_songs - lost in space
chromaticMediant chromaticMediant chromaticMediant chromaticMediant,→ chromaticMediant (closes),4,10,23,chromaticMediant,Fm Dm Fm Dm Fm,tool - intolerance|2 Unlimited - twilight zone|2_unlimited - twilight zone|nirvana - in his hands|everlast - what it s like|Beat - whatitslike|doors_the - light my fire|rage_against_the_machine - know your enemy
diatonic dom7 dom7 relative,→ relative (closes),4,10,20,diatonic|relative|dom7,D C#m F#m Bm D,Celine Dion - Immortality|Air Supply - Come What May|Rod Stewart - Someone Like You|COUNTRY - throughtheyears krogers|pet_shop_boys - so hard|television_theme_songs - alf|television_theme_songs - eight in enough|TV Themes - Alf
borrowed parallel diatonic diatonic,→ diatonic (closes),4,10,26,diatonic|borrowed|parallel,F A Am Gm F,silverchair - tomorrow|Genesis - duke's end|Genesis - duke s end|boys_2_men - yesterday|Christian Music - bring back the springtime|Christian Music - oh lord you re beautiful|christian_music - bring back the springtime|gabriele_peter - starless
borrowed parallel parallel dom7,→ dom7 (closes),4,10,21,borrowed|parallel|dom7,Dm A Am A Dm,Sheryl Crow - A Change Would Do You Good|jamiroquai - music of the mind|COUNTRY - Daddy's Money(VERN)|COUNTRY - daddymoney|COUNTRY - daddysmoney|earth_wind_fire - boogie wonderland|pearl_jam - yellow leadbetter|TV Themes - Munsters
borrowed relative chromaticMediant,→ chromaticMediant (closes),3,10,19,relative|borrowed|chromaticMediant,Dm A F#m Dm,Beatles - lucy in the sky with diamonds|CCR - Someday Never Comes|Joe Cocker - up where we belong|Christmas - chipmunks christmas|cocker_joe - up where we belong|COREL COLLECTION - CLAS 24|COUNTRY - Godblesstheusa leegreenwood|COUNTRY - godblessusa
chromaticMediant diatonic diatonic,→ diatonic (closes),3,10,16,diatonic|chromaticMediant,Gm A#m G# Gm,Ben Folds Five - uncle walter|Mariah Carey - till the end of time|Christmas - we three kings|carey_mariah - till the end of time|COREL COLLECTION - SPRT 01|COUNTRY - gentleonmind|grant_amy - el shaddai|Johnny Rivers - RiversBreath Amazon
diatonic diatonic diatonic diatonic dom7,→ dom7 (closes),5,9,45,diatonic|dom7,C Dm7 Em F G C,Bob Dylan - Like a Rolling Stone|ABBA - chiquitita|COUNTRY - awhitesportcoatandpinkcarnation|four_seasons - walk like a man|john_elton - imstillstanding|pet_shop_boys - heart|Righteoud Brothers - RighteousBrothers You'veLostThatLovin'Feeling|Righteoud Brothers - RighteousBrothers You'veLostThatLovin'Feeling1
borrowed dom7 diatonic dom7 fifth,→ fifth (closes),5,9,32,fifth|diatonic|borrowed|dom7,C A7 Dm C F C,nirvana - the man who sold the world|The Kinks - Sunny Afternoon|David Bowie - The Man Who Sold The World|George Michael - Father Figure|COUNTRY - The Tennessee Waltz|COUNTRY - lovemetender|COUNTRY - udontknowme|Movie Themes - Jurassic Park
borrowed diatonic dom7 relative dom7,→ dom7 (closes),5,9,13,diatonic|relative|borrowed|dom7,A7 C D7 G Em7 A7,Eagles - Desperado|oasis - whatever|Joe Cocker - unchain my heart|Billy Joel - Movin Out|cocker_joe - unchain my heart|COREL COLLECTION - LITE 01|joel_billy - movin out|stone_temple_pilots - lady picture show
borrowed fifth fifth dom7 diatonic,→ diatonic (closes),5,9,38,fifth|diatonic|borrowed|dom7,G Bb F C F G,Lady Gaga - Always Remember Us This Way|rush - manhattan project|Hanson - thinking of you|Queen - i can t live with you|Christian Music - rise again|christian_music - rise again|COUNTRY - kissangelgmorn|nirvana - up on a plain
borrowed fifth dom7 diatonic fifth,→ fifth (closes),5,9,30,fifth|diatonic|borrowed|dom7,A C G C D A,Cranberries - Linger|Neil Young - After The Gold Rush|oasis - all around the world|roxette - paint|Genesis - never a time|kiss - rock and roll allnite|led_zepplin - what is and what should never be|lennox_annie - would i lie to you
borrowed diatonic fifth dom7 fifth,→ fifth (closes),5,9,19,fifth|diatonic|borrowed|dom7,A C D A D A,The Beatles - I Am The Walrus|soundgarden - pretty noose|COUNTRY - beer30 bnd|COUNTRY - fancy reba|COUNTRY - watermeloncrawl|Garth Brooks - pap loves mama|Madonna - Madonna IllRemember|nirvana - drain down
diatonic relative dom7 fifth leadingTone,→ leadingTone (closes),5,9,20,fifth|diatonic|relative|dom7|leadingTone,D#dim C#m E A E D#dim,"ABBA - dancing queen|Billy Joel - Piano Man|COUNTRY - The Tennessee Waltz|COUNTRY - sadsongs|COUNTRY - straw|COUNTRY - trouble|COUNTRY - trouble tritt|Johnny Rivers - Rivers,Johnny PoorSideOfTown1"
borrowed borrowed dom7 relative diatonic,→ diatonic (closes),5,9,9,diatonic|relative|borrowed|dom7,E C# E A F#m E,Bryan Adams - Christmas Time|ABBA - name of the game|carey_mariah - miss you most at christmas time|jackson_michael - billie jean|Righteoud Brothers - RighteousBrothers UnchainedMelody2|Righteoud Brothers - RighteousBrothers UnchainedMelody4|television_theme_songs - ducktales|TV Themes - Ducktales
borrowed dom7 dom7 diatonic fifth,→ fifth (closes),5,9,15,fifth|diatonic|borrowed|dom7,F# D# G#m C# B F#,Beatles - from me to you|ABBA - that's me|Mariah Carey - just to hold you once again|ABBA - that s me|carey_mariah - just to hold you once again|Christian Music - over the sunset mountains|christian_music - church in the little green valley|COUNTRY - born2bblu
borrowed diatonic fifth fifth dom7,→ dom7 (closes),5,9,9,fifth|diatonic|borrowed|dom7,E G A E B E,Bryan Adams - Kids Wanna Rock|Ray Charles - what i say|Queen - Queen Crazy little thing called love|charles_ray - what i say|COUNTRY - aintmuchfun tkeith|COUNTRY - midnightspecial|COUNTRY - whyhaventiheardfromyou reba|White Zombie - Temple Of The Bull
borrowed diatonic dom7 dom7 fifth,→ fifth (closes),5,9,38,fifth|diatonic|borrowed|dom7,B G F#m B E B,Mariah Carey - hero|carey_mariah - hero|hornsby_bruce - stander on the mountain|pearl_jam - jeremy|television_theme_songs - family circus|TV Themes - Monty Python|UNSORTED - ANCHOR|UNSORTED - hero1
borrowed fifth dom7 dom7 diatonic,→ diatonic (closes),5,9,14,fifth|diatonic|borrowed|dom7,A# G D G C A#,Eric Clapton - white room|COUNTRY - elvira|clapton_eric - white room|COUNTRY - chet 1mintjulep|COUNTRY - feelluckymccarp|COUNTRY - hardworkinman|COUNTRY - ifeellucky2nite marycc|COUNTRY - ithinkilljust haggard
diatonic relative fifth relative relative,→ relative (closes),5,9,14,fifth|diatonic|relative,A# Cm D# A# Gm A#,oasis - stand by me|oasis - morning glory|Queen - save me|Depech Mode - somebody|COUNTRY - britney sometimes|depeche_mode - somebody|UNSORTED - leanonme1|UNSORTED - MORNINGGLORY
borrowed fifth diatonic tritoneSub,→ tritoneSub (closes),4,9,14,fifth|diatonic|borrowed|tritoneSub,C# A E D C#,Red Hot Chili Peppers - Californication|Beatles - we can work it out|The Pogues - Fairytale of New York|Beatles - abbey road medley|Foreigner - Blue Morning|dire_straits - private|Righteoud Brothers - RighteousBrothers EbbTide|van_halen - spanish fly
borrowed dom7 dom7 fifth,→ fifth (closes),4,9,29,fifth|borrowed|dom7,Am E Am Dm Am,The Animals - House of the Rising Sun|Cake - never there|CCR - I Put A Spell On You|Santana - Black Magic Woman|Eric Clapton - i shot the sheriff|Ricky Martin - La Copa De La Vida|clapton_eric - i shot the sheriff|doors_the - people are strange
leadingTone leadingTone relative relative,→ relative (closes),4,9,9,relative|leadingTone,F# Fdim F# D#m F#,Madonna - papa don't preach|Madonna - papa don t preach|Michael Bolton - when a man loves a woman|Eagles - Heartache Tonight|Genesis - horizons|bolton_michael - when a man loves a woman|COUNTRY - banksoftheohio mwillis|joel_billy - big man on mulberry street
diatonic dom7 diatonic dom7 dom7,→ dom7 (closes),5,8,16,diatonic|dom7,Gb7 Fm Bb7 Ab Db Gb7,Celine Dion - Immortality|Carole King - You’ve Got a Friend|Christian Music - bring back the springtime|christian_music - bring back the springtime|keil_marty - reggae birthday death march|Movie Themes - apollo 13|sailor_moon - sailor stars|Billy Joel - BillyJoel Miami2017
borrowed borrowed fifth diatonic diatonic,→ diatonic (closes),5,8,9,fifth|diatonic|borrowed,Ebsus2 Csus2 Ab Eb Db Ebsus2,Crowded House - Don't Dream It's Over|Peter Cetera - glory of love|cetera_peter - glory of love|COUNTRY - aceinhole|COUNTRY - aceinthehole|emerson_lake_and_palmer - tarkus|guns_%26_roses - anything goes|hornsby_bruce - stander on the mountain
diatonic fifth fifth relative relative,→ relative (closes),5,8,23,fifth|diatonic|relative,F Ebsus2 Bb F Dm F,rush - limelight|Jackson Browne  - Doctor My Eyes|COREL COLLECTION - POP 02|COREL COLLECTION - ROCK 02|COUNTRY - headscarolina|COUNTRY - headscaroline tailscalifornia jodeemessina|hawkins_sophie - as i lay me down|rogers_kenny - lady
borrowed borrowed dom7 diatonic dom7,→ dom7 (closes),5,8,14,diatonic|borrowed|dom7,C E C F G C,John Lennon - Imagine|Ben Folds Five - julianne|beach_boys - i just wasnt made for these times|COREL COLLECTION - INTL 16|COUNTRY - downonthefarm timmcg|COUNTRY - ringonherfinger|Elvis - bluehawaii|television_theme_songs - one day at a time
diatonic dom7 relative dom7 relative,→ relative (closes),5,8,24,diatonic|relative|dom7,D Em A F#m Bm D,Lana Del Rey - Young And Beautiful|offspring - amazed|Mariah Carey - someday|carey_mariah - someday|COREL COLLECTION - TECH 08|gaye_marvin - mercy mercy me|TV Themes - Love Boat|UNSORTED - barbados
diatonic dom7 dom7 tritoneSub dom7,→ dom7 (closes),5,8,34,diatonic|dom7|tritoneSub,G# F# B E D# G#,Neil Diamond - Sweet Caroline|Beatles - carry that weight|The Bangles - Hazy Shade Of Winter|Bangles - hazy|COREL COLLECTION - MOOD 04|COUNTRY - leroyanderson belleofball|COUNTRY - putyourhead|simon_%26_garfunkel - hazy shade of winter
diatonic dom7 parallel parallel dom7,→ dom7 (closes),5,8,24,diatonic|parallel|dom7,Esus2 F#7 B Bm B Esus2,The Beatles - Penny Lane|Sting - fragile|Christian Music - jerusalem happy home|christian_music - jerusalem happy home|COUNTRY - highlowninbetween|COUNTRY - theshake|hornsby_bruce - china doll|zz_top - gimme all your lovin
borrowed diatonic diatonic diatonic tritoneSub,→ tritoneSub (closes),5,8,16,diatonic|borrowed|tritoneSub,C# E F# E D C#,aerosmith - dream on|The Pogues - Fairytale of New York|Backstreet Boys - all i have to give|Mariah Carey - make it happen|Beatles - abbey road medley|carey_mariah - make it happen|doors_the - 20th century fox|grant_amy - everywhere i go
diatonic fifth dom7 relative fifth,→ fifth (closes),5,8,12,fifth|diatonic|relative|dom7,G Am Em Am C G,Madonna - take a bow|offspring - leave it behind|yes - starship trooper|ABBA - eagle|COUNTRY - 26cents|Madonna - Madonna TakeABow|Movie Themes - Starship Troopers|UNSORTED - TEKKENII
borrowed relative relative relative parallel,→ parallel (closes),5,8,10,relative|borrowed|parallel,G A# Gm A# Gm G,ABBA - like an angel passing through my room|Eric Clapton - rock n roll heart|ABBA - like an angel pŠugh my room|clapton_eric - rock 'n roll heart|COUNTRY - rocknrollhrt|earth_wind_fire - fantasy|hendrix_jimi - voodoo chile|television_theme_songs - mst3k
diatonic fifth relative relative relative,→ relative (closes),5,8,13,fifth|diatonic|relative,F Gm Dm F Dm F,"ABBA - summer night city|soundgarden - bootcamp|Huey Lewis - I Want a New Drug|America - america I Need You sll|emerson_lake_and_palmer - lucky man|loeb_lisa - stay|palmer_robert - bad case of lovin you|Robert Palmer - Palmer, Robert Bad case of lovin you"
diatonic relative relative fifth relative,→ relative (closes),5,8,8,fifth|diatonic|relative,D Em G Em Bm D,ABBA - waterloo|Bee Bees - stayin alive|beegees - stayin alive|police - bring on the night|usher - nice and slow|yes - heart of sunrise|Righteoud Brothers - RighteousBrothers UnchainedMelody7|UNSORTED - UNCHAIND
borrowed borrowed dom7 fifth fifth,→ fifth (closes),5,8,14,fifth|borrowed|dom7,A F# D G D A,rush - red barchetta|Ace Of Base - don t turn around|ace_of_base - don't turn around|Ace Of Base - Dont Turn Around|COUNTRY - arizona|COUNTRY - cantdigoutofthehole rt|COUNTRY - cowboylove|COUNTRY - downatthetwistnshout
borrowed diatonic diatonic dom7 fifth,→ fifth (closes),5,8,10,fifth|diatonic|borrowed|dom7,D A# C D G D,beegees - how can you mend a broken heart|Eric Clapton - white room|Beach Boys - surfs up|beach_boys - surfs up|clapton_eric - white room|COUNTRY - cowboyjoe|pet_shop_boys - normally|pet_shop_boys - se a vida e
borrowed borrowed fifth diatonic fifth,→ fifth (closes),5,8,16,fifth|diatonic|borrowed,B G B F# E B,Beatles - fixing a hole|Beatles - boys|Beat - puffy beenaround|COUNTRY - downonthefarm timmcg|COUNTRY - keephandstoyourself|led_zepplin - rock and roll|puff_daddy - been around the world|u_s_songs - washington post march
borrowed fifth diatonic dom7 fifth,→ fifth (closes),5,8,17,fifth|diatonic|borrowed|dom7,E G D E A E,kiss - plaster caster|Tori Amos - daisy dead petals|Beatles - me and my monkey|Queen - Queen A kind of magic|doors_the - 20th century fox|Movie Themes - Dr Zhivago|television_theme_songs - andy griffith|TV Themes - Andy Griffith
borrowed diatonic dom7 fifth fifth,→ fifth (closes),5,8,22,fifth|diatonic|borrowed|dom7,A# C# D# G# D# A#,Beatles - piggies|kiss - rock and roll allnite|Brooks N Dunn - boot scoot and boogie|Christian Music - joyful joyful we adore thee|christian_music - joyful joyful we adore thee|COUNTRY - bd bootscoot sm|COUNTRY - dourememberthese|Mozart - reqb
borrowed borrowed diatonic borrowed dom7,→ dom7 (closes),5,8,8,diatonic|borrowed|dom7,Dm A C Dm A Dm,Garth Brooks - thunder rolls|brooks_garth - thunder rolls|COUNTRY - hardworkinman|smashing_pumpkins - today|television_theme_songs - waltons|TV Themes - Waltons|UNSORTED - EVE|UNSORTED - evewar
borrowed diatonic dom7 fifth diatonic,→ diatonic (closes),5,8,12,fifth|diatonic|borrowed|dom7,F# D E A E F#,Celine Dion - To Love You More|COUNTRY - abilene|COUNTRY - asundaykindoflove reba|COUNTRY - canitrustuwithmyhrt|COUNTRY - cantItrustyouwithmyheart|COUNTRY - itwouldnthurt mchestnut|Righteoud Brothers - RighteousBrothers UnchainedMelody|Billy Joel - BillyJoel RootbeerRag
diatonic diatonic dom7 leadingTone,→ leadingTone (closes),4,8,16,diatonic|dom7|leadingTone,A#dim G#m F# B A#dim,Barry Manilow - Copacabana|ABBA - angel eyes|Disney - Duck Tales|Christian Music - were you there|christian_music - were you there|COUNTRY - buymearose|COUNTRY - buymearose kennyrogers|UNSORTED - CID STHE
diatonic diatonic dom7 tritoneSub,→ tritoneSub (closes),4,8,34,diatonic|dom7|tritoneSub,A# G# F# B A#,Alice In Chains - heaven beside you|alice_in_chains - heaven beside you|Bangles - eternal flame|Christmas - its beginning to look a lot like christmas|led_zepplin - stairway to heaven|palmer_robert - simply irrestible|Robert Palmer - Robert Palmer Simply Irresistible|UNSORTED - FLAME
borrowed diatonic relative diatonic,→ diatonic (closes),4,8,16,diatonic|relative|borrowed,G E F#m A G,CCR - Proud Mary|rush - the weapon|live - rattlesnake|SEAL - dreaming in metaphors|COUNTRY - amithateasytoforget|pet_shop_boys - se a vida e|UNSORTED - southhampton|u_s_songs - 1812 overture
diatonic dom7 dom7 parallel,→ parallel (closes),4,8,20,diatonic|parallel|dom7,G Am D Gm G,Sting - fragile|Marc Anthony - Vivir Lo Nuestro|Huey Lewis - Heart of Rock and Roll|Christian Music - over the sunset mountains|COUNTRY - AGDTTSCU|COUNTRY - aintgoingdown|COUNTRY - aintgoingdowntillthesuncomesup|COUNTRY - ISwear
borrowed parallel diatonic dom7,→ dom7 (closes),4,8,22,diatonic|borrowed|parallel|dom7,A F# F#m E A,sublime - santeria|Eric Clapton - bellbottom blues|clapton_eric - bellbottom blues|COREL COLLECTION - WEST 01|COUNTRY - htmoon|television_theme_songs - miami vice|television_theme_songs - motel six|Billy Joel - BillyJoel TheEntertainer
diatonic relative fifth relative fifth,→ fifth (closes),5,7,9,fifth|diatonic|relative,Gm Fm Ab Eb Cm Gm,Beach House - Space Song|Billy Joel - Goodnight Saigon|Queen - days of our lives|America - America TinMan|dire_straits - brothers in arms|rolling_stones - angie|UNSORTED - whyheart
borrowed dom7 relative dom7 fifth,→ fifth (closes),5,7,12,fifth|relative|borrowed|dom7,D F# Bm D7 G D,Beatles - there's a place|Billy Joel - She's Got A Way|Beatles - there s a place|COUNTRY - homeaintwhere|COUNTRY - homeaintwheretheheartisanymore|earth_wind_fire - home|Movie Themes - Youre The One That I Want
diatonic diatonic relative diatonic relative,→ relative (closes),5,7,9,diatonic|relative,Em D C Am7 G Em,Metallica - one|ABBA - waterloo|Gerry Rafferty - Right Down The Line|Cat Stevens - Father And Son|COREL COLLECTION - CLAS 17|kc_and_the_sunshine_band - kc medley|SmashMouth - I Cant Get Enough Of You
borrowed dom7 fifth diatonic diatonic,→ diatonic (closes),5,7,10,fifth|diatonic|borrowed|dom7,Ab F Bb F Gm Ab,"Elton John - Can You Feel The Love Tonight|COUNTRY - whos|COUNTRY - whosthatman|joel_billy - famous last words|Phil Collins - Collins, Phil Do you remember|television_theme_songs - earth two|UNSORTED - midi eternalframe"
diatonic relative dom7 relative relative,→ relative (closes),5,7,9,diatonic|relative|dom7,F Ebmaj7 Cm F Dm F,Olivia Rodrigo - Drivers License|Boyz II Men - ill make love to you|Kenney Rogers - Through the Years|America - america a horse with no name1|boys_2_men - ill make love to you|smashing_pumpkins - tonight tonight|super_tramp - bloody well right
diatonic dom7 dom7 relative fifth,→ fifth (closes),5,7,7,fifth|diatonic|relative|dom7,F#m Em7 A D Bm F#m,The Beatles - Across The Universe|Chubby Checker - let s twist again|Rod Stewart - Some Guys Have All the Luck|checker_chubby - let's twist again|Christian Music - calvary s love|christian_music - calvary's love|u_s_songs - us army hymn (god of our fathers)
borrowed diatonic fifth dom7 dom7,→ dom7 (closes),5,7,19,fifth|diatonic|borrowed|dom7,D B7 A E7 A D,The Beatles - Here Comes The Sun|Disney - Hakuna Matata|COUNTRY - blame hwy101|COUNTRY - chillofanearlyfall gs|COUNTRY - dourememberthese|COUNTRY - sheandi al|Right Said Fred - RightSaidFred You'reMyMate
diatonic fifth diatonic parallel dom7,→ dom7 (closes),5,7,11,fifth|diatonic|parallel|dom7,Cm A# F G Gm Cm,Barry Manilow - Even Now|REM - whats the frequency kenneth|Queen - it s a hard life|COUNTRY - hellowalls|COUNTRY - silverwings|Movie Themes - Summer Love|UNSORTED - HARDLIFE
diatonic diatonic dom7 parallel relative,→ relative (closes),5,7,25,diatonic|relative|parallel|dom7,A# C D G Gm A#,Depech Mode - master and servant|Genesis - Land of Confusion|Beach Boys - surfs up|beach_boys - surfs up|depeche_mode - master and servant|UNSORTED - LANDOFCO|UNSORTED - MASTER A
borrowed dom7 relative relative diatonic,→ diatonic (closes),5,7,9,diatonic|relative|borrowed|dom7,G E Am C Am G,Bobby Brown - my perogative|brown_bobby - my perogative|COUNTRY - feelings|COUNTRY - mountmus al|COUNTRY - silverwings|television_theme_songs - macgyver|TV Themes - Mash
diatonic relative diatonic relative relative,→ relative (closes),5,7,7,diatonic|relative,Am A# Gm Am C Am,Eric Clapton - wonderful tonight|Celine Dion - Falling Into You|clapton_eric - wonderful tonight|COUNTRY - fadedpictureson thewall|COUNTRY - inadiffe|COUNTRY - keepstars|dion_celine - think twice
diatonic dom7 fifth relative fifth,→ fifth (closes),5,7,9,fifth|diatonic|relative|dom7,G Am Dm Am C G,Phil Collins - against all odds|Metallica - low man's lyric|Celine Dion - Immortality|Metallica - low man s lyric|collins_phil - against all odds|houston_whitney - greatest love of all|pearl_jam - smile
borrowed dom7 dom7 dom7 diatonic,→ diatonic (closes),5,7,9,diatonic|borrowed|dom7,Dm A D G C Dm,"Celine Dion - To Love You More|Huey Lewis - Perfect World|Johnny Rivers - Rivers,Johnny SeventhSon|television_theme_songs - chip n dale rescue rangers|TV Themes - Chip n Dale Rescuerangers|UNSORTED - I Just Called To Say I Love|wonder_stevie - i just called to say i love you"
borrowed dom7 fifth diatonic dom7,→ dom7 (closes),5,7,15,fifth|diatonic|borrowed|dom7,D B E B A D,"Christian Music - holy city|christian_music - holy city|Johnny Rivers - Rivers,Johnny Memphis1|Johnny Rivers - Rivers,Johnny MemphisTennessee|lennon_john - jealous guy|Movie Themes - Starship Troopers|UNSORTED - midi eternalframe"
diatonic parallel parallel dom7 dom7,→ dom7 (closes),5,7,9,diatonic|parallel|dom7,F Gm G Gm C F,weezer - el scorcho|Phil Collins - sussudio|Enigma - sadness|Genesis - sussudio|collins_phil - sussudio|COUNTRY - 57chevy billyjospears|pearl_jam - yellow leadbetter
borrowed fifth relative relative diatonic,→ diatonic (closes),5,7,8,fifth|diatonic|relative|borrowed,A C G Em G A,police - every breath|guns_%26_roses - back off bitch|Rollin STones - You Cant Always Get What|rolling_stones - you can't always get what you want|Sting - evrybrth|Sting - evrybrth1|Sting - Police EveryBreathYouTake
diatonic parallel diatonic relative relative,→ relative (closes),5,7,7,diatonic|relative|parallel,C Dm D C Am C,toto - africa|inxs - the swing|television_theme_songs - friends|television_theme_songs - oj simpson trial theme|UNSORTED - AFRICA|UNSORTED - Toto Africa|Billy Joel - BillyJoel PianoMan
dom7 dom7 relative tritoneSub,→ tritoneSub (closes),4,7,53,relative|dom7|tritoneSub,A Dm Gm Bb A,Amy Winehouse - Back To Black|Mariah Carey - looking in|Marc Anthony - Vivir Lo Nuestro|COUNTRY - anymore|carey_mariah - looking in|lennox_annie - sweet dreams|sailor_moon - sailor stars
borrowed fifth diatonic diatonic,→ diatonic (closes),4,7,9,fifth|diatonic|borrowed,C A E D C,Red Hot Chili Peppers - Californication|Lynyrd Skynyrd - Simple Man|yes - and you and i|The Cars - let s go|cars_the - let's go|COUNTRY - allmyrowdyfrds|rolling_stones - ruby tuesday
borrowed diatonic borrowed diatonic,→ diatonic (closes),4,7,13,diatonic|borrowed,Eb G A F Eb,"The Beatles - Something|Metallica - symphony|Christian Music - joyful joyful we adore thee|christian_music - joyful joyful we adore thee|COUNTRY - betterman|foo_fighters - down in the park|Lionel Richie - Richie,Lionel SayYouSayMe"
chromaticMediant chromaticMediant relative relative,→ relative (closes),4,7,32,relative|chromaticMediant,Fm Dm Fm G# Fm,Alice In Chains - nutshell|alice_in_chains - nutshell|2 Unlimited - twilight zone|2_unlimited - twilight zone|everlast - what it s like|Beat - whatitslike|reel_big_fish - she has a girlfriend now
diatonic diatonic leadingTone fifth,→ fifth (closes),4,7,23,fifth|diatonic|leadingTone,C Dm Edim F C,BTO - Let It Ride|ABBA - like an angel passing through my room|ABBA - like an angel pŠugh my room|COREL COLLECTION - WEST 05|COUNTRY - whenbluemoon2gold|no_doubt - spiderwebs|UNSORTED - edwinmccain illbe
borrowed relative dom7 fifth,→ fifth (closes),4,7,10,fifth|relative|borrowed|dom7,C D# Cm F C,Billy Joel - New York State of Mind|Christmas - christmas melody|COUNTRY - dourememberthese|dion_celine - move any mountain|nine_inch_nails - down in it|smash_mouth - walking in the sun|UNSORTED - SLEIGH
diatonic relative diatonic relative,→ relative (closes),4,7,13,diatonic|relative,F G Em Dm F,radiohead - karma police|yes - roundabout|Genesis - never a time|toto - a thousand years|Don Henley - end of innocence|COREL COLLECTION - LITE 14|UNSORTED - lemis
diatonic parallel fifth relative,→ relative (closes),4,7,8,fifth|diatonic|relative|parallel,A# C Cm Gm A#,Olivia Newton John - Hopelessly Devoted to You|police - bring on the night|yes - heart of sunrise|COREL COLLECTION - SPRT 11|television_theme_songs - knot's landing|television_theme_songs - knot s landing|wonder_stevie - master blaster
borrowed diatonic relative fifth,→ fifth (closes),4,7,9,fifth|diatonic|relative|borrowed,D# F# Fm G# D#,"Genesis - invisible touch|Genesis - No Son of Mine|COUNTRY - threetimes|Lionel Richie - Richie,Lionel ThreeTimesALady|Lionel Richie - Richie,Lionel ThreeTimesALady1|petty_tom - into the great wide open|UNSORTED - INVTOUCH"
borrowed fifth borrowed tritoneSub,→ tritoneSub (closes),4,7,8,fifth|borrowed|tritoneSub,F# A E G F#,moist - push|Eagles - Eagles HotelCalifornia2|Movie Themes - Jurassic Park|UNSORTED - BIRTHDAY|UNSORTED - HOTELCAL|wonder_stevie - that's what friends are for|wonder_stevie - that s what friends are for
borrowed borrowed borrowed,→ borrowed (closes),3,7,11,borrowed,D F# A# D,Genesis - broadway melody of 1974|rednex - cotton eyed joe|yes - heart of sunrise|carey_mariah - miss you most at christmas time|COUNTRY - biblebelt tritt|john_elton - your song|pearl_jam - hail hail
borrowed fifth fifth diatonic dom7,→ dom7 (closes),5,6,12,fifth|diatonic|borrowed|dom7,D7 F C G Am D7,Billy Joel - Piano Man|Queen - You're My Best Friend|Eagles - Desperado|Sting - All This Time|COREL COLLECTION - LITE 03|rea_chris - two roads
diatonic diatonic fifth fifth fifth,→ fifth (closes),5,6,12,fifth|diatonic,E F#m G D A E,Taylor Swift - Lover|John Denver - Take Me Home Country Roads|Dixie Chicks - I Can Love You Better|Mariah Carey - vanishing|carey_mariah - vanishing|Stevie Nicks - I Can Love You Better
borrowed borrowed borrowed diatonic fifth,→ fifth (closes),5,6,9,fifth|diatonic|borrowed,E G E G A E,Tears for Fears - Head Over Heels|Lynyrd Skynyrd - Simple Man|soundgarden - pretty noose|Sarah McGlachlan - Building A Mystery|COUNTRY - addictedtoadollar|Madonna - Madonna IllRemember
borrowed dom7 diatonic fifth diatonic,→ diatonic (closes),5,6,14,fifth|diatonic|borrowed|dom7,C E A G D C,oasis - shakermaker|Queen - invisible man|Pure Prairie League - Amie|Christmas - chestnuts roasting on an open fire|dion_celine - power of the dream|u_s_songs - olympic theme 1996
borrowed borrowed relative diatonic dom7,→ dom7 (closes),5,6,8,diatonic|relative|borrowed|dom7,G# F G# Fm D# G#,Rollin STones - Under my Thumb|2 Unlimited - workaholic|2_unlimited - workaholic|luniz - 5 on it|COREL COLLECTION - CLAS 23|Righteoud Brothers - RighteousBrothers EbbTide
borrowed borrowed relative relative relative,→ relative (closes),5,6,11,relative|borrowed,Em B G Em G Em,AC DC - for those about to rock|ac_dc - for those about to rock|Duran Duran - chauffer|Beat - gangstasparadise|Duran Duran - DuranDuran TheChauffer|duran_duran - chauffer
diatonic dom7 dom7 parallel parallel,→ parallel (closes),5,6,9,diatonic|parallel|dom7,D E A D Dm D,aerosmith - crazy|Bon Jovi - bad medicine|Marc Anthony - Vivir Lo Nuestro|Huey Lewis - Heart of Rock and Roll|COUNTRY - itsmyparty|UNSORTED - igotyou
diatonic relative relative relative leadingTone,→ leadingTone (closes),5,6,7,diatonic|relative|leadingTone,D#dim C#m E C#m E D#dim,Alice In Chains - i stay away|alice_in_chains - i stay away|Shawn Colvin - sunny came home|Journey - Journey Anyway you want it|colvin_shawn - sunny came home|guess_who - these eyes
diatonic leadingTone relative relative relative,→ relative (closes),5,6,12,diatonic|relative|leadingTone,Em F#dim G Em G Em,Collective Soul - precious declaration|Hanson - thinking of you|America - america I Need You|America - america I Need You sll|collective_soul - precious declaration|van_halen - human being
borrowed dom7 relative fifth dom7,→ dom7 (closes),5,6,6,fifth|relative|borrowed|dom7,G B Em G D G,Disney - Feed The Birds|Barry Manilow - BarryManilow CantSmileWithoutYou|COUNTRY - homeaintwhere|COUNTRY - homeaintwheretheheartisanymore|TV Themes - Ally McBeal|UNSORTED - THANK
borrowed borrowed borrowed diatonic dom7,→ dom7 (closes),5,6,16,diatonic|borrowed|dom7,G D# G D# Dm G,radiohead - planet telex|Tears for Fears - Sowing the Seeds of Love|offspring - way down the line|beach_boys - i just wasnt made for these times|jackson_michael - stranger in moscow|UNSORTED - YESSIRIC
borrowed borrowed diatonic fifth fifth,→ fifth (closes),5,6,11,fifth|diatonic|borrowed,B D B A E B,Beatles - a taste of honey|Journey - Journey Open Arms|COUNTRY - addictedtoadollar|hornsby_bruce - the long race|richie_lionel - three times a lady|u_s_songs - stars and stripes forever
borrowed dom7 diatonic relative dom7,→ dom7 (closes),5,6,11,diatonic|relative|borrowed|dom7,F#m C# F#m E C#m F#m,Beatles - real love|COREL COLLECTION - WEST 06|COUNTRY - lips|Metallica - hook theme|michael_george - jesus to a child|UNSORTED - hook
borrowed parallel diatonic diatonic relative,→ relative (closes),5,6,6,diatonic|relative|borrowed|parallel,D#m A# A#m G#m F# D#m,Eric Clapton - i shot the sheriff|Blues Traveller - crash and burn|beegees - woman in love|clapton_eric - i shot the sheriff|Bee Bees - woman in love|blues_traveller - crash and burn
borrowed borrowed borrowed tritoneSub diatonic,→ diatonic (closes),5,6,10,diatonic|borrowed|tritoneSub,E G B G F# E,Genesis - firth of fifth|Ben Folds Five - underground|Billy Joel - Shes Always a Woman to Me|jackson_michael - billie jean|joel_billy - baby grand|UNSORTED - Billyjean
diatonic leadingTone leadingTone relative dom7,→ dom7 (closes),5,6,9,diatonic|relative|dom7|leadingTone,Am G F#dim G Em Am,Boston - more than a feeling|Madonna - papa don't preach|Madonna - papa don t preach|Mariah Carey - oh holy night|carey_mariah - oh holy night|Madonna - Madonna PapaDontPreach
borrowed relative parallel dom7 fifth,→ fifth (closes),5,6,10,fifth|relative|borrowed|parallel|dom7,F G# Fm F A# F,James Brown - i got the feelin|Eric Clapton - rollin and tumblin|brown_james - i got the feelin|clapton_eric - rollin and tumblin|spice_girls - too much|UNSORTED - TOOMUCH
borrowed borrowed borrowed relative parallel,→ parallel (closes),5,6,16,relative|borrowed|parallel,F D F G# Fm F,silverchair - tomorrow|rush - time and motion|James Brown - i got the feelin|brown_james - i got the feelin|Garth Brooks - black sheep of the family|nine_inch_nails - sanctified
diatonic dom7 relative fifth fifth,→ fifth (closes),5,6,15,fifth|diatonic|relative|dom7,G Am Dm F C G,Celine Dion - Immortality|COUNTRY - fromheretoeternity|green_day - when i come around|jackson_michael - the girl is mine|TV Themes - Cheers|wonder_stevie - you are the sunshine of my life
borrowed borrowed diatonic diatonic fifth,→ fifth (closes),5,6,10,fifth|diatonic|borrowed,D# B G# A# G# D#,"jamiroquai - too young to die|Christmas - chestnuts roasting on an open fire|COUNTRY - chet windy n warm|Johnny Rivers - Rivers,Johnny SecretAgentMan7|UNSORTED - gradua|UNSORTED - TOOYOUNG"
borrowed dom7 relative diatonic dom7,→ dom7 (closes),5,6,13,diatonic|relative|borrowed|dom7,D B Em G A D,Madonna - you'll see|Madonna - you ll see|COUNTRY - pc crazy|grant_amy - heirlooms|Madonna - Madonna YoullSee|TV Themes - Love Boat
borrowed parallel parallel parallel relative,→ relative (closes),5,6,20,relative|borrowed|parallel,D# C Cm C Cm D#,pantera - mouth for war|silverchair - tomorrow|crow_sheryl - everyday is a winding road|hendrix_jimi - voodoo chile|Johnny Rivers - RiversBreath Amazon|nine_inch_nails - sanctified
borrowed dom7 borrowed dom7 relative,→ relative (closes),5,6,19,relative|borrowed|dom7,E G# C#m G# C#m E,Duran Duran - a view to kill|Duran Duran - DuranDuran AViewToAKill|duran_duran - a view to kill|stone_temple_pilots - big bang baby|stone_temple_pilots - daisy|UNSORTED - DADDY CO
borrowed dom7 relative relative relative,→ relative (closes),5,6,7,relative|borrowed|dom7,G B Em G Em G,Duran Duran - chauffer|Duran Duran - DuranDuran TheChauffer|duran_duran - chauffer|jethro_tull - bouree|Movie Themes - Youre The One That I Want|UNSORTED - SWAMP TH
borrowed borrowed borrowed borrowed fifth,→ fifth (closes),5,6,7,fifth|borrowed,D B G B G D,TLC - Creep|phish - theme from the bottom|prodigy - wind it up|UNSORTED - creep|UNSORTED - igotyou|UNSORTED - YouAreMysunshine
diatonic dom7 diatonic tritoneSub,→ tritoneSub (closes),4,6,7,diatonic|dom7|tritoneSub,F# E A G F#,The Pogues - Fairytale of New York|Christofer Cross - Arthurs Theme|COREL COLLECTION - LITE 01|dire_straits - sultans of swing|UNSORTED - sulta|van_halen - just a gigalo
dom7 parallel fifth parallel,→ parallel (closes),4,6,11,fifth|parallel|dom7,C#m F#m F# C# C#m,Metallica - creeping death|Beatles - i saw her standing there|ABBA - name of the game|COREL COLLECTION - SPRT 11|pearl_jam - yellow leadbetter|UNSORTED - NAME
borrowed tritoneSub dom7 dom7,→ dom7 (closes),4,6,11,borrowed|dom7|tritoneSub,A C B E A,Beatles - being for the benefit of mr kite|Allman Brothers Band - melissa|carey_mariah - i've been thinking about you|houston_whitney - all the man|UNSORTED - PASSINGB|UNSORTED - somewhere
diatonic dom7 diatonic leadingTone,→ leadingTone (closes),4,6,8,diatonic|dom7|leadingTone,G#dim F#m Bm A G#dim,cocker_joe - with a little help from my friends|COUNTRY - First degree(VERN)|COUNTRY - loveinfirstde al|television_theme_songs - wonder years|TV Themes - With A Little Help|TV Themes - Wonder Years
borrowed diatonic diatonic relative,→ relative (closes),4,6,12,diatonic|relative|borrowed,A# G F Gm A#,Genesis - grand parade of lifeless packaging|COREL COLLECTION - NEWA 08|COREL COLLECTION - TECH 06|COUNTRY - THE CHANGE|COUNTRY - YouAndOnlyYou|pet_shop_boys - one in a million
borrowed dom7 parallel diatonic,→ diatonic (closes),4,6,10,diatonic|borrowed|parallel|dom7,G E A Am G,styx - blue collar man (long nights)|COUNTRY - easycomego|COUNTRY - guysdoitalltime mindymc|COUNTRY - lovesickblues|television_theme_songs - soap|veruca_salt - volcano
borrowed fifth relative parallel,→ parallel (closes),4,6,12,fifth|relative|borrowed|parallel,F# D A F#m F#,police - roxanne|Genesis - get 'em out by friday|Genesis - get em out by friday|Sting - saint agnes and the burning|Eric Clapton - Eric Clapton Tears in heaven1|weather_report - teentown
borrowed fifth dom7 diatonic diatonic,→ diatonic (closes),5,5,6,fifth|diatonic|borrowed|dom7,G Eb Bb Eb F G,Beatles - lovely rita|Barry Manilow - Mandy|TLC - Redlight Special|Barry Manilow - Even Now|UNSORTED - norain
borrowed dom7 dom7 diatonic relative,→ relative (closes),5,5,7,diatonic|relative|borrowed|dom7,F#m C# F#m B A F#m,The Kinks - Waterloo Sunset|Sheryl Crow - A Change Would Do You Good|COUNTRY - mostbeautgirlworld|disney_songs - one jump|Mozart - req5
borrowed dom7 fifth dom7 tritoneSub,→ tritoneSub (closes),5,5,7,fifth|borrowed|dom7|tritoneSub,E C F C F E,soundgarden - pretty noose|Asia - only time will tell|Genesis - fading lights|Hanson - madeline|COUNTRY - whenbluemoon2gold
borrowed relative diatonic diatonic tritoneSub,→ tritoneSub (closes),5,5,5,diatonic|relative|borrowed|tritoneSub,E C Am G F E,Beach Boys - good vibrations|beach_boys - good vibrations|Queen - play the game|Asia - only time will tell|Queen - Queen Play The Game
diatonic relative dom7 relative dom7,→ dom7 (closes),5,5,8,diatonic|relative|dom7,F G Em Am C F,Beatles - in my life|COUNTRY - valentine|dion_celine - where does my heart beat now|rea_chris - auf immer und ewig|UNSORTED - woman
diatonic fifth relative diatonic relative,→ relative (closes),5,5,14,fifth|diatonic|relative,Am A# F Dm C Am,Beatles - there's a place|Cyndi Lauper - I Drove All Night|Beatles - there s a place|joel_billy - nocturne|UNSORTED - holdmenw
borrowed diatonic fifth diatonic diatonic,→ diatonic (closes),5,5,6,fifth|diatonic|borrowed,F G# A#m Fm D# F,Bjork - oh so quiet|COUNTRY - aintmuchfun tkeith|COUNTRY - boysnme sawyer|COUNTRY - wakeup lilsuzie everlybros|UNSORTED - ITS OH S
borrowed parallel relative relative relative,→ relative (closes),5,5,14,relative|borrowed|parallel,C A Am C Am C,prince - cream|Blues Traveller - crash and burn|blues_traveller - crash and burn|rolling_stones - jumping jack flash|rolling_stones - mixed emotions
diatonic dom7 leadingTone leadingTone relative,→ relative (closes),5,5,7,diatonic|relative|dom7|leadingTone,Cm A# D# Ddim D# Cm,Disney - Circle Of Life|Christmas - oh come all ye faithful|Bob Seger - BobSeger BlindLove|COUNTRY - ialright|john_elton - circle of life
borrowed dom7 borrowed dom7 diatonic,→ diatonic (closes),5,5,5,diatonic|borrowed|dom7,G E Am E Am G,Christofer Cross - Sailing|Bobby Brown - my perogative|brown_bobby - my perogative|COREL COLLECTION - LITE 08|COUNTRY - udontknowme
borrowed borrowed dom7 dom7 fifth,→ fifth (closes),5,5,5,fifth|borrowed|dom7,B D F# B E B,Michael Bolton - steel bars|Christmas - its beginning to look a lot like christmas|bolton_michael - steel bars|COUNTRY - blueyescrying|r_kelly - i believe i can fly
borrowed borrowed diatonic diatonic dom7,→ dom7 (closes),5,5,9,diatonic|borrowed|dom7,C E G F G C,Genesis - follow you follow me|Boyz II Men - Yesterday|COUNTRY - 7 spanish angels|foo_fighters - up in arms|UNSORTED - 12THRAG2
dom7 dom7 dom7 relative parallel,→ parallel (closes),5,5,7,relative|parallel|dom7,A D G C Am A,Joe Cocker - summer in the city|Queen - don t try so hard|cocker_joe - summer in the city|COUNTRY - udontknowme|COUNTRY - whatsgoingoninyourworld
dom7 fifth fifth dom7 parallel,→ parallel (closes),5,5,8,fifth|parallel|dom7,Em A E B E Em,COUNTRY - aintnothingwrongwradio|COUNTRY - devilwoman|COUNTRY - dontrockjukebox|COUNTRY - im2blame mickeygilley|COUNTRY - Vern's Unbelievable
borrowed borrowed fifth diatonic relative,→ relative (closes),5,5,8,fifth|diatonic|relative|borrowed,C E C G Am C,Dixie Chicks - I Can Love You Better|ub40 - can't help falling in love with you|COUNTRY - mostbeautgirlworld|pet_shop_boys - one in a million|Stevie Nicks - I Can Love You Better
borrowed dom7 diatonic diatonic tritoneSub,→ tritoneSub (closes),5,5,7,diatonic|borrowed|dom7|tritoneSub,A F A# Am A# A,"COUNTRY - valentine|Johnny Rivers - Rivers,Johnny SecretAgentMan2|television_theme_songs - family circus|TV Themes - Monty Python|u_s_songs - liberty bell march"
diatonic parallel relative fifth,→ fifth (closes),4,5,7,fifth|diatonic|relative|parallel,C# D#sus2 D#m F# C#,Simon & Garfunkel - The Sound of Silence|Rollin STones - Jumping Jack Flash|COUNTRY - hellowalls|john_elton - imstillstanding|UNSORTED - dontyouw
borrowed fifth fifth diatonic,→ diatonic (closes),4,5,8,fifth|diatonic|borrowed,F#7 Dmaj7 A E F#7,The Beatles - Strawberry Fields Forever|Huey Lewis - Power of Love|abdul_paula - opposites attract|COUNTRY - beautdreamer|joel_billy - leningrad
dom7 leadingTone dom7 relative,→ relative (closes),4,5,9,relative|dom7|leadingTone,G C Bdim Em G,police - next to you|prince - sign o the times|Atlantic Starr - i ll remember you|atlantic_starr - i'll remember you|van_halen - and the cradle will rock
diatonic parallel relative tritoneSub,→ tritoneSub (closes),4,5,11,diatonic|relative|parallel|tritoneSub,B A Am C B,soundgarden - black hole sun|Bangles - eternal flame|UNSORTED - bangles eternalf|UNSORTED - eternalf|UNSORTED - FLAME
diatonic relative tritoneSub parallel,→ parallel (closes),4,5,5,diatonic|relative|parallel|tritoneSub,F#m Em G F# F#m,Billy Joel - Just the Way You Are|COUNTRY - anymore|bolton_michael - how am i supposed to live without you|Michael Bolton - how am i supposwithout you|who_the - pinball wizard
diatonic diatonic relative parallel,→ parallel (closes),4,5,13,diatonic|relative|parallel,A Bm C Am A,Sarah McGlachlan - Building A Mystery|Mariah Carey - melt away|COUNTRY - dream|carey_mariah - melt away|Eagles - desperado2 garyrogers
dom7 dom7 relative leadingTone,→ leadingTone (closes),4,5,9,relative|dom7|leadingTone,Bdim E Am C Bdim,christian_music - a mighty fortress is our god|COUNTRY - moonriver|COUNTRY - moonrivr|television_theme_songs - neighbours|UNSORTED - Gary Moore Still Got the Blues
borrowed diatonic parallel diatonic,→ diatonic (closes),4,5,13,diatonic|borrowed|parallel,F A G Gm F,Rod Stewart - Tonights the Night|disney_songs - bare necessities|earth_wind_fire - after the love has gone|Movie Themes - Toy Story|UNSORTED - AFTERTHE
diatonic relative fifth parallel,→ parallel (closes),4,5,5,fifth|diatonic|relative|parallel,A#m Cm D# A# A#m,toto - africa|Genesis - Dance on a Volcano|Genesis - dance on the volcano|UNSORTED - AFRICA|UNSORTED - Toto Africa